solid 
 facet normal -1.000000000000e+00 0.000000000000e+00 0.000000000000e+00
   outer loop
     vertex -1.465000000000e+01 -9.450000000000e+00 7.600000000000e+00
     vertex -1.465000000000e+01 9.450000000000e+00 6.000000000000e+00
     vertex -1.465000000000e+01 -9.450000000000e+00 6.000000000000e+00
   endloop
 endfacet
 facet normal -1.000000000000e+00 0.000000000000e+00 0.000000000000e+00
   outer loop
     vertex -1.465000000000e+01 -9.450000000000e+00 7.600000000000e+00
     vertex -1.465000000000e+01 9.450000000000e+00 7.600000000000e+00
     vertex -1.465000000000e+01 9.450000000000e+00 6.000000000000e+00
   endloop
 endfacet
 facet normal 0.000000000000e+00 -1.000000000000e+00 -0.000000000000e+00
   outer loop
     vertex -1.390000000000e+01 -9.450000000000e+00 7.600000000000e+00
     vertex -1.465000000000e+01 -9.450000000000e+00 6.000000000000e+00
     vertex -1.390000000000e+01 -9.450000000000e+00 6.000000000000e+00
   endloop
 endfacet
 facet normal -0.000000000000e+00 -1.000000000000e+00 0.000000000000e+00
   outer loop
     vertex -1.390000000000e+01 -9.450000000000e+00 7.600000000000e+00
     vertex -1.465000000000e+01 -9.450000000000e+00 7.600000000000e+00
     vertex -1.465000000000e+01 -9.450000000000e+00 6.000000000000e+00
   endloop
 endfacet
 facet normal 0.000000000000e+00 0.000000000000e+00 1.000000000000e+00
   outer loop
     vertex -1.385786563527e+01 -9.102992286783e+00 7.600000000000e+00
     vertex -1.465000000000e+01 -9.450000000000e+00 7.600000000000e+00
     vertex -1.390000000000e+01 -9.450000000000e+00 7.600000000000e+00
   endloop
 endfacet
 facet normal 0.000000000000e+00 0.000000000000e+00 1.000000000000e+00
   outer loop
     vertex -1.373391123720e+01 -8.776151400537e+00 7.600000000000e+00
     vertex -1.465000000000e+01 -9.450000000000e+00 7.600000000000e+00
     vertex -1.385786563527e+01 -9.102992286783e+00 7.600000000000e+00
   endloop
 endfacet
 facet normal 0.000000000000e+00 0.000000000000e+00 1.000000000000e+00
   outer loop
     vertex -1.353534058485e+01 -8.488472145551e+00 7.600000000000e+00
     vertex -1.465000000000e+01 -9.450000000000e+00 7.600000000000e+00
     vertex -1.373391123720e+01 -8.776151400537e+00 7.600000000000e+00
   endloop
 endfacet
 facet normal 0.000000000000e+00 0.000000000000e+00 1.000000000000e+00
   outer loop
     vertex -1.353534058485e+01 8.488472145551e+00 7.600000000000e+00
     vertex -1.465000000000e+01 9.450000000000e+00 7.600000000000e+00
     vertex -1.465000000000e+01 -9.450000000000e+00 7.600000000000e+00
   endloop
 endfacet
 facet normal 0.000000000000e+00 0.000000000000e+00 1.000000000000e+00
   outer loop
     vertex -1.353534058485e+01 8.488472145551e+00 7.600000000000e+00
     vertex -1.465000000000e+01 -9.450000000000e+00 7.600000000000e+00
     vertex -1.353534058485e+01 -8.488472145551e+00 7.600000000000e+00
   endloop
 endfacet
 facet normal 0.000000000000e+00 0.000000000000e+00 1.000000000000e+00
   outer loop
     vertex -1.327369388276e+01 8.256673394454e+00 7.600000000000e+00
     vertex -1.353534058485e+01 -8.488472145551e+00 7.600000000000e+00
     vertex -1.327369388276e+01 -8.256673394454e+00 7.600000000000e+00
   endloop
 endfacet
 facet normal 0.000000000000e+00 0.000000000000e+00 1.000000000000e+00
   outer loop
     vertex -1.327369388276e+01 8.256673394454e+00 7.600000000000e+00
     vertex -1.353534058485e+01 8.488472145551e+00 7.600000000000e+00
     vertex -1.353534058485e+01 -8.488472145551e+00 7.600000000000e+00
   endloop
 endfacet
 facet normal 0.000000000000e+00 0.000000000000e+00 1.000000000000e+00
   outer loop
     vertex -1.373391123720e+01 8.776151400537e+00 7.600000000000e+00
     vertex -1.465000000000e+01 9.450000000000e+00 7.600000000000e+00
     vertex -1.353534058485e+01 8.488472145551e+00 7.600000000000e+00
   endloop
 endfacet
 facet normal 0.000000000000e+00 0.000000000000e+00 1.000000000000e+00
   outer loop
     vertex -1.296417708621e+01 8.094226448106e+00 7.600000000000e+00
     vertex -1.327369388276e+01 -8.256673394454e+00 7.600000000000e+00
     vertex -1.296417708621e+01 -8.094226448106e+00 7.600000000000e+00
   endloop
 endfacet
 facet normal 0.000000000000e+00 0.000000000000e+00 1.000000000000e+00
   outer loop
     vertex -1.296417708621e+01 8.094226448106e+00 7.600000000000e+00
     vertex -1.327369388276e+01 8.256673394454e+00 7.600000000000e+00
     vertex -1.327369388276e+01 -8.256673394454e+00 7.600000000000e+00
   endloop
 endfacet
 facet normal 0.000000000000e+00 0.000000000000e+00 1.000000000000e+00
   outer loop
     vertex -1.385786563527e+01 9.102992286783e+00 7.600000000000e+00
     vertex -1.465000000000e+01 9.450000000000e+00 7.600000000000e+00
     vertex -1.373391123720e+01 8.776151400537e+00 7.600000000000e+00
   endloop
 endfacet
 facet normal 0.000000000000e+00 0.000000000000e+00 1.000000000000e+00
   outer loop
     vertex -1.262477818637e+01 8.010572132558e+00 7.600000000000e+00
     vertex -1.296417708621e+01 -8.094226448106e+00 7.600000000000e+00
     vertex -1.262477818637e+01 -8.010572132558e+00 7.600000000000e+00
   endloop
 endfacet
 facet normal 0.000000000000e+00 0.000000000000e+00 1.000000000000e+00
   outer loop
     vertex -1.262477818637e+01 8.010572132558e+00 7.600000000000e+00
     vertex -1.296417708621e+01 8.094226448106e+00 7.600000000000e+00
     vertex -1.296417708621e+01 -8.094226448106e+00 7.600000000000e+00
   endloop
 endfacet
 facet normal 0.000000000000e+00 0.000000000000e+00 1.000000000000e+00
   outer loop
     vertex -1.390000000000e+01 9.450000000000e+00 7.600000000000e+00
     vertex -1.465000000000e+01 9.450000000000e+00 7.600000000000e+00
     vertex -1.385786563527e+01 9.102992286783e+00 7.600000000000e+00
   endloop
 endfacet
 facet normal 0.000000000000e+00 0.000000000000e+00 1.000000000000e+00
   outer loop
     vertex -1.227522181363e+01 8.010572132558e+00 7.600000000000e+00
     vertex -1.262477818637e+01 -8.010572132558e+00 7.600000000000e+00
     vertex -1.227522181363e+01 -8.010572132558e+00 7.600000000000e+00
   endloop
 endfacet
 facet normal 0.000000000000e+00 0.000000000000e+00 1.000000000000e+00
   outer loop
     vertex -1.227522181363e+01 8.010572132558e+00 7.600000000000e+00
     vertex -1.262477818637e+01 8.010572132558e+00 7.600000000000e+00
     vertex -1.262477818637e+01 -8.010572132558e+00 7.600000000000e+00
   endloop
 endfacet
 facet normal 0.000000000000e+00 0.000000000000e+00 1.000000000000e+00
   outer loop
     vertex -1.193582291379e+01 8.094226448106e+00 7.600000000000e+00
     vertex -1.193582291379e+01 -8.094226448106e+00 7.600000000000e+00
     vertex -1.162630611724e+01 -8.256673394454e+00 7.600000000000e+00
   endloop
 endfacet
 facet normal 0.000000000000e+00 0.000000000000e+00 1.000000000000e+00
   outer loop
     vertex -1.193582291379e+01 8.094226448106e+00 7.600000000000e+00
     vertex -1.227522181363e+01 -8.010572132558e+00 7.600000000000e+00
     vertex -1.193582291379e+01 -8.094226448106e+00 7.600000000000e+00
   endloop
 endfacet
 facet normal 0.000000000000e+00 0.000000000000e+00 1.000000000000e+00
   outer loop
     vertex -1.193582291379e+01 8.094226448106e+00 7.600000000000e+00
     vertex -1.227522181363e+01 8.010572132558e+00 7.600000000000e+00
     vertex -1.227522181363e+01 -8.010572132558e+00 7.600000000000e+00
   endloop
 endfacet
 facet normal 0.000000000000e+00 0.000000000000e+00 1.000000000000e+00
   outer loop
     vertex -1.162630611724e+01 8.256673394454e+00 7.600000000000e+00
     vertex -1.193582291379e+01 8.094226448106e+00 7.600000000000e+00
     vertex -1.162630611724e+01 -8.256673394454e+00 7.600000000000e+00
   endloop
 endfacet
 facet normal 0.000000000000e+00 0.000000000000e+00 1.000000000000e+00
   outer loop
     vertex -1.136465941515e+01 8.488472145551e+00 7.600000000000e+00
     vertex -1.162630611724e+01 8.256673394454e+00 7.600000000000e+00
     vertex -1.162630611724e+01 -8.256673394454e+00 7.600000000000e+00
   endloop
 endfacet
 facet normal 0.000000000000e+00 0.000000000000e+00 1.000000000000e+00
   outer loop
     vertex -1.136465941515e+01 8.488472145551e+00 7.600000000000e+00
     vertex -1.162630611724e+01 -8.256673394454e+00 7.600000000000e+00
     vertex -1.136465941515e+01 -8.488472145551e+00 7.600000000000e+00
   endloop
 endfacet
 facet normal 0.000000000000e+00 0.000000000000e+00 1.000000000000e+00
   outer loop
     vertex 1.220178710219e+01 -7.957471898890e-01 7.600000000000e+00
     vertex -1.100000000000e+01 -9.450000000000e+00 7.600000000000e+00
     vertex 1.465000000000e+01 -9.450000000000e+00 7.600000000000e+00
   endloop
 endfacet
 facet normal 0.000000000000e+00 0.000000000000e+00 1.000000000000e+00
   outer loop
     vertex 1.241832230392e+01 -9.875806390724e-01 7.600000000000e+00
     vertex 1.220178710219e+01 -7.957471898890e-01 7.600000000000e+00
     vertex 1.465000000000e+01 -9.450000000000e+00 7.600000000000e+00
   endloop
 endfacet
 facet normal 0.000000000000e+00 0.000000000000e+00 1.000000000000e+00
   outer loop
     vertex 1.203745276922e+01 -5.576678064525e-01 7.600000000000e+00
     vertex -1.104213436473e+01 -9.102992286783e+00 7.600000000000e+00
     vertex -1.100000000000e+01 -9.450000000000e+00 7.600000000000e+00
   endloop
 endfacet
 facet normal 0.000000000000e+00 0.000000000000e+00 1.000000000000e+00
   outer loop
     vertex 1.203745276922e+01 -5.576678064525e-01 7.600000000000e+00
     vertex -1.100000000000e+01 -9.450000000000e+00 7.600000000000e+00
     vertex 1.220178710219e+01 -7.957471898890e-01 7.600000000000e+00
   endloop
 endfacet
 facet normal 0.000000000000e+00 0.000000000000e+00 1.000000000000e+00
   outer loop
     vertex 1.267447413555e+01 -1.122019491222e+00 7.600000000000e+00
     vertex 1.241832230392e+01 -9.875806390724e-01 7.600000000000e+00
     vertex 1.465000000000e+01 -9.450000000000e+00 7.600000000000e+00
   endloop
 endfacet
 facet normal 0.000000000000e+00 0.000000000000e+00 1.000000000000e+00
   outer loop
     vertex 1.193486981909e+01 -2.871787971451e-01 7.600000000000e+00
     vertex -1.116608876280e+01 -8.776151400537e+00 7.600000000000e+00
     vertex -1.104213436473e+01 -9.102992286783e+00 7.600000000000e+00
   endloop
 endfacet
 facet normal 0.000000000000e+00 0.000000000000e+00 1.000000000000e+00
   outer loop
     vertex 1.193486981909e+01 -2.871787971451e-01 7.600000000000e+00
     vertex -1.104213436473e+01 -9.102992286783e+00 7.600000000000e+00
     vertex 1.203745276922e+01 -5.576678064525e-01 7.600000000000e+00
   endloop
 endfacet
 facet normal 0.000000000000e+00 0.000000000000e+00 1.000000000000e+00
   outer loop
     vertex 1.295535598369e+01 -1.191250648918e+00 7.600000000000e+00
     vertex 1.267447413555e+01 -1.122019491222e+00 7.600000000000e+00
     vertex 1.465000000000e+01 -9.450000000000e+00 7.600000000000e+00
   endloop
 endfacet
 facet normal 0.000000000000e+00 0.000000000000e+00 1.000000000000e+00
   outer loop
     vertex 1.190000000000e+01 1.212771719538e-15 7.600000000000e+00
     vertex -1.116608876280e+01 8.776151400537e+00 7.600000000000e+00
     vertex -1.136465941515e+01 8.488472145551e+00 7.600000000000e+00
   endloop
 endfacet
 facet normal 0.000000000000e+00 0.000000000000e+00 1.000000000000e+00
   outer loop
     vertex 1.190000000000e+01 1.212771719538e-15 7.600000000000e+00
     vertex -1.136465941515e+01 8.488472145551e+00 7.600000000000e+00
     vertex -1.136465941515e+01 -8.488472145551e+00 7.600000000000e+00
   endloop
 endfacet
 facet normal 0.000000000000e+00 0.000000000000e+00 1.000000000000e+00
   outer loop
     vertex 1.190000000000e+01 1.212771719538e-15 7.600000000000e+00
     vertex -1.136465941515e+01 -8.488472145551e+00 7.600000000000e+00
     vertex -1.116608876280e+01 -8.776151400537e+00 7.600000000000e+00
   endloop
 endfacet
 facet normal 0.000000000000e+00 0.000000000000e+00 1.000000000000e+00
   outer loop
     vertex 1.190000000000e+01 1.212771719538e-15 7.600000000000e+00
     vertex -1.116608876280e+01 -8.776151400537e+00 7.600000000000e+00
     vertex 1.193486981909e+01 -2.871787971451e-01 7.600000000000e+00
   endloop
 endfacet
 facet normal 0.000000000000e+00 0.000000000000e+00 1.000000000000e+00
   outer loop
     vertex 1.324464401631e+01 -1.191250648918e+00 7.600000000000e+00
     vertex 1.295535598369e+01 -1.191250648918e+00 7.600000000000e+00
     vertex 1.465000000000e+01 -9.450000000000e+00 7.600000000000e+00
   endloop
 endfacet
 facet normal 0.000000000000e+00 0.000000000000e+00 1.000000000000e+00
   outer loop
     vertex 1.193486981909e+01 2.871787971451e-01 7.600000000000e+00
     vertex -1.104213436473e+01 9.102992286783e+00 7.600000000000e+00
     vertex -1.116608876280e+01 8.776151400537e+00 7.600000000000e+00
   endloop
 endfacet
 facet normal 0.000000000000e+00 0.000000000000e+00 1.000000000000e+00
   outer loop
     vertex 1.193486981909e+01 2.871787971451e-01 7.600000000000e+00
     vertex -1.116608876280e+01 8.776151400537e+00 7.600000000000e+00
     vertex 1.190000000000e+01 1.212771719538e-15 7.600000000000e+00
   endloop
 endfacet
 facet normal 0.000000000000e+00 0.000000000000e+00 1.000000000000e+00
   outer loop
     vertex 1.352552586445e+01 -1.122019491222e+00 7.600000000000e+00
     vertex 1.324464401631e+01 -1.191250648918e+00 7.600000000000e+00
     vertex 1.465000000000e+01 -9.450000000000e+00 7.600000000000e+00
   endloop
 endfacet
 facet normal 0.000000000000e+00 0.000000000000e+00 1.000000000000e+00
   outer loop
     vertex 1.203745276922e+01 5.576678064525e-01 7.600000000000e+00
     vertex -1.100000000000e+01 9.450000000000e+00 7.600000000000e+00
     vertex -1.104213436473e+01 9.102992286783e+00 7.600000000000e+00
   endloop
 endfacet
 facet normal 0.000000000000e+00 0.000000000000e+00 1.000000000000e+00
   outer loop
     vertex 1.203745276922e+01 5.576678064525e-01 7.600000000000e+00
     vertex -1.104213436473e+01 9.102992286783e+00 7.600000000000e+00
     vertex 1.193486981909e+01 2.871787971451e-01 7.600000000000e+00
   endloop
 endfacet
 facet normal 0.000000000000e+00 0.000000000000e+00 1.000000000000e+00
   outer loop
     vertex 1.378167769608e+01 -9.875806390724e-01 7.600000000000e+00
     vertex 1.352552586445e+01 -1.122019491222e+00 7.600000000000e+00
     vertex 1.465000000000e+01 -9.450000000000e+00 7.600000000000e+00
   endloop
 endfacet
 facet normal 0.000000000000e+00 0.000000000000e+00 1.000000000000e+00
   outer loop
     vertex 1.220178710219e+01 7.957471898890e-01 7.600000000000e+00
     vertex -1.100000000000e+01 9.450000000000e+00 7.600000000000e+00
     vertex 1.203745276922e+01 5.576678064525e-01 7.600000000000e+00
   endloop
 endfacet
 facet normal 0.000000000000e+00 0.000000000000e+00 1.000000000000e+00
   outer loop
     vertex 1.399821289781e+01 -7.957471898890e-01 7.600000000000e+00
     vertex 1.378167769608e+01 -9.875806390724e-01 7.600000000000e+00
     vertex 1.465000000000e+01 -9.450000000000e+00 7.600000000000e+00
   endloop
 endfacet
 facet normal 0.000000000000e+00 0.000000000000e+00 1.000000000000e+00
   outer loop
     vertex 1.416254723078e+01 -5.576678064525e-01 7.600000000000e+00
     vertex 1.399821289781e+01 -7.957471898890e-01 7.600000000000e+00
     vertex 1.465000000000e+01 -9.450000000000e+00 7.600000000000e+00
   endloop
 endfacet
 facet normal 0.000000000000e+00 0.000000000000e+00 1.000000000000e+00
   outer loop
     vertex 1.426513018091e+01 -2.871787971451e-01 7.600000000000e+00
     vertex 1.416254723078e+01 -5.576678064525e-01 7.600000000000e+00
     vertex 1.465000000000e+01 -9.450000000000e+00 7.600000000000e+00
   endloop
 endfacet
 facet normal 0.000000000000e+00 0.000000000000e+00 1.000000000000e+00
   outer loop
     vertex 1.430000000000e+01 -2.939152317954e-16 7.600000000000e+00
     vertex 1.426513018091e+01 -2.871787971451e-01 7.600000000000e+00
     vertex 1.465000000000e+01 -9.450000000000e+00 7.600000000000e+00
   endloop
 endfacet
 facet normal 0.000000000000e+00 0.000000000000e+00 1.000000000000e+00
   outer loop
     vertex 1.465000000000e+01 9.450000000000e+00 7.600000000000e+00
     vertex 1.426513018091e+01 2.871787971451e-01 7.600000000000e+00
     vertex 1.430000000000e+01 -2.939152317954e-16 7.600000000000e+00
   endloop
 endfacet
 facet normal 0.000000000000e+00 0.000000000000e+00 1.000000000000e+00
   outer loop
     vertex 1.465000000000e+01 9.450000000000e+00 7.600000000000e+00
     vertex 1.416254723078e+01 5.576678064525e-01 7.600000000000e+00
     vertex 1.426513018091e+01 2.871787971451e-01 7.600000000000e+00
   endloop
 endfacet
 facet normal 0.000000000000e+00 0.000000000000e+00 1.000000000000e+00
   outer loop
     vertex 1.465000000000e+01 9.450000000000e+00 7.600000000000e+00
     vertex 1.399821289781e+01 7.957471898890e-01 7.600000000000e+00
     vertex 1.416254723078e+01 5.576678064525e-01 7.600000000000e+00
   endloop
 endfacet
 facet normal 0.000000000000e+00 0.000000000000e+00 1.000000000000e+00
   outer loop
     vertex 1.465000000000e+01 9.450000000000e+00 7.600000000000e+00
     vertex 1.378167769608e+01 9.875806390724e-01 7.600000000000e+00
     vertex 1.399821289781e+01 7.957471898890e-01 7.600000000000e+00
   endloop
 endfacet
 facet normal 0.000000000000e+00 0.000000000000e+00 1.000000000000e+00
   outer loop
     vertex 1.465000000000e+01 9.450000000000e+00 7.600000000000e+00
     vertex 1.352552586445e+01 1.122019491222e+00 7.600000000000e+00
     vertex 1.378167769608e+01 9.875806390724e-01 7.600000000000e+00
   endloop
 endfacet
 facet normal 0.000000000000e+00 0.000000000000e+00 1.000000000000e+00
   outer loop
     vertex 1.465000000000e+01 9.450000000000e+00 7.600000000000e+00
     vertex 1.324464401631e+01 1.191250648918e+00 7.600000000000e+00
     vertex 1.352552586445e+01 1.122019491222e+00 7.600000000000e+00
   endloop
 endfacet
 facet normal 0.000000000000e+00 0.000000000000e+00 1.000000000000e+00
   outer loop
     vertex 1.465000000000e+01 9.450000000000e+00 7.600000000000e+00
     vertex -1.100000000000e+01 9.450000000000e+00 7.600000000000e+00
     vertex 1.220178710219e+01 7.957471898890e-01 7.600000000000e+00
   endloop
 endfacet
 facet normal 0.000000000000e+00 0.000000000000e+00 1.000000000000e+00
   outer loop
     vertex 1.465000000000e+01 9.450000000000e+00 7.600000000000e+00
     vertex 1.295535598369e+01 1.191250648918e+00 7.600000000000e+00
     vertex 1.324464401631e+01 1.191250648918e+00 7.600000000000e+00
   endloop
 endfacet
 facet normal 0.000000000000e+00 0.000000000000e+00 1.000000000000e+00
   outer loop
     vertex 1.465000000000e+01 9.450000000000e+00 7.600000000000e+00
     vertex 1.267447413555e+01 1.122019491222e+00 7.600000000000e+00
     vertex 1.295535598369e+01 1.191250648918e+00 7.600000000000e+00
   endloop
 endfacet
 facet normal 0.000000000000e+00 0.000000000000e+00 1.000000000000e+00
   outer loop
     vertex 1.465000000000e+01 9.450000000000e+00 7.600000000000e+00
     vertex 1.241832230392e+01 9.875806390724e-01 7.600000000000e+00
     vertex 1.267447413555e+01 1.122019491222e+00 7.600000000000e+00
   endloop
 endfacet
 facet normal 0.000000000000e+00 0.000000000000e+00 1.000000000000e+00
   outer loop
     vertex 1.465000000000e+01 9.450000000000e+00 7.600000000000e+00
     vertex 1.220178710219e+01 7.957471898890e-01 7.600000000000e+00
     vertex 1.241832230392e+01 9.875806390724e-01 7.600000000000e+00
   endloop
 endfacet
 facet normal 0.000000000000e+00 -0.000000000000e+00 1.000000000000e+00
   outer loop
     vertex 1.465000000000e+01 -9.450000000000e+00 7.600000000000e+00
     vertex 1.465000000000e+01 9.450000000000e+00 7.600000000000e+00
     vertex 1.430000000000e+01 -2.939152317954e-16 7.600000000000e+00
   endloop
 endfacet
 facet normal 0.000000000000e+00 1.000000000000e+00 0.000000000000e+00
   outer loop
     vertex -1.390000000000e+01 9.450000000000e+00 7.600000000000e+00
     vertex -1.390000000000e+01 9.450000000000e+00 6.000000000000e+00
     vertex -1.465000000000e+01 9.450000000000e+00 6.000000000000e+00
   endloop
 endfacet
 facet normal 0.000000000000e+00 1.000000000000e+00 0.000000000000e+00
   outer loop
     vertex -1.390000000000e+01 9.450000000000e+00 7.600000000000e+00
     vertex -1.465000000000e+01 9.450000000000e+00 6.000000000000e+00
     vertex -1.465000000000e+01 9.450000000000e+00 7.600000000000e+00
   endloop
 endfacet
 facet normal 0.000000000000e+00 0.000000000000e+00 -1.000000000000e+00
   outer loop
     vertex -1.385786563527e+01 -9.102992286783e+00 6.000000000000e+00
     vertex -1.390000000000e+01 -9.450000000000e+00 6.000000000000e+00
     vertex -1.465000000000e+01 -9.450000000000e+00 6.000000000000e+00
   endloop
 endfacet
 facet normal 0.000000000000e+00 0.000000000000e+00 -1.000000000000e+00
   outer loop
     vertex -1.373391123720e+01 -8.776151400537e+00 6.000000000000e+00
     vertex -1.385786563527e+01 -9.102992286783e+00 6.000000000000e+00
     vertex -1.465000000000e+01 -9.450000000000e+00 6.000000000000e+00
   endloop
 endfacet
 facet normal 0.000000000000e+00 0.000000000000e+00 -1.000000000000e+00
   outer loop
     vertex -1.353534058485e+01 -8.488472145551e+00 6.000000000000e+00
     vertex -1.373391123720e+01 -8.776151400537e+00 6.000000000000e+00
     vertex -1.465000000000e+01 -9.450000000000e+00 6.000000000000e+00
   endloop
 endfacet
 facet normal -0.000000000000e+00 0.000000000000e+00 -1.000000000000e+00
   outer loop
     vertex -1.353534058485e+01 8.488472145551e+00 6.000000000000e+00
     vertex -1.465000000000e+01 -9.450000000000e+00 6.000000000000e+00
     vertex -1.465000000000e+01 9.450000000000e+00 6.000000000000e+00
   endloop
 endfacet
 facet normal 0.000000000000e+00 -0.000000000000e+00 -1.000000000000e+00
   outer loop
     vertex -1.353534058485e+01 8.488472145551e+00 6.000000000000e+00
     vertex -1.353534058485e+01 -8.488472145551e+00 6.000000000000e+00
     vertex -1.465000000000e+01 -9.450000000000e+00 6.000000000000e+00
   endloop
 endfacet
 facet normal 0.000000000000e+00 -0.000000000000e+00 -1.000000000000e+00
   outer loop
     vertex -1.327369388276e+01 8.256673394454e+00 6.000000000000e+00
     vertex -1.327369388276e+01 -8.256673394454e+00 6.000000000000e+00
     vertex -1.353534058485e+01 -8.488472145551e+00 6.000000000000e+00
   endloop
 endfacet
 facet normal -0.000000000000e+00 0.000000000000e+00 -1.000000000000e+00
   outer loop
     vertex -1.327369388276e+01 8.256673394454e+00 6.000000000000e+00
     vertex -1.353534058485e+01 -8.488472145551e+00 6.000000000000e+00
     vertex -1.353534058485e+01 8.488472145551e+00 6.000000000000e+00
   endloop
 endfacet
 facet normal -0.000000000000e+00 -0.000000000000e+00 -1.000000000000e+00
   outer loop
     vertex -1.373391123720e+01 8.776151400537e+00 6.000000000000e+00
     vertex -1.353534058485e+01 8.488472145551e+00 6.000000000000e+00
     vertex -1.465000000000e+01 9.450000000000e+00 6.000000000000e+00
   endloop
 endfacet
 facet normal 0.000000000000e+00 -0.000000000000e+00 -1.000000000000e+00
   outer loop
     vertex -1.296417708621e+01 8.094226448106e+00 6.000000000000e+00
     vertex -1.296417708621e+01 -8.094226448106e+00 6.000000000000e+00
     vertex -1.327369388276e+01 -8.256673394454e+00 6.000000000000e+00
   endloop
 endfacet
 facet normal -0.000000000000e+00 0.000000000000e+00 -1.000000000000e+00
   outer loop
     vertex -1.296417708621e+01 8.094226448106e+00 6.000000000000e+00
     vertex -1.327369388276e+01 -8.256673394454e+00 6.000000000000e+00
     vertex -1.327369388276e+01 8.256673394454e+00 6.000000000000e+00
   endloop
 endfacet
 facet normal -0.000000000000e+00 -0.000000000000e+00 -1.000000000000e+00
   outer loop
     vertex -1.385786563527e+01 9.102992286783e+00 6.000000000000e+00
     vertex -1.373391123720e+01 8.776151400537e+00 6.000000000000e+00
     vertex -1.465000000000e+01 9.450000000000e+00 6.000000000000e+00
   endloop
 endfacet
 facet normal 0.000000000000e+00 -0.000000000000e+00 -1.000000000000e+00
   outer loop
     vertex -1.262477818637e+01 8.010572132558e+00 6.000000000000e+00
     vertex -1.262477818637e+01 -8.010572132558e+00 6.000000000000e+00
     vertex -1.296417708621e+01 -8.094226448106e+00 6.000000000000e+00
   endloop
 endfacet
 facet normal -0.000000000000e+00 0.000000000000e+00 -1.000000000000e+00
   outer loop
     vertex -1.262477818637e+01 8.010572132558e+00 6.000000000000e+00
     vertex -1.296417708621e+01 -8.094226448106e+00 6.000000000000e+00
     vertex -1.296417708621e+01 8.094226448106e+00 6.000000000000e+00
   endloop
 endfacet
 facet normal -0.000000000000e+00 -0.000000000000e+00 -1.000000000000e+00
   outer loop
     vertex -1.390000000000e+01 9.450000000000e+00 6.000000000000e+00
     vertex -1.385786563527e+01 9.102992286783e+00 6.000000000000e+00
     vertex -1.465000000000e+01 9.450000000000e+00 6.000000000000e+00
   endloop
 endfacet
 facet normal 0.000000000000e+00 -0.000000000000e+00 -1.000000000000e+00
   outer loop
     vertex -1.227522181363e+01 8.010572132558e+00 6.000000000000e+00
     vertex -1.227522181363e+01 -8.010572132558e+00 6.000000000000e+00
     vertex -1.262477818637e+01 -8.010572132558e+00 6.000000000000e+00
   endloop
 endfacet
 facet normal -0.000000000000e+00 0.000000000000e+00 -1.000000000000e+00
   outer loop
     vertex -1.227522181363e+01 8.010572132558e+00 6.000000000000e+00
     vertex -1.262477818637e+01 -8.010572132558e+00 6.000000000000e+00
     vertex -1.262477818637e+01 8.010572132558e+00 6.000000000000e+00
   endloop
 endfacet
 facet normal 0.000000000000e+00 0.000000000000e+00 -1.000000000000e+00
   outer loop
     vertex -1.193582291379e+01 8.094226448106e+00 6.000000000000e+00
     vertex -1.162630611724e+01 -8.256673394454e+00 6.000000000000e+00
     vertex -1.193582291379e+01 -8.094226448106e+00 6.000000000000e+00
   endloop
 endfacet
 facet normal 0.000000000000e+00 -0.000000000000e+00 -1.000000000000e+00
   outer loop
     vertex -1.193582291379e+01 8.094226448106e+00 6.000000000000e+00
     vertex -1.193582291379e+01 -8.094226448106e+00 6.000000000000e+00
     vertex -1.227522181363e+01 -8.010572132558e+00 6.000000000000e+00
   endloop
 endfacet
 facet normal 0.000000000000e+00 0.000000000000e+00 -1.000000000000e+00
   outer loop
     vertex -1.193582291379e+01 8.094226448106e+00 6.000000000000e+00
     vertex -1.227522181363e+01 -8.010572132558e+00 6.000000000000e+00
     vertex -1.227522181363e+01 8.010572132558e+00 6.000000000000e+00
   endloop
 endfacet
 facet normal 0.000000000000e+00 -0.000000000000e+00 -1.000000000000e+00
   outer loop
     vertex -1.162630611724e+01 8.256673394454e+00 6.000000000000e+00
     vertex -1.162630611724e+01 -8.256673394454e+00 6.000000000000e+00
     vertex -1.193582291379e+01 8.094226448106e+00 6.000000000000e+00
   endloop
 endfacet
 facet normal 0.000000000000e+00 0.000000000000e+00 -1.000000000000e+00
   outer loop
     vertex -1.136465941515e+01 8.488472145551e+00 6.000000000000e+00
     vertex -1.162630611724e+01 -8.256673394454e+00 6.000000000000e+00
     vertex -1.162630611724e+01 8.256673394454e+00 6.000000000000e+00
   endloop
 endfacet
 facet normal 0.000000000000e+00 -0.000000000000e+00 -1.000000000000e+00
   outer loop
     vertex -1.136465941515e+01 8.488472145551e+00 6.000000000000e+00
     vertex -1.136465941515e+01 -8.488472145551e+00 6.000000000000e+00
     vertex -1.162630611724e+01 -8.256673394454e+00 6.000000000000e+00
   endloop
 endfacet
 facet normal 0.000000000000e+00 -0.000000000000e+00 -1.000000000000e+00
   outer loop
     vertex 1.220178710219e+01 -7.957471898890e-01 6.000000000000e+00
     vertex 1.465000000000e+01 -9.450000000000e+00 6.000000000000e+00
     vertex -1.100000000000e+01 -9.450000000000e+00 6.000000000000e+00
   endloop
 endfacet
 facet normal -0.000000000000e+00 -0.000000000000e+00 -1.000000000000e+00
   outer loop
     vertex 1.241832230392e+01 -9.875806390724e-01 6.000000000000e+00
     vertex 1.465000000000e+01 -9.450000000000e+00 6.000000000000e+00
     vertex 1.220178710219e+01 -7.957471898890e-01 6.000000000000e+00
   endloop
 endfacet
 facet normal 0.000000000000e+00 0.000000000000e+00 -1.000000000000e+00
   outer loop
     vertex 1.203745276922e+01 -5.576678064525e-01 6.000000000000e+00
     vertex -1.100000000000e+01 -9.450000000000e+00 6.000000000000e+00
     vertex -1.104213436473e+01 -9.102992286783e+00 6.000000000000e+00
   endloop
 endfacet
 facet normal 0.000000000000e+00 -0.000000000000e+00 -1.000000000000e+00
   outer loop
     vertex 1.203745276922e+01 -5.576678064525e-01 6.000000000000e+00
     vertex 1.220178710219e+01 -7.957471898890e-01 6.000000000000e+00
     vertex -1.100000000000e+01 -9.450000000000e+00 6.000000000000e+00
   endloop
 endfacet
 facet normal -0.000000000000e+00 -0.000000000000e+00 -1.000000000000e+00
   outer loop
     vertex 1.267447413555e+01 -1.122019491222e+00 6.000000000000e+00
     vertex 1.465000000000e+01 -9.450000000000e+00 6.000000000000e+00
     vertex 1.241832230392e+01 -9.875806390724e-01 6.000000000000e+00
   endloop
 endfacet
 facet normal 0.000000000000e+00 0.000000000000e+00 -1.000000000000e+00
   outer loop
     vertex 1.193486981909e+01 -2.871787971451e-01 6.000000000000e+00
     vertex -1.104213436473e+01 -9.102992286783e+00 6.000000000000e+00
     vertex -1.116608876280e+01 -8.776151400537e+00 6.000000000000e+00
   endloop
 endfacet
 facet normal 0.000000000000e+00 -0.000000000000e+00 -1.000000000000e+00
   outer loop
     vertex 1.193486981909e+01 -2.871787971451e-01 6.000000000000e+00
     vertex 1.203745276922e+01 -5.576678064525e-01 6.000000000000e+00
     vertex -1.104213436473e+01 -9.102992286783e+00 6.000000000000e+00
   endloop
 endfacet
 facet normal -0.000000000000e+00 -0.000000000000e+00 -1.000000000000e+00
   outer loop
     vertex 1.295535598369e+01 -1.191250648918e+00 6.000000000000e+00
     vertex 1.465000000000e+01 -9.450000000000e+00 6.000000000000e+00
     vertex 1.267447413555e+01 -1.122019491222e+00 6.000000000000e+00
   endloop
 endfacet
 facet normal 0.000000000000e+00 0.000000000000e+00 -1.000000000000e+00
   outer loop
     vertex 1.190000000000e+01 1.212771719538e-15 6.000000000000e+00
     vertex -1.136465941515e+01 8.488472145551e+00 6.000000000000e+00
     vertex -1.116608876280e+01 8.776151400537e+00 6.000000000000e+00
   endloop
 endfacet
 facet normal -0.000000000000e+00 0.000000000000e+00 -1.000000000000e+00
   outer loop
     vertex 1.190000000000e+01 1.212771719538e-15 6.000000000000e+00
     vertex -1.136465941515e+01 -8.488472145551e+00 6.000000000000e+00
     vertex -1.136465941515e+01 8.488472145551e+00 6.000000000000e+00
   endloop
 endfacet
 facet normal 0.000000000000e+00 0.000000000000e+00 -1.000000000000e+00
   outer loop
     vertex 1.190000000000e+01 1.212771719538e-15 6.000000000000e+00
     vertex -1.116608876280e+01 -8.776151400537e+00 6.000000000000e+00
     vertex -1.136465941515e+01 -8.488472145551e+00 6.000000000000e+00
   endloop
 endfacet
 facet normal 0.000000000000e+00 -0.000000000000e+00 -1.000000000000e+00
   outer loop
     vertex 1.190000000000e+01 1.212771719538e-15 6.000000000000e+00
     vertex 1.193486981909e+01 -2.871787971451e-01 6.000000000000e+00
     vertex -1.116608876280e+01 -8.776151400537e+00 6.000000000000e+00
   endloop
 endfacet
 facet normal -0.000000000000e+00 -0.000000000000e+00 -1.000000000000e+00
   outer loop
     vertex 1.324464401631e+01 -1.191250648918e+00 6.000000000000e+00
     vertex 1.465000000000e+01 -9.450000000000e+00 6.000000000000e+00
     vertex 1.295535598369e+01 -1.191250648918e+00 6.000000000000e+00
   endloop
 endfacet
 facet normal 0.000000000000e+00 0.000000000000e+00 -1.000000000000e+00
   outer loop
     vertex 1.193486981909e+01 2.871787971451e-01 6.000000000000e+00
     vertex -1.116608876280e+01 8.776151400537e+00 6.000000000000e+00
     vertex -1.104213436473e+01 9.102992286783e+00 6.000000000000e+00
   endloop
 endfacet
 facet normal -0.000000000000e+00 0.000000000000e+00 -1.000000000000e+00
   outer loop
     vertex 1.193486981909e+01 2.871787971451e-01 6.000000000000e+00
     vertex 1.190000000000e+01 1.212771719538e-15 6.000000000000e+00
     vertex -1.116608876280e+01 8.776151400537e+00 6.000000000000e+00
   endloop
 endfacet
 facet normal 0.000000000000e+00 -0.000000000000e+00 -1.000000000000e+00
   outer loop
     vertex 1.352552586445e+01 -1.122019491222e+00 6.000000000000e+00
     vertex 1.465000000000e+01 -9.450000000000e+00 6.000000000000e+00
     vertex 1.324464401631e+01 -1.191250648918e+00 6.000000000000e+00
   endloop
 endfacet
 facet normal 0.000000000000e+00 0.000000000000e+00 -1.000000000000e+00
   outer loop
     vertex 1.203745276922e+01 5.576678064525e-01 6.000000000000e+00
     vertex -1.104213436473e+01 9.102992286783e+00 6.000000000000e+00
     vertex -1.100000000000e+01 9.450000000000e+00 6.000000000000e+00
   endloop
 endfacet
 facet normal -0.000000000000e+00 0.000000000000e+00 -1.000000000000e+00
   outer loop
     vertex 1.203745276922e+01 5.576678064525e-01 6.000000000000e+00
     vertex 1.193486981909e+01 2.871787971451e-01 6.000000000000e+00
     vertex -1.104213436473e+01 9.102992286783e+00 6.000000000000e+00
   endloop
 endfacet
 facet normal 0.000000000000e+00 -0.000000000000e+00 -1.000000000000e+00
   outer loop
     vertex 1.378167769608e+01 -9.875806390724e-01 6.000000000000e+00
     vertex 1.465000000000e+01 -9.450000000000e+00 6.000000000000e+00
     vertex 1.352552586445e+01 -1.122019491222e+00 6.000000000000e+00
   endloop
 endfacet
 facet normal -0.000000000000e+00 0.000000000000e+00 -1.000000000000e+00
   outer loop
     vertex 1.220178710219e+01 7.957471898890e-01 6.000000000000e+00
     vertex 1.203745276922e+01 5.576678064525e-01 6.000000000000e+00
     vertex -1.100000000000e+01 9.450000000000e+00 6.000000000000e+00
   endloop
 endfacet
 facet normal 0.000000000000e+00 -0.000000000000e+00 -1.000000000000e+00
   outer loop
     vertex 1.399821289781e+01 -7.957471898890e-01 6.000000000000e+00
     vertex 1.465000000000e+01 -9.450000000000e+00 6.000000000000e+00
     vertex 1.378167769608e+01 -9.875806390724e-01 6.000000000000e+00
   endloop
 endfacet
 facet normal 0.000000000000e+00 -0.000000000000e+00 -1.000000000000e+00
   outer loop
     vertex 1.416254723078e+01 -5.576678064525e-01 6.000000000000e+00
     vertex 1.465000000000e+01 -9.450000000000e+00 6.000000000000e+00
     vertex 1.399821289781e+01 -7.957471898890e-01 6.000000000000e+00
   endloop
 endfacet
 facet normal 0.000000000000e+00 -0.000000000000e+00 -1.000000000000e+00
   outer loop
     vertex 1.426513018091e+01 -2.871787971451e-01 6.000000000000e+00
     vertex 1.465000000000e+01 -9.450000000000e+00 6.000000000000e+00
     vertex 1.416254723078e+01 -5.576678064525e-01 6.000000000000e+00
   endloop
 endfacet
 facet normal 0.000000000000e+00 -0.000000000000e+00 -1.000000000000e+00
   outer loop
     vertex 1.430000000000e+01 -2.939152317954e-16 6.000000000000e+00
     vertex 1.465000000000e+01 -9.450000000000e+00 6.000000000000e+00
     vertex 1.426513018091e+01 -2.871787971451e-01 6.000000000000e+00
   endloop
 endfacet
 facet normal 0.000000000000e+00 0.000000000000e+00 -1.000000000000e+00
   outer loop
     vertex 1.465000000000e+01 9.450000000000e+00 6.000000000000e+00
     vertex 1.430000000000e+01 -2.939152317954e-16 6.000000000000e+00
     vertex 1.426513018091e+01 2.871787971451e-01 6.000000000000e+00
   endloop
 endfacet
 facet normal 0.000000000000e+00 0.000000000000e+00 -1.000000000000e+00
   outer loop
     vertex 1.465000000000e+01 9.450000000000e+00 6.000000000000e+00
     vertex 1.426513018091e+01 2.871787971451e-01 6.000000000000e+00
     vertex 1.416254723078e+01 5.576678064525e-01 6.000000000000e+00
   endloop
 endfacet
 facet normal 0.000000000000e+00 0.000000000000e+00 -1.000000000000e+00
   outer loop
     vertex 1.465000000000e+01 9.450000000000e+00 6.000000000000e+00
     vertex 1.416254723078e+01 5.576678064525e-01 6.000000000000e+00
     vertex 1.399821289781e+01 7.957471898890e-01 6.000000000000e+00
   endloop
 endfacet
 facet normal 0.000000000000e+00 0.000000000000e+00 -1.000000000000e+00
   outer loop
     vertex 1.465000000000e+01 9.450000000000e+00 6.000000000000e+00
     vertex 1.399821289781e+01 7.957471898890e-01 6.000000000000e+00
     vertex 1.378167769608e+01 9.875806390724e-01 6.000000000000e+00
   endloop
 endfacet
 facet normal 0.000000000000e+00 0.000000000000e+00 -1.000000000000e+00
   outer loop
     vertex 1.465000000000e+01 9.450000000000e+00 6.000000000000e+00
     vertex 1.378167769608e+01 9.875806390724e-01 6.000000000000e+00
     vertex 1.352552586445e+01 1.122019491222e+00 6.000000000000e+00
   endloop
 endfacet
 facet normal 0.000000000000e+00 0.000000000000e+00 -1.000000000000e+00
   outer loop
     vertex 1.465000000000e+01 9.450000000000e+00 6.000000000000e+00
     vertex 1.352552586445e+01 1.122019491222e+00 6.000000000000e+00
     vertex 1.324464401631e+01 1.191250648918e+00 6.000000000000e+00
   endloop
 endfacet
 facet normal -0.000000000000e+00 0.000000000000e+00 -1.000000000000e+00
   outer loop
     vertex 1.465000000000e+01 9.450000000000e+00 6.000000000000e+00
     vertex 1.220178710219e+01 7.957471898890e-01 6.000000000000e+00
     vertex -1.100000000000e+01 9.450000000000e+00 6.000000000000e+00
   endloop
 endfacet
 facet normal 0.000000000000e+00 0.000000000000e+00 -1.000000000000e+00
   outer loop
     vertex 1.465000000000e+01 9.450000000000e+00 6.000000000000e+00
     vertex 1.324464401631e+01 1.191250648918e+00 6.000000000000e+00
     vertex 1.295535598369e+01 1.191250648918e+00 6.000000000000e+00
   endloop
 endfacet
 facet normal 0.000000000000e+00 0.000000000000e+00 -1.000000000000e+00
   outer loop
     vertex 1.465000000000e+01 9.450000000000e+00 6.000000000000e+00
     vertex 1.295535598369e+01 1.191250648918e+00 6.000000000000e+00
     vertex 1.267447413555e+01 1.122019491222e+00 6.000000000000e+00
   endloop
 endfacet
 facet normal 0.000000000000e+00 0.000000000000e+00 -1.000000000000e+00
   outer loop
     vertex 1.465000000000e+01 9.450000000000e+00 6.000000000000e+00
     vertex 1.267447413555e+01 1.122019491222e+00 6.000000000000e+00
     vertex 1.241832230392e+01 9.875806390724e-01 6.000000000000e+00
   endloop
 endfacet
 facet normal 0.000000000000e+00 0.000000000000e+00 -1.000000000000e+00
   outer loop
     vertex 1.465000000000e+01 9.450000000000e+00 6.000000000000e+00
     vertex 1.241832230392e+01 9.875806390724e-01 6.000000000000e+00
     vertex 1.220178710219e+01 7.957471898890e-01 6.000000000000e+00
   endloop
 endfacet
 facet normal 0.000000000000e+00 0.000000000000e+00 -1.000000000000e+00
   outer loop
     vertex 1.465000000000e+01 -9.450000000000e+00 6.000000000000e+00
     vertex 1.430000000000e+01 -2.939152317954e-16 6.000000000000e+00
     vertex 1.465000000000e+01 9.450000000000e+00 6.000000000000e+00
   endloop
 endfacet
 facet normal -9.927088740981e-01 -1.205366802553e-01 0.000000000000e+00
   outer loop
     vertex -1.104213436473e+01 -9.102992286783e+00 7.600000000000e+00
     vertex -1.100000000000e+01 -9.450000000000e+00 6.000000000000e+00
     vertex -1.100000000000e+01 -9.450000000000e+00 7.600000000000e+00
   endloop
 endfacet
 facet normal -9.927088740981e-01 -1.205366802553e-01 -0.000000000000e+00
   outer loop
     vertex -1.104213436473e+01 -9.102992286783e+00 7.600000000000e+00
     vertex -1.104213436473e+01 -9.102992286783e+00 6.000000000000e+00
     vertex -1.100000000000e+01 -9.450000000000e+00 6.000000000000e+00
   endloop
 endfacet
 facet normal -9.350162426854e-01 -3.546048870425e-01 -0.000000000000e+00
   outer loop
     vertex -1.116608876280e+01 -8.776151400537e+00 7.600000000000e+00
     vertex -1.116608876280e+01 -8.776151400537e+00 6.000000000000e+00
     vertex -1.104213436473e+01 -9.102992286783e+00 6.000000000000e+00
   endloop
 endfacet
 facet normal -9.350162426854e-01 -3.546048870425e-01 0.000000000000e+00
   outer loop
     vertex -1.116608876280e+01 -8.776151400537e+00 7.600000000000e+00
     vertex -1.104213436473e+01 -9.102992286783e+00 6.000000000000e+00
     vertex -1.104213436473e+01 -9.102992286783e+00 7.600000000000e+00
   endloop
 endfacet
 facet normal -8.229838658937e-01 -5.680647467312e-01 -0.000000000000e+00
   outer loop
     vertex -1.136465941515e+01 -8.488472145551e+00 7.600000000000e+00
     vertex -1.136465941515e+01 -8.488472145551e+00 6.000000000000e+00
     vertex -1.116608876280e+01 -8.776151400537e+00 6.000000000000e+00
   endloop
 endfacet
 facet normal -8.229838658937e-01 -5.680647467312e-01 0.000000000000e+00
   outer loop
     vertex -1.136465941515e+01 -8.488472145551e+00 7.600000000000e+00
     vertex -1.116608876280e+01 -8.776151400537e+00 6.000000000000e+00
     vertex -1.116608876280e+01 -8.776151400537e+00 7.600000000000e+00
   endloop
 endfacet
 facet normal -6.631226582408e-01 -7.485107481711e-01 -0.000000000000e+00
   outer loop
     vertex -1.162630611724e+01 -8.256673394454e+00 7.600000000000e+00
     vertex -1.162630611724e+01 -8.256673394454e+00 6.000000000000e+00
     vertex -1.136465941515e+01 -8.488472145551e+00 6.000000000000e+00
   endloop
 endfacet
 facet normal -6.631226582408e-01 -7.485107481711e-01 0.000000000000e+00
   outer loop
     vertex -1.162630611724e+01 -8.256673394454e+00 7.600000000000e+00
     vertex -1.136465941515e+01 -8.488472145551e+00 6.000000000000e+00
     vertex -1.136465941515e+01 -8.488472145551e+00 7.600000000000e+00
   endloop
 endfacet
 facet normal -4.647231720438e-01 -8.854560256532e-01 -0.000000000000e+00
   outer loop
     vertex -1.193582291379e+01 -8.094226448106e+00 7.600000000000e+00
     vertex -1.193582291379e+01 -8.094226448106e+00 6.000000000000e+00
     vertex -1.162630611724e+01 -8.256673394454e+00 6.000000000000e+00
   endloop
 endfacet
 facet normal -4.647231720438e-01 -8.854560256532e-01 0.000000000000e+00
   outer loop
     vertex -1.193582291379e+01 -8.094226448106e+00 7.600000000000e+00
     vertex -1.162630611724e+01 -8.256673394454e+00 6.000000000000e+00
     vertex -1.162630611724e+01 -8.256673394454e+00 7.600000000000e+00
   endloop
 endfacet
 facet normal -2.393156642876e-01 -9.709418174261e-01 -0.000000000000e+00
   outer loop
     vertex -1.227522181363e+01 -8.010572132558e+00 7.600000000000e+00
     vertex -1.227522181363e+01 -8.010572132558e+00 6.000000000000e+00
     vertex -1.193582291379e+01 -8.094226448106e+00 6.000000000000e+00
   endloop
 endfacet
 facet normal -2.393156642876e-01 -9.709418174261e-01 0.000000000000e+00
   outer loop
     vertex -1.227522181363e+01 -8.010572132558e+00 7.600000000000e+00
     vertex -1.193582291379e+01 -8.094226448106e+00 6.000000000000e+00
     vertex -1.193582291379e+01 -8.094226448106e+00 7.600000000000e+00
   endloop
 endfacet
 facet normal 0.000000000000e+00 -1.000000000000e+00 0.000000000000e+00
   outer loop
     vertex -1.262477818637e+01 -8.010572132558e+00 7.600000000000e+00
     vertex -1.262477818637e+01 -8.010572132558e+00 6.000000000000e+00
     vertex -1.227522181363e+01 -8.010572132558e+00 6.000000000000e+00
   endloop
 endfacet
 facet normal 0.000000000000e+00 -1.000000000000e+00 0.000000000000e+00
   outer loop
     vertex -1.262477818637e+01 -8.010572132558e+00 7.600000000000e+00
     vertex -1.227522181363e+01 -8.010572132558e+00 6.000000000000e+00
     vertex -1.227522181363e+01 -8.010572132558e+00 7.600000000000e+00
   endloop
 endfacet
 facet normal 2.393156642876e-01 -9.709418174261e-01 0.000000000000e+00
   outer loop
     vertex -1.296417708621e+01 -8.094226448106e+00 7.600000000000e+00
     vertex -1.296417708621e+01 -8.094226448106e+00 6.000000000000e+00
     vertex -1.262477818637e+01 -8.010572132558e+00 6.000000000000e+00
   endloop
 endfacet
 facet normal 4.647231720438e-01 -8.854560256532e-01 0.000000000000e+00
   outer loop
     vertex -1.296417708621e+01 -8.094226448106e+00 7.600000000000e+00
     vertex -1.327369388276e+01 -8.256673394454e+00 6.000000000000e+00
     vertex -1.296417708621e+01 -8.094226448106e+00 6.000000000000e+00
   endloop
 endfacet
 facet normal 2.393156642876e-01 -9.709418174261e-01 0.000000000000e+00
   outer loop
     vertex -1.296417708621e+01 -8.094226448106e+00 7.600000000000e+00
     vertex -1.262477818637e+01 -8.010572132558e+00 6.000000000000e+00
     vertex -1.262477818637e+01 -8.010572132558e+00 7.600000000000e+00
   endloop
 endfacet
 facet normal 4.647231720438e-01 -8.854560256532e-01 0.000000000000e+00
   outer loop
     vertex -1.327369388276e+01 -8.256673394454e+00 7.600000000000e+00
     vertex -1.327369388276e+01 -8.256673394454e+00 6.000000000000e+00
     vertex -1.296417708621e+01 -8.094226448106e+00 7.600000000000e+00
   endloop
 endfacet
 facet normal 6.631226582408e-01 -7.485107481711e-01 0.000000000000e+00
   outer loop
     vertex -1.353534058485e+01 -8.488472145551e+00 7.600000000000e+00
     vertex -1.353534058485e+01 -8.488472145551e+00 6.000000000000e+00
     vertex -1.327369388276e+01 -8.256673394454e+00 6.000000000000e+00
   endloop
 endfacet
 facet normal 6.631226582408e-01 -7.485107481711e-01 0.000000000000e+00
   outer loop
     vertex -1.353534058485e+01 -8.488472145551e+00 7.600000000000e+00
     vertex -1.327369388276e+01 -8.256673394454e+00 6.000000000000e+00
     vertex -1.327369388276e+01 -8.256673394454e+00 7.600000000000e+00
   endloop
 endfacet
 facet normal 8.229838658937e-01 -5.680647467312e-01 0.000000000000e+00
   outer loop
     vertex -1.373391123720e+01 -8.776151400537e+00 7.600000000000e+00
     vertex -1.373391123720e+01 -8.776151400537e+00 6.000000000000e+00
     vertex -1.353534058485e+01 -8.488472145551e+00 6.000000000000e+00
   endloop
 endfacet
 facet normal 8.229838658937e-01 -5.680647467312e-01 0.000000000000e+00
   outer loop
     vertex -1.373391123720e+01 -8.776151400537e+00 7.600000000000e+00
     vertex -1.353534058485e+01 -8.488472145551e+00 6.000000000000e+00
     vertex -1.353534058485e+01 -8.488472145551e+00 7.600000000000e+00
   endloop
 endfacet
 facet normal 9.350162426854e-01 -3.546048870425e-01 0.000000000000e+00
   outer loop
     vertex -1.385786563527e+01 -9.102992286783e+00 7.600000000000e+00
     vertex -1.385786563527e+01 -9.102992286783e+00 6.000000000000e+00
     vertex -1.373391123720e+01 -8.776151400537e+00 6.000000000000e+00
   endloop
 endfacet
 facet normal 9.350162426854e-01 -3.546048870425e-01 0.000000000000e+00
   outer loop
     vertex -1.385786563527e+01 -9.102992286783e+00 7.600000000000e+00
     vertex -1.373391123720e+01 -8.776151400537e+00 6.000000000000e+00
     vertex -1.373391123720e+01 -8.776151400537e+00 7.600000000000e+00
   endloop
 endfacet
 facet normal 9.927088740981e-01 -1.205366802553e-01 0.000000000000e+00
   outer loop
     vertex -1.390000000000e+01 -9.450000000000e+00 7.600000000000e+00
     vertex -1.390000000000e+01 -9.450000000000e+00 6.000000000000e+00
     vertex -1.385786563527e+01 -9.102992286783e+00 6.000000000000e+00
   endloop
 endfacet
 facet normal 9.927088740981e-01 -1.205366802553e-01 0.000000000000e+00
   outer loop
     vertex -1.390000000000e+01 -9.450000000000e+00 7.600000000000e+00
     vertex -1.385786563527e+01 -9.102992286783e+00 6.000000000000e+00
     vertex -1.385786563527e+01 -9.102992286783e+00 7.600000000000e+00
   endloop
 endfacet
 facet normal 0.000000000000e+00 1.000000000000e+00 0.000000000000e+00
   outer loop
     vertex 1.465000000000e+01 9.450000000000e+00 6.000000000000e+00
     vertex -1.100000000000e+01 9.450000000000e+00 6.000000000000e+00
     vertex -1.100000000000e+01 9.450000000000e+00 7.600000000000e+00
   endloop
 endfacet
 facet normal 0.000000000000e+00 1.000000000000e+00 0.000000000000e+00
   outer loop
     vertex 1.465000000000e+01 9.450000000000e+00 7.600000000000e+00
     vertex 1.465000000000e+01 9.450000000000e+00 6.000000000000e+00
     vertex -1.100000000000e+01 9.450000000000e+00 7.600000000000e+00
   endloop
 endfacet
 facet normal 9.927088740981e-01 1.205366802553e-01 0.000000000000e+00
   outer loop
     vertex -1.385786563527e+01 9.102992286783e+00 7.600000000000e+00
     vertex -1.390000000000e+01 9.450000000000e+00 6.000000000000e+00
     vertex -1.390000000000e+01 9.450000000000e+00 7.600000000000e+00
   endloop
 endfacet
 facet normal 9.927088740981e-01 1.205366802553e-01 0.000000000000e+00
   outer loop
     vertex -1.385786563527e+01 9.102992286783e+00 7.600000000000e+00
     vertex -1.385786563527e+01 9.102992286783e+00 6.000000000000e+00
     vertex -1.390000000000e+01 9.450000000000e+00 6.000000000000e+00
   endloop
 endfacet
 facet normal 9.350162426854e-01 3.546048870425e-01 0.000000000000e+00
   outer loop
     vertex -1.373391123720e+01 8.776151400537e+00 7.600000000000e+00
     vertex -1.373391123720e+01 8.776151400537e+00 6.000000000000e+00
     vertex -1.385786563527e+01 9.102992286783e+00 6.000000000000e+00
   endloop
 endfacet
 facet normal 9.350162426854e-01 3.546048870425e-01 0.000000000000e+00
   outer loop
     vertex -1.373391123720e+01 8.776151400537e+00 7.600000000000e+00
     vertex -1.385786563527e+01 9.102992286783e+00 6.000000000000e+00
     vertex -1.385786563527e+01 9.102992286783e+00 7.600000000000e+00
   endloop
 endfacet
 facet normal 8.229838658937e-01 5.680647467312e-01 0.000000000000e+00
   outer loop
     vertex -1.353534058485e+01 8.488472145551e+00 7.600000000000e+00
     vertex -1.353534058485e+01 8.488472145551e+00 6.000000000000e+00
     vertex -1.373391123720e+01 8.776151400537e+00 6.000000000000e+00
   endloop
 endfacet
 facet normal 8.229838658937e-01 5.680647467312e-01 0.000000000000e+00
   outer loop
     vertex -1.353534058485e+01 8.488472145551e+00 7.600000000000e+00
     vertex -1.373391123720e+01 8.776151400537e+00 6.000000000000e+00
     vertex -1.373391123720e+01 8.776151400537e+00 7.600000000000e+00
   endloop
 endfacet
 facet normal 6.631226582408e-01 7.485107481711e-01 0.000000000000e+00
   outer loop
     vertex -1.327369388276e+01 8.256673394454e+00 7.600000000000e+00
     vertex -1.327369388276e+01 8.256673394454e+00 6.000000000000e+00
     vertex -1.353534058485e+01 8.488472145551e+00 6.000000000000e+00
   endloop
 endfacet
 facet normal 6.631226582408e-01 7.485107481711e-01 0.000000000000e+00
   outer loop
     vertex -1.327369388276e+01 8.256673394454e+00 7.600000000000e+00
     vertex -1.353534058485e+01 8.488472145551e+00 6.000000000000e+00
     vertex -1.353534058485e+01 8.488472145551e+00 7.600000000000e+00
   endloop
 endfacet
 facet normal 4.647231720438e-01 8.854560256532e-01 0.000000000000e+00
   outer loop
     vertex -1.296417708621e+01 8.094226448106e+00 7.600000000000e+00
     vertex -1.296417708621e+01 8.094226448106e+00 6.000000000000e+00
     vertex -1.327369388276e+01 8.256673394454e+00 6.000000000000e+00
   endloop
 endfacet
 facet normal 4.647231720438e-01 8.854560256532e-01 0.000000000000e+00
   outer loop
     vertex -1.296417708621e+01 8.094226448106e+00 7.600000000000e+00
     vertex -1.327369388276e+01 8.256673394454e+00 6.000000000000e+00
     vertex -1.327369388276e+01 8.256673394454e+00 7.600000000000e+00
   endloop
 endfacet
 facet normal 2.393156642876e-01 9.709418174261e-01 0.000000000000e+00
   outer loop
     vertex -1.262477818637e+01 8.010572132558e+00 7.600000000000e+00
     vertex -1.262477818637e+01 8.010572132558e+00 6.000000000000e+00
     vertex -1.296417708621e+01 8.094226448106e+00 6.000000000000e+00
   endloop
 endfacet
 facet normal 2.393156642876e-01 9.709418174261e-01 0.000000000000e+00
   outer loop
     vertex -1.262477818637e+01 8.010572132558e+00 7.600000000000e+00
     vertex -1.296417708621e+01 8.094226448106e+00 6.000000000000e+00
     vertex -1.296417708621e+01 8.094226448106e+00 7.600000000000e+00
   endloop
 endfacet
 facet normal 0.000000000000e+00 1.000000000000e+00 0.000000000000e+00
   outer loop
     vertex -1.227522181363e+01 8.010572132558e+00 7.600000000000e+00
     vertex -1.227522181363e+01 8.010572132558e+00 6.000000000000e+00
     vertex -1.262477818637e+01 8.010572132558e+00 6.000000000000e+00
   endloop
 endfacet
 facet normal 0.000000000000e+00 1.000000000000e+00 0.000000000000e+00
   outer loop
     vertex -1.227522181363e+01 8.010572132558e+00 7.600000000000e+00
     vertex -1.262477818637e+01 8.010572132558e+00 6.000000000000e+00
     vertex -1.262477818637e+01 8.010572132558e+00 7.600000000000e+00
   endloop
 endfacet
 facet normal -2.393156642876e-01 9.709418174261e-01 0.000000000000e+00
   outer loop
     vertex -1.193582291379e+01 8.094226448106e+00 7.600000000000e+00
     vertex -1.193582291379e+01 8.094226448106e+00 6.000000000000e+00
     vertex -1.227522181363e+01 8.010572132558e+00 6.000000000000e+00
   endloop
 endfacet
 facet normal -2.393156642876e-01 9.709418174261e-01 0.000000000000e+00
   outer loop
     vertex -1.193582291379e+01 8.094226448106e+00 7.600000000000e+00
     vertex -1.227522181363e+01 8.010572132558e+00 6.000000000000e+00
     vertex -1.227522181363e+01 8.010572132558e+00 7.600000000000e+00
   endloop
 endfacet
 facet normal -4.647231720438e-01 8.854560256532e-01 0.000000000000e+00
   outer loop
     vertex -1.162630611724e+01 8.256673394454e+00 7.600000000000e+00
     vertex -1.162630611724e+01 8.256673394454e+00 6.000000000000e+00
     vertex -1.193582291379e+01 8.094226448106e+00 6.000000000000e+00
   endloop
 endfacet
 facet normal -4.647231720438e-01 8.854560256532e-01 0.000000000000e+00
   outer loop
     vertex -1.162630611724e+01 8.256673394454e+00 7.600000000000e+00
     vertex -1.193582291379e+01 8.094226448106e+00 6.000000000000e+00
     vertex -1.193582291379e+01 8.094226448106e+00 7.600000000000e+00
   endloop
 endfacet
 facet normal -6.631226582408e-01 7.485107481711e-01 0.000000000000e+00
   outer loop
     vertex -1.136465941515e+01 8.488472145551e+00 7.600000000000e+00
     vertex -1.136465941515e+01 8.488472145551e+00 6.000000000000e+00
     vertex -1.162630611724e+01 8.256673394454e+00 6.000000000000e+00
   endloop
 endfacet
 facet normal -8.229838658937e-01 5.680647467312e-01 0.000000000000e+00
   outer loop
     vertex -1.136465941515e+01 8.488472145551e+00 7.600000000000e+00
     vertex -1.116608876280e+01 8.776151400537e+00 6.000000000000e+00
     vertex -1.136465941515e+01 8.488472145551e+00 6.000000000000e+00
   endloop
 endfacet
 facet normal -6.631226582408e-01 7.485107481711e-01 0.000000000000e+00
   outer loop
     vertex -1.136465941515e+01 8.488472145551e+00 7.600000000000e+00
     vertex -1.162630611724e+01 8.256673394454e+00 6.000000000000e+00
     vertex -1.162630611724e+01 8.256673394454e+00 7.600000000000e+00
   endloop
 endfacet
 facet normal -8.229838658937e-01 5.680647467312e-01 0.000000000000e+00
   outer loop
     vertex -1.116608876280e+01 8.776151400537e+00 7.600000000000e+00
     vertex -1.116608876280e+01 8.776151400537e+00 6.000000000000e+00
     vertex -1.136465941515e+01 8.488472145551e+00 7.600000000000e+00
   endloop
 endfacet
 facet normal -9.350162426854e-01 3.546048870425e-01 0.000000000000e+00
   outer loop
     vertex -1.104213436473e+01 9.102992286783e+00 7.600000000000e+00
     vertex -1.104213436473e+01 9.102992286783e+00 6.000000000000e+00
     vertex -1.116608876280e+01 8.776151400537e+00 6.000000000000e+00
   endloop
 endfacet
 facet normal -9.350162426854e-01 3.546048870425e-01 0.000000000000e+00
   outer loop
     vertex -1.104213436473e+01 9.102992286783e+00 7.600000000000e+00
     vertex -1.116608876280e+01 8.776151400537e+00 6.000000000000e+00
     vertex -1.116608876280e+01 8.776151400537e+00 7.600000000000e+00
   endloop
 endfacet
 facet normal -9.927088740981e-01 1.205366802553e-01 0.000000000000e+00
   outer loop
     vertex -1.100000000000e+01 9.450000000000e+00 7.600000000000e+00
     vertex -1.100000000000e+01 9.450000000000e+00 6.000000000000e+00
     vertex -1.104213436473e+01 9.102992286783e+00 6.000000000000e+00
   endloop
 endfacet
 facet normal -9.927088740981e-01 1.205366802553e-01 0.000000000000e+00
   outer loop
     vertex -1.100000000000e+01 9.450000000000e+00 7.600000000000e+00
     vertex -1.104213436473e+01 9.102992286783e+00 6.000000000000e+00
     vertex -1.104213436473e+01 9.102992286783e+00 7.600000000000e+00
   endloop
 endfacet
 facet normal 1.000000000000e+00 0.000000000000e+00 0.000000000000e+00
   outer loop
     vertex 1.465000000000e+01 -9.450000000000e+00 7.600000000000e+00
     vertex 1.465000000000e+01 -9.450000000000e+00 6.000000000000e+00
     vertex 1.465000000000e+01 9.450000000000e+00 6.000000000000e+00
   endloop
 endfacet
 facet normal 1.000000000000e+00 -0.000000000000e+00 0.000000000000e+00
   outer loop
     vertex 1.465000000000e+01 -9.450000000000e+00 7.600000000000e+00
     vertex 1.465000000000e+01 9.450000000000e+00 6.000000000000e+00
     vertex 1.465000000000e+01 9.450000000000e+00 7.600000000000e+00
   endloop
 endfacet
 facet normal 0.000000000000e+00 -1.000000000000e+00 0.000000000000e+00
   outer loop
     vertex 1.465000000000e+01 -9.450000000000e+00 6.000000000000e+00
     vertex -1.100000000000e+01 -9.450000000000e+00 7.600000000000e+00
     vertex -1.100000000000e+01 -9.450000000000e+00 6.000000000000e+00
   endloop
 endfacet
 facet normal -0.000000000000e+00 -1.000000000000e+00 -0.000000000000e+00
   outer loop
     vertex 1.465000000000e+01 -9.450000000000e+00 7.600000000000e+00
     vertex -1.100000000000e+01 -9.450000000000e+00 7.600000000000e+00
     vertex 1.465000000000e+01 -9.450000000000e+00 6.000000000000e+00
   endloop
 endfacet
 facet normal -9.927088740981e-01 -1.205366802553e-01 0.000000000000e+00
   outer loop
     vertex 1.426513018091e+01 2.871787971451e-01 7.600000000000e+00
     vertex 1.430000000000e+01 -2.939152317954e-16 6.000000000000e+00
     vertex 1.430000000000e+01 -2.939152317954e-16 7.600000000000e+00
   endloop
 endfacet
 facet normal -9.927088740981e-01 -1.205366802553e-01 -0.000000000000e+00
   outer loop
     vertex 1.426513018091e+01 2.871787971451e-01 7.600000000000e+00
     vertex 1.426513018091e+01 2.871787971451e-01 6.000000000000e+00
     vertex 1.430000000000e+01 -2.939152317954e-16 6.000000000000e+00
   endloop
 endfacet
 facet normal -9.350162426854e-01 -3.546048870425e-01 -0.000000000000e+00
   outer loop
     vertex 1.416254723078e+01 5.576678064525e-01 7.600000000000e+00
     vertex 1.416254723078e+01 5.576678064525e-01 6.000000000000e+00
     vertex 1.426513018091e+01 2.871787971451e-01 6.000000000000e+00
   endloop
 endfacet
 facet normal -9.350162426854e-01 -3.546048870425e-01 0.000000000000e+00
   outer loop
     vertex 1.416254723078e+01 5.576678064525e-01 7.600000000000e+00
     vertex 1.426513018091e+01 2.871787971451e-01 6.000000000000e+00
     vertex 1.426513018091e+01 2.871787971451e-01 7.600000000000e+00
   endloop
 endfacet
 facet normal -8.229838658937e-01 -5.680647467312e-01 -0.000000000000e+00
   outer loop
     vertex 1.399821289781e+01 7.957471898890e-01 7.600000000000e+00
     vertex 1.399821289781e+01 7.957471898890e-01 6.000000000000e+00
     vertex 1.416254723078e+01 5.576678064525e-01 6.000000000000e+00
   endloop
 endfacet
 facet normal -8.229838658937e-01 -5.680647467312e-01 0.000000000000e+00
   outer loop
     vertex 1.399821289781e+01 7.957471898890e-01 7.600000000000e+00
     vertex 1.416254723078e+01 5.576678064525e-01 6.000000000000e+00
     vertex 1.416254723078e+01 5.576678064525e-01 7.600000000000e+00
   endloop
 endfacet
 facet normal -6.631226582408e-01 -7.485107481711e-01 -0.000000000000e+00
   outer loop
     vertex 1.378167769608e+01 9.875806390724e-01 7.600000000000e+00
     vertex 1.378167769608e+01 9.875806390724e-01 6.000000000000e+00
     vertex 1.399821289781e+01 7.957471898890e-01 6.000000000000e+00
   endloop
 endfacet
 facet normal -6.631226582408e-01 -7.485107481711e-01 0.000000000000e+00
   outer loop
     vertex 1.378167769608e+01 9.875806390724e-01 7.600000000000e+00
     vertex 1.399821289781e+01 7.957471898890e-01 6.000000000000e+00
     vertex 1.399821289781e+01 7.957471898890e-01 7.600000000000e+00
   endloop
 endfacet
 facet normal -4.647231720438e-01 -8.854560256532e-01 -0.000000000000e+00
   outer loop
     vertex 1.352552586445e+01 1.122019491222e+00 7.600000000000e+00
     vertex 1.352552586445e+01 1.122019491222e+00 6.000000000000e+00
     vertex 1.378167769608e+01 9.875806390724e-01 6.000000000000e+00
   endloop
 endfacet
 facet normal -4.647231720438e-01 -8.854560256532e-01 0.000000000000e+00
   outer loop
     vertex 1.352552586445e+01 1.122019491222e+00 7.600000000000e+00
     vertex 1.378167769608e+01 9.875806390724e-01 6.000000000000e+00
     vertex 1.378167769608e+01 9.875806390724e-01 7.600000000000e+00
   endloop
 endfacet
 facet normal -2.393156642876e-01 -9.709418174261e-01 -0.000000000000e+00
   outer loop
     vertex 1.324464401631e+01 1.191250648918e+00 7.600000000000e+00
     vertex 1.324464401631e+01 1.191250648918e+00 6.000000000000e+00
     vertex 1.352552586445e+01 1.122019491222e+00 6.000000000000e+00
   endloop
 endfacet
 facet normal -2.393156642876e-01 -9.709418174261e-01 0.000000000000e+00
   outer loop
     vertex 1.324464401631e+01 1.191250648918e+00 7.600000000000e+00
     vertex 1.352552586445e+01 1.122019491222e+00 6.000000000000e+00
     vertex 1.352552586445e+01 1.122019491222e+00 7.600000000000e+00
   endloop
 endfacet
 facet normal 0.000000000000e+00 -1.000000000000e+00 0.000000000000e+00
   outer loop
     vertex 1.295535598369e+01 1.191250648918e+00 7.600000000000e+00
     vertex 1.295535598369e+01 1.191250648918e+00 6.000000000000e+00
     vertex 1.324464401631e+01 1.191250648918e+00 6.000000000000e+00
   endloop
 endfacet
 facet normal 0.000000000000e+00 -1.000000000000e+00 0.000000000000e+00
   outer loop
     vertex 1.295535598369e+01 1.191250648918e+00 7.600000000000e+00
     vertex 1.324464401631e+01 1.191250648918e+00 6.000000000000e+00
     vertex 1.324464401631e+01 1.191250648918e+00 7.600000000000e+00
   endloop
 endfacet
 facet normal 2.393156642876e-01 -9.709418174261e-01 0.000000000000e+00
   outer loop
     vertex 1.267447413555e+01 1.122019491222e+00 7.600000000000e+00
     vertex 1.267447413555e+01 1.122019491222e+00 6.000000000000e+00
     vertex 1.295535598369e+01 1.191250648918e+00 6.000000000000e+00
   endloop
 endfacet
 facet normal 4.647231720438e-01 -8.854560256532e-01 0.000000000000e+00
   outer loop
     vertex 1.267447413555e+01 1.122019491222e+00 7.600000000000e+00
     vertex 1.241832230392e+01 9.875806390724e-01 6.000000000000e+00
     vertex 1.267447413555e+01 1.122019491222e+00 6.000000000000e+00
   endloop
 endfacet
 facet normal 2.393156642876e-01 -9.709418174261e-01 0.000000000000e+00
   outer loop
     vertex 1.267447413555e+01 1.122019491222e+00 7.600000000000e+00
     vertex 1.295535598369e+01 1.191250648918e+00 6.000000000000e+00
     vertex 1.295535598369e+01 1.191250648918e+00 7.600000000000e+00
   endloop
 endfacet
 facet normal 4.647231720438e-01 -8.854560256532e-01 0.000000000000e+00
   outer loop
     vertex 1.241832230392e+01 9.875806390724e-01 7.600000000000e+00
     vertex 1.241832230392e+01 9.875806390724e-01 6.000000000000e+00
     vertex 1.267447413555e+01 1.122019491222e+00 7.600000000000e+00
   endloop
 endfacet
 facet normal 6.631226582408e-01 -7.485107481711e-01 0.000000000000e+00
   outer loop
     vertex 1.220178710219e+01 7.957471898890e-01 7.600000000000e+00
     vertex 1.220178710219e+01 7.957471898890e-01 6.000000000000e+00
     vertex 1.241832230392e+01 9.875806390724e-01 6.000000000000e+00
   endloop
 endfacet
 facet normal 6.631226582408e-01 -7.485107481711e-01 0.000000000000e+00
   outer loop
     vertex 1.220178710219e+01 7.957471898890e-01 7.600000000000e+00
     vertex 1.241832230392e+01 9.875806390724e-01 6.000000000000e+00
     vertex 1.241832230392e+01 9.875806390724e-01 7.600000000000e+00
   endloop
 endfacet
 facet normal 8.229838658937e-01 -5.680647467312e-01 0.000000000000e+00
   outer loop
     vertex 1.203745276922e+01 5.576678064525e-01 7.600000000000e+00
     vertex 1.203745276922e+01 5.576678064525e-01 6.000000000000e+00
     vertex 1.220178710219e+01 7.957471898890e-01 6.000000000000e+00
   endloop
 endfacet
 facet normal 8.229838658937e-01 -5.680647467312e-01 0.000000000000e+00
   outer loop
     vertex 1.203745276922e+01 5.576678064525e-01 7.600000000000e+00
     vertex 1.220178710219e+01 7.957471898890e-01 6.000000000000e+00
     vertex 1.220178710219e+01 7.957471898890e-01 7.600000000000e+00
   endloop
 endfacet
 facet normal 9.350162426854e-01 -3.546048870425e-01 0.000000000000e+00
   outer loop
     vertex 1.193486981909e+01 2.871787971451e-01 7.600000000000e+00
     vertex 1.203745276922e+01 5.576678064525e-01 6.000000000000e+00
     vertex 1.203745276922e+01 5.576678064525e-01 7.600000000000e+00
   endloop
 endfacet
 facet normal 9.350162426854e-01 -3.546048870425e-01 0.000000000000e+00
   outer loop
     vertex 1.193486981909e+01 2.871787971451e-01 7.600000000000e+00
     vertex 1.193486981909e+01 2.871787971451e-01 6.000000000000e+00
     vertex 1.203745276922e+01 5.576678064525e-01 6.000000000000e+00
   endloop
 endfacet
 facet normal 9.927088740981e-01 -1.205366802553e-01 0.000000000000e+00
   outer loop
     vertex 1.190000000000e+01 1.212771719538e-15 7.600000000000e+00
     vertex 1.193486981909e+01 2.871787971451e-01 6.000000000000e+00
     vertex 1.193486981909e+01 2.871787971451e-01 7.600000000000e+00
   endloop
 endfacet
 facet normal 9.927088740981e-01 -1.205366802553e-01 0.000000000000e+00
   outer loop
     vertex 1.190000000000e+01 1.212771719538e-15 7.600000000000e+00
     vertex 1.190000000000e+01 1.212771719538e-15 6.000000000000e+00
     vertex 1.193486981909e+01 2.871787971451e-01 6.000000000000e+00
   endloop
 endfacet
 facet normal 9.927088740981e-01 1.205366802553e-01 0.000000000000e+00
   outer loop
     vertex 1.193486981909e+01 -2.871787971451e-01 7.600000000000e+00
     vertex 1.190000000000e+01 1.212771719538e-15 6.000000000000e+00
     vertex 1.190000000000e+01 1.212771719538e-15 7.600000000000e+00
   endloop
 endfacet
 facet normal 9.927088740981e-01 1.205366802553e-01 0.000000000000e+00
   outer loop
     vertex 1.193486981909e+01 -2.871787971451e-01 7.600000000000e+00
     vertex 1.193486981909e+01 -2.871787971451e-01 6.000000000000e+00
     vertex 1.190000000000e+01 1.212771719538e-15 6.000000000000e+00
   endloop
 endfacet
 facet normal 9.350162426854e-01 3.546048870425e-01 0.000000000000e+00
   outer loop
     vertex 1.203745276922e+01 -5.576678064525e-01 7.600000000000e+00
     vertex 1.193486981909e+01 -2.871787971451e-01 6.000000000000e+00
     vertex 1.193486981909e+01 -2.871787971451e-01 7.600000000000e+00
   endloop
 endfacet
 facet normal 9.350162426854e-01 3.546048870425e-01 0.000000000000e+00
   outer loop
     vertex 1.203745276922e+01 -5.576678064525e-01 7.600000000000e+00
     vertex 1.203745276922e+01 -5.576678064525e-01 6.000000000000e+00
     vertex 1.193486981909e+01 -2.871787971451e-01 6.000000000000e+00
   endloop
 endfacet
 facet normal 8.229838658937e-01 5.680647467312e-01 0.000000000000e+00
   outer loop
     vertex 1.203745276922e+01 -5.576678064525e-01 7.600000000000e+00
     vertex 1.220178710219e+01 -7.957471898890e-01 6.000000000000e+00
     vertex 1.203745276922e+01 -5.576678064525e-01 6.000000000000e+00
   endloop
 endfacet
 facet normal 8.229838658937e-01 5.680647467312e-01 0.000000000000e+00
   outer loop
     vertex 1.220178710219e+01 -7.957471898890e-01 7.600000000000e+00
     vertex 1.220178710219e+01 -7.957471898890e-01 6.000000000000e+00
     vertex 1.203745276922e+01 -5.576678064525e-01 7.600000000000e+00
   endloop
 endfacet
 facet normal 6.631226582408e-01 7.485107481711e-01 0.000000000000e+00
   outer loop
     vertex 1.241832230392e+01 -9.875806390724e-01 7.600000000000e+00
     vertex 1.220178710219e+01 -7.957471898890e-01 6.000000000000e+00
     vertex 1.220178710219e+01 -7.957471898890e-01 7.600000000000e+00
   endloop
 endfacet
 facet normal 6.631226582408e-01 7.485107481711e-01 0.000000000000e+00
   outer loop
     vertex 1.241832230392e+01 -9.875806390724e-01 7.600000000000e+00
     vertex 1.241832230392e+01 -9.875806390724e-01 6.000000000000e+00
     vertex 1.220178710219e+01 -7.957471898890e-01 6.000000000000e+00
   endloop
 endfacet
 facet normal 4.647231720438e-01 8.854560256532e-01 0.000000000000e+00
   outer loop
     vertex 1.241832230392e+01 -9.875806390724e-01 7.600000000000e+00
     vertex 1.267447413555e+01 -1.122019491222e+00 6.000000000000e+00
     vertex 1.241832230392e+01 -9.875806390724e-01 6.000000000000e+00
   endloop
 endfacet
 facet normal 4.647231720438e-01 8.854560256532e-01 0.000000000000e+00
   outer loop
     vertex 1.267447413555e+01 -1.122019491222e+00 7.600000000000e+00
     vertex 1.267447413555e+01 -1.122019491222e+00 6.000000000000e+00
     vertex 1.241832230392e+01 -9.875806390724e-01 7.600000000000e+00
   endloop
 endfacet
 facet normal 2.393156642876e-01 9.709418174261e-01 0.000000000000e+00
   outer loop
     vertex 1.267447413555e+01 -1.122019491222e+00 7.600000000000e+00
     vertex 1.295535598369e+01 -1.191250648918e+00 6.000000000000e+00
     vertex 1.267447413555e+01 -1.122019491222e+00 6.000000000000e+00
   endloop
 endfacet
 facet normal 2.393156642876e-01 9.709418174261e-01 0.000000000000e+00
   outer loop
     vertex 1.295535598369e+01 -1.191250648918e+00 7.600000000000e+00
     vertex 1.295535598369e+01 -1.191250648918e+00 6.000000000000e+00
     vertex 1.267447413555e+01 -1.122019491222e+00 7.600000000000e+00
   endloop
 endfacet
 facet normal 2.302666338316e-15 1.000000000000e+00 0.000000000000e+00
   outer loop
     vertex 1.324464401631e+01 -1.191250648918e+00 7.600000000000e+00
     vertex 1.295535598369e+01 -1.191250648918e+00 6.000000000000e+00
     vertex 1.295535598369e+01 -1.191250648918e+00 7.600000000000e+00
   endloop
 endfacet
 facet normal 2.302666338316e-15 1.000000000000e+00 0.000000000000e+00
   outer loop
     vertex 1.324464401631e+01 -1.191250648918e+00 7.600000000000e+00
     vertex 1.324464401631e+01 -1.191250648918e+00 6.000000000000e+00
     vertex 1.295535598369e+01 -1.191250648918e+00 6.000000000000e+00
   endloop
 endfacet
 facet normal -2.393156642876e-01 9.709418174261e-01 0.000000000000e+00
   outer loop
     vertex 1.324464401631e+01 -1.191250648918e+00 7.600000000000e+00
     vertex 1.352552586445e+01 -1.122019491222e+00 6.000000000000e+00
     vertex 1.324464401631e+01 -1.191250648918e+00 6.000000000000e+00
   endloop
 endfacet
 facet normal -2.393156642876e-01 9.709418174261e-01 0.000000000000e+00
   outer loop
     vertex 1.352552586445e+01 -1.122019491222e+00 7.600000000000e+00
     vertex 1.352552586445e+01 -1.122019491222e+00 6.000000000000e+00
     vertex 1.324464401631e+01 -1.191250648918e+00 7.600000000000e+00
   endloop
 endfacet
 facet normal -4.647231720438e-01 8.854560256532e-01 0.000000000000e+00
   outer loop
     vertex 1.378167769608e+01 -9.875806390724e-01 7.600000000000e+00
     vertex 1.352552586445e+01 -1.122019491222e+00 6.000000000000e+00
     vertex 1.352552586445e+01 -1.122019491222e+00 7.600000000000e+00
   endloop
 endfacet
 facet normal -4.647231720438e-01 8.854560256532e-01 0.000000000000e+00
   outer loop
     vertex 1.378167769608e+01 -9.875806390724e-01 7.600000000000e+00
     vertex 1.378167769608e+01 -9.875806390724e-01 6.000000000000e+00
     vertex 1.352552586445e+01 -1.122019491222e+00 6.000000000000e+00
   endloop
 endfacet
 facet normal -6.631226582408e-01 7.485107481711e-01 0.000000000000e+00
   outer loop
     vertex 1.399821289781e+01 -7.957471898890e-01 7.600000000000e+00
     vertex 1.378167769608e+01 -9.875806390724e-01 6.000000000000e+00
     vertex 1.378167769608e+01 -9.875806390724e-01 7.600000000000e+00
   endloop
 endfacet
 facet normal -6.631226582408e-01 7.485107481711e-01 0.000000000000e+00
   outer loop
     vertex 1.399821289781e+01 -7.957471898890e-01 7.600000000000e+00
     vertex 1.399821289781e+01 -7.957471898890e-01 6.000000000000e+00
     vertex 1.378167769608e+01 -9.875806390724e-01 6.000000000000e+00
   endloop
 endfacet
 facet normal -8.229838658937e-01 5.680647467312e-01 0.000000000000e+00
   outer loop
     vertex 1.416254723078e+01 -5.576678064525e-01 7.600000000000e+00
     vertex 1.416254723078e+01 -5.576678064525e-01 6.000000000000e+00
     vertex 1.399821289781e+01 -7.957471898890e-01 6.000000000000e+00
   endloop
 endfacet
 facet normal -8.229838658937e-01 5.680647467312e-01 0.000000000000e+00
   outer loop
     vertex 1.416254723078e+01 -5.576678064525e-01 7.600000000000e+00
     vertex 1.399821289781e+01 -7.957471898890e-01 6.000000000000e+00
     vertex 1.399821289781e+01 -7.957471898890e-01 7.600000000000e+00
   endloop
 endfacet
 facet normal -9.350162426854e-01 3.546048870425e-01 0.000000000000e+00
   outer loop
     vertex 1.426513018091e+01 -2.871787971451e-01 7.600000000000e+00
     vertex 1.426513018091e+01 -2.871787971451e-01 6.000000000000e+00
     vertex 1.416254723078e+01 -5.576678064525e-01 6.000000000000e+00
   endloop
 endfacet
 facet normal -9.350162426854e-01 3.546048870425e-01 0.000000000000e+00
   outer loop
     vertex 1.426513018091e+01 -2.871787971451e-01 7.600000000000e+00
     vertex 1.416254723078e+01 -5.576678064525e-01 6.000000000000e+00
     vertex 1.416254723078e+01 -5.576678064525e-01 7.600000000000e+00
   endloop
 endfacet
 facet normal -9.927088740981e-01 1.205366802553e-01 0.000000000000e+00
   outer loop
     vertex 1.430000000000e+01 -2.939152317954e-16 7.600000000000e+00
     vertex 1.426513018091e+01 -2.871787971451e-01 6.000000000000e+00
     vertex 1.426513018091e+01 -2.871787971451e-01 7.600000000000e+00
   endloop
 endfacet
 facet normal -9.927088740981e-01 1.205366802553e-01 0.000000000000e+00
   outer loop
     vertex 1.430000000000e+01 -2.939152317954e-16 7.600000000000e+00
     vertex 1.430000000000e+01 -2.939152317954e-16 6.000000000000e+00
     vertex 1.426513018091e+01 -2.871787971451e-01 6.000000000000e+00
   endloop
 endfacet
 facet normal 9.927088740981e-01 1.205366802553e-01 0.000000000000e+00
   outer loop
     vertex -1.050811636515e+01 -8.971368671425e+00 6.000000000000e+00
     vertex -1.045000000000e+01 -9.450000000000e+00 6.000000000000e+00
     vertex -1.045000000000e+01 -9.450000000000e+00 0.000000000000e+00
   endloop
 endfacet
 facet normal 9.927088740981e-01 1.205366802553e-01 0.000000000000e+00
   outer loop
     vertex -1.050811636515e+01 -8.971368671425e+00 6.000000000000e+00
     vertex -1.045000000000e+01 -9.450000000000e+00 0.000000000000e+00
     vertex -1.050811636515e+01 -8.971368671425e+00 0.000000000000e+00
   endloop
 endfacet
 facet normal 9.350162426854e-01 3.546048870425e-01 0.000000000000e+00
   outer loop
     vertex -1.067908794869e+01 -8.520553655912e+00 6.000000000000e+00
     vertex -1.050811636515e+01 -8.971368671425e+00 0.000000000000e+00
     vertex -1.067908794869e+01 -8.520553655912e+00 0.000000000000e+00
   endloop
 endfacet
 facet normal 8.229838658937e-01 5.680647467312e-01 0.000000000000e+00
   outer loop
     vertex -1.067908794869e+01 -8.520553655912e+00 6.000000000000e+00
     vertex -1.067908794869e+01 -8.520553655912e+00 0.000000000000e+00
     vertex -1.095297850366e+01 -8.123754683518e+00 0.000000000000e+00
   endloop
 endfacet
 facet normal 9.350162426854e-01 3.546048870425e-01 0.000000000000e+00
   outer loop
     vertex -1.067908794869e+01 -8.520553655912e+00 6.000000000000e+00
     vertex -1.050811636515e+01 -8.971368671425e+00 6.000000000000e+00
     vertex -1.050811636515e+01 -8.971368671425e+00 0.000000000000e+00
   endloop
 endfacet
 facet normal 8.229838658937e-01 5.680647467312e-01 0.000000000000e+00
   outer loop
     vertex -1.095297850366e+01 -8.123754683518e+00 6.000000000000e+00
     vertex -1.067908794869e+01 -8.520553655912e+00 6.000000000000e+00
     vertex -1.095297850366e+01 -8.123754683518e+00 0.000000000000e+00
   endloop
 endfacet
 facet normal 6.631226582408e-01 7.485107481711e-01 0.000000000000e+00
   outer loop
     vertex -1.131387050654e+01 -7.804032268213e+00 6.000000000000e+00
     vertex -1.095297850366e+01 -8.123754683518e+00 0.000000000000e+00
     vertex -1.131387050654e+01 -7.804032268213e+00 0.000000000000e+00
   endloop
 endfacet
 facet normal 4.647231720438e-01 8.854560256532e-01 0.000000000000e+00
   outer loop
     vertex -1.131387050654e+01 -7.804032268213e+00 6.000000000000e+00
     vertex -1.131387050654e+01 -7.804032268213e+00 0.000000000000e+00
     vertex -1.174079022591e+01 -7.579967514629e+00 0.000000000000e+00
   endloop
 endfacet
 facet normal 6.631226582408e-01 7.485107481711e-01 0.000000000000e+00
   outer loop
     vertex -1.131387050654e+01 -7.804032268213e+00 6.000000000000e+00
     vertex -1.095297850366e+01 -8.123754683518e+00 6.000000000000e+00
     vertex -1.095297850366e+01 -8.123754683518e+00 0.000000000000e+00
   endloop
 endfacet
 facet normal 4.647231720438e-01 8.854560256532e-01 0.000000000000e+00
   outer loop
     vertex -1.174079022591e+01 -7.579967514629e+00 6.000000000000e+00
     vertex -1.131387050654e+01 -7.804032268213e+00 6.000000000000e+00
     vertex -1.174079022591e+01 -7.579967514629e+00 0.000000000000e+00
   endloop
 endfacet
 facet normal 2.393156642876e-01 9.709418174261e-01 0.000000000000e+00
   outer loop
     vertex -1.220892663949e+01 -7.464582251804e+00 6.000000000000e+00
     vertex -1.174079022591e+01 -7.579967514629e+00 0.000000000000e+00
     vertex -1.220892663949e+01 -7.464582251804e+00 0.000000000000e+00
   endloop
 endfacet
 facet normal 2.393156642876e-01 9.709418174261e-01 0.000000000000e+00
   outer loop
     vertex -1.220892663949e+01 -7.464582251804e+00 6.000000000000e+00
     vertex -1.174079022591e+01 -7.579967514629e+00 6.000000000000e+00
     vertex -1.174079022591e+01 -7.579967514629e+00 0.000000000000e+00
   endloop
 endfacet
 facet normal 0.000000000000e+00 1.000000000000e+00 0.000000000000e+00
   outer loop
     vertex -1.269107336051e+01 -7.464582251804e+00 6.000000000000e+00
     vertex -1.220892663949e+01 -7.464582251804e+00 0.000000000000e+00
     vertex -1.269107336051e+01 -7.464582251804e+00 0.000000000000e+00
   endloop
 endfacet
 facet normal -0.000000000000e+00 1.000000000000e+00 0.000000000000e+00
   outer loop
     vertex -1.269107336051e+01 -7.464582251804e+00 6.000000000000e+00
     vertex -1.220892663949e+01 -7.464582251804e+00 6.000000000000e+00
     vertex -1.220892663949e+01 -7.464582251804e+00 0.000000000000e+00
   endloop
 endfacet
 facet normal -2.393156642876e-01 9.709418174261e-01 0.000000000000e+00
   outer loop
     vertex -1.315920977409e+01 -7.579967514629e+00 6.000000000000e+00
     vertex -1.269107336051e+01 -7.464582251804e+00 0.000000000000e+00
     vertex -1.315920977409e+01 -7.579967514629e+00 0.000000000000e+00
   endloop
 endfacet
 facet normal -4.647231720438e-01 8.854560256532e-01 0.000000000000e+00
   outer loop
     vertex -1.315920977409e+01 -7.579967514629e+00 6.000000000000e+00
     vertex -1.315920977409e+01 -7.579967514629e+00 0.000000000000e+00
     vertex -1.358612949346e+01 -7.804032268213e+00 0.000000000000e+00
   endloop
 endfacet
 facet normal -2.393156642876e-01 9.709418174261e-01 0.000000000000e+00
   outer loop
     vertex -1.315920977409e+01 -7.579967514629e+00 6.000000000000e+00
     vertex -1.269107336051e+01 -7.464582251804e+00 6.000000000000e+00
     vertex -1.269107336051e+01 -7.464582251804e+00 0.000000000000e+00
   endloop
 endfacet
 facet normal -4.647231720438e-01 8.854560256532e-01 0.000000000000e+00
   outer loop
     vertex -1.358612949346e+01 -7.804032268213e+00 6.000000000000e+00
     vertex -1.315920977409e+01 -7.579967514629e+00 6.000000000000e+00
     vertex -1.358612949346e+01 -7.804032268213e+00 0.000000000000e+00
   endloop
 endfacet
 facet normal -6.631226582408e-01 7.485107481711e-01 0.000000000000e+00
   outer loop
     vertex -1.394702149634e+01 -8.123754683518e+00 6.000000000000e+00
     vertex -1.358612949346e+01 -7.804032268213e+00 0.000000000000e+00
     vertex -1.394702149634e+01 -8.123754683518e+00 0.000000000000e+00
   endloop
 endfacet
 facet normal -6.631226582408e-01 7.485107481711e-01 0.000000000000e+00
   outer loop
     vertex -1.394702149634e+01 -8.123754683518e+00 6.000000000000e+00
     vertex -1.358612949346e+01 -7.804032268213e+00 6.000000000000e+00
     vertex -1.358612949346e+01 -7.804032268213e+00 0.000000000000e+00
   endloop
 endfacet
 facet normal -8.229838658937e-01 5.680647467312e-01 0.000000000000e+00
   outer loop
     vertex -1.422091205131e+01 -8.520553655912e+00 6.000000000000e+00
     vertex -1.394702149634e+01 -8.123754683518e+00 0.000000000000e+00
     vertex -1.422091205131e+01 -8.520553655912e+00 0.000000000000e+00
   endloop
 endfacet
 facet normal -9.350162426854e-01 3.546048870425e-01 0.000000000000e+00
   outer loop
     vertex -1.422091205131e+01 -8.520553655912e+00 6.000000000000e+00
     vertex -1.422091205131e+01 -8.520553655912e+00 0.000000000000e+00
     vertex -1.439188363485e+01 -8.971368671425e+00 0.000000000000e+00
   endloop
 endfacet
 facet normal -8.229838658937e-01 5.680647467312e-01 0.000000000000e+00
   outer loop
     vertex -1.422091205131e+01 -8.520553655912e+00 6.000000000000e+00
     vertex -1.394702149634e+01 -8.123754683518e+00 6.000000000000e+00
     vertex -1.394702149634e+01 -8.123754683518e+00 0.000000000000e+00
   endloop
 endfacet
 facet normal -9.350162426854e-01 3.546048870425e-01 0.000000000000e+00
   outer loop
     vertex -1.439188363485e+01 -8.971368671425e+00 6.000000000000e+00
     vertex -1.422091205131e+01 -8.520553655912e+00 6.000000000000e+00
     vertex -1.439188363485e+01 -8.971368671425e+00 0.000000000000e+00
   endloop
 endfacet
 facet normal -9.927088740981e-01 1.205366802553e-01 0.000000000000e+00
   outer loop
     vertex -1.439188363485e+01 -8.971368671425e+00 6.000000000000e+00
     vertex -1.439188363485e+01 -8.971368671425e+00 0.000000000000e+00
     vertex -1.445000000000e+01 -9.450000000000e+00 0.000000000000e+00
   endloop
 endfacet
 facet normal -9.927088740981e-01 1.205366802553e-01 0.000000000000e+00
   outer loop
     vertex -1.445000000000e+01 -9.450000000000e+00 6.000000000000e+00
     vertex -1.439188363485e+01 -8.971368671425e+00 6.000000000000e+00
     vertex -1.445000000000e+01 -9.450000000000e+00 0.000000000000e+00
   endloop
 endfacet
 facet normal -9.927088740981e-01 -1.205366802553e-01 0.000000000000e+00
   outer loop
     vertex -1.439188363485e+01 -9.928631328575e+00 6.000000000000e+00
     vertex -1.445000000000e+01 -9.450000000000e+00 6.000000000000e+00
     vertex -1.445000000000e+01 -9.450000000000e+00 0.000000000000e+00
   endloop
 endfacet
 facet normal -9.927088740981e-01 -1.205366802553e-01 -0.000000000000e+00
   outer loop
     vertex -1.439188363485e+01 -9.928631328575e+00 6.000000000000e+00
     vertex -1.445000000000e+01 -9.450000000000e+00 0.000000000000e+00
     vertex -1.439188363485e+01 -9.928631328575e+00 0.000000000000e+00
   endloop
 endfacet
 facet normal -9.350162426854e-01 -3.546048870425e-01 -0.000000000000e+00
   outer loop
     vertex -1.439188363485e+01 -9.928631328575e+00 6.000000000000e+00
     vertex -1.439188363485e+01 -9.928631328575e+00 0.000000000000e+00
     vertex -1.422091205131e+01 -1.037944634409e+01 0.000000000000e+00
   endloop
 endfacet
 facet normal -9.350162426854e-01 -3.546048870425e-01 -0.000000000000e+00
   outer loop
     vertex -1.422091205131e+01 -1.037944634409e+01 6.000000000000e+00
     vertex -1.439188363485e+01 -9.928631328575e+00 6.000000000000e+00
     vertex -1.422091205131e+01 -1.037944634409e+01 0.000000000000e+00
   endloop
 endfacet
 facet normal -8.229838658937e-01 -5.680647467312e-01 0.000000000000e+00
   outer loop
     vertex -1.394702149634e+01 -1.077624531648e+01 6.000000000000e+00
     vertex -1.422091205131e+01 -1.037944634409e+01 6.000000000000e+00
     vertex -1.422091205131e+01 -1.037944634409e+01 0.000000000000e+00
   endloop
 endfacet
 facet normal -8.229838658937e-01 -5.680647467312e-01 -0.000000000000e+00
   outer loop
     vertex -1.394702149634e+01 -1.077624531648e+01 6.000000000000e+00
     vertex -1.422091205131e+01 -1.037944634409e+01 0.000000000000e+00
     vertex -1.394702149634e+01 -1.077624531648e+01 0.000000000000e+00
   endloop
 endfacet
 facet normal -6.631226582408e-01 -7.485107481711e-01 0.000000000000e+00
   outer loop
     vertex -1.358612949346e+01 -1.109596773179e+01 6.000000000000e+00
     vertex -1.394702149634e+01 -1.077624531648e+01 6.000000000000e+00
     vertex -1.394702149634e+01 -1.077624531648e+01 0.000000000000e+00
   endloop
 endfacet
 facet normal -6.631226582408e-01 -7.485107481711e-01 -0.000000000000e+00
   outer loop
     vertex -1.358612949346e+01 -1.109596773179e+01 6.000000000000e+00
     vertex -1.394702149634e+01 -1.077624531648e+01 0.000000000000e+00
     vertex -1.358612949346e+01 -1.109596773179e+01 0.000000000000e+00
   endloop
 endfacet
 facet normal -4.647231720438e-01 -8.854560256532e-01 -0.000000000000e+00
   outer loop
     vertex -1.358612949346e+01 -1.109596773179e+01 6.000000000000e+00
     vertex -1.358612949346e+01 -1.109596773179e+01 0.000000000000e+00
     vertex -1.315920977409e+01 -1.132003248537e+01 0.000000000000e+00
   endloop
 endfacet
 facet normal -4.647231720438e-01 -8.854560256532e-01 -0.000000000000e+00
   outer loop
     vertex -1.315920977409e+01 -1.132003248537e+01 6.000000000000e+00
     vertex -1.358612949346e+01 -1.109596773179e+01 6.000000000000e+00
     vertex -1.315920977409e+01 -1.132003248537e+01 0.000000000000e+00
   endloop
 endfacet
 facet normal -2.393156642876e-01 -9.709418174261e-01 0.000000000000e+00
   outer loop
     vertex -1.269107336051e+01 -1.143541774820e+01 6.000000000000e+00
     vertex -1.315920977409e+01 -1.132003248537e+01 6.000000000000e+00
     vertex -1.315920977409e+01 -1.132003248537e+01 0.000000000000e+00
   endloop
 endfacet
 facet normal -2.393156642876e-01 -9.709418174261e-01 -0.000000000000e+00
   outer loop
     vertex -1.269107336051e+01 -1.143541774820e+01 6.000000000000e+00
     vertex -1.315920977409e+01 -1.132003248537e+01 0.000000000000e+00
     vertex -1.269107336051e+01 -1.143541774820e+01 0.000000000000e+00
   endloop
 endfacet
 facet normal -3.684266141306e-15 -1.000000000000e+00 -0.000000000000e+00
   outer loop
     vertex -1.269107336051e+01 -1.143541774820e+01 6.000000000000e+00
     vertex -1.269107336051e+01 -1.143541774820e+01 0.000000000000e+00
     vertex -1.220892663949e+01 -1.143541774820e+01 0.000000000000e+00
   endloop
 endfacet
 facet normal -3.684266141306e-15 -1.000000000000e+00 -0.000000000000e+00
   outer loop
     vertex -1.220892663949e+01 -1.143541774820e+01 6.000000000000e+00
     vertex -1.269107336051e+01 -1.143541774820e+01 6.000000000000e+00
     vertex -1.220892663949e+01 -1.143541774820e+01 0.000000000000e+00
   endloop
 endfacet
 facet normal 2.393156642876e-01 -9.709418174261e-01 0.000000000000e+00
   outer loop
     vertex -1.220892663949e+01 -1.143541774820e+01 6.000000000000e+00
     vertex -1.220892663949e+01 -1.143541774820e+01 0.000000000000e+00
     vertex -1.174079022591e+01 -1.132003248537e+01 0.000000000000e+00
   endloop
 endfacet
 facet normal 2.393156642876e-01 -9.709418174261e-01 0.000000000000e+00
   outer loop
     vertex -1.174079022591e+01 -1.132003248537e+01 6.000000000000e+00
     vertex -1.220892663949e+01 -1.143541774820e+01 6.000000000000e+00
     vertex -1.174079022591e+01 -1.132003248537e+01 0.000000000000e+00
   endloop
 endfacet
 facet normal 4.647231720438e-01 -8.854560256532e-01 0.000000000000e+00
   outer loop
     vertex -1.131387050654e+01 -1.109596773179e+01 6.000000000000e+00
     vertex -1.174079022591e+01 -1.132003248537e+01 6.000000000000e+00
     vertex -1.174079022591e+01 -1.132003248537e+01 0.000000000000e+00
   endloop
 endfacet
 facet normal 4.647231720438e-01 -8.854560256532e-01 0.000000000000e+00
   outer loop
     vertex -1.131387050654e+01 -1.109596773179e+01 6.000000000000e+00
     vertex -1.174079022591e+01 -1.132003248537e+01 0.000000000000e+00
     vertex -1.131387050654e+01 -1.109596773179e+01 0.000000000000e+00
   endloop
 endfacet
 facet normal 6.631226582408e-01 -7.485107481711e-01 0.000000000000e+00
   outer loop
     vertex -1.131387050654e+01 -1.109596773179e+01 6.000000000000e+00
     vertex -1.131387050654e+01 -1.109596773179e+01 0.000000000000e+00
     vertex -1.095297850366e+01 -1.077624531648e+01 0.000000000000e+00
   endloop
 endfacet
 facet normal 6.631226582408e-01 -7.485107481711e-01 0.000000000000e+00
   outer loop
     vertex -1.095297850366e+01 -1.077624531648e+01 6.000000000000e+00
     vertex -1.131387050654e+01 -1.109596773179e+01 6.000000000000e+00
     vertex -1.095297850366e+01 -1.077624531648e+01 0.000000000000e+00
   endloop
 endfacet
 facet normal 8.229838658937e-01 -5.680647467312e-01 0.000000000000e+00
   outer loop
     vertex -1.067908794869e+01 -1.037944634409e+01 6.000000000000e+00
     vertex -1.095297850366e+01 -1.077624531648e+01 0.000000000000e+00
     vertex -1.067908794869e+01 -1.037944634409e+01 0.000000000000e+00
   endloop
 endfacet
 facet normal 9.350162426854e-01 -3.546048870425e-01 0.000000000000e+00
   outer loop
     vertex -1.067908794869e+01 -1.037944634409e+01 6.000000000000e+00
     vertex -1.067908794869e+01 -1.037944634409e+01 0.000000000000e+00
     vertex -1.050811636515e+01 -9.928631328575e+00 0.000000000000e+00
   endloop
 endfacet
 facet normal 8.229838658937e-01 -5.680647467312e-01 0.000000000000e+00
   outer loop
     vertex -1.067908794869e+01 -1.037944634409e+01 6.000000000000e+00
     vertex -1.095297850366e+01 -1.077624531648e+01 6.000000000000e+00
     vertex -1.095297850366e+01 -1.077624531648e+01 0.000000000000e+00
   endloop
 endfacet
 facet normal 9.350162426854e-01 -3.546048870425e-01 0.000000000000e+00
   outer loop
     vertex -1.050811636515e+01 -9.928631328575e+00 6.000000000000e+00
     vertex -1.067908794869e+01 -1.037944634409e+01 6.000000000000e+00
     vertex -1.050811636515e+01 -9.928631328575e+00 0.000000000000e+00
   endloop
 endfacet
 facet normal 9.927088740981e-01 -1.205366802553e-01 0.000000000000e+00
   outer loop
     vertex -1.045000000000e+01 -9.450000000000e+00 6.000000000000e+00
     vertex -1.050811636515e+01 -9.928631328575e+00 0.000000000000e+00
     vertex -1.045000000000e+01 -9.450000000000e+00 0.000000000000e+00
   endloop
 endfacet
 facet normal 9.927088740981e-01 -1.205366802553e-01 0.000000000000e+00
   outer loop
     vertex -1.045000000000e+01 -9.450000000000e+00 6.000000000000e+00
     vertex -1.050811636515e+01 -9.928631328575e+00 6.000000000000e+00
     vertex -1.050811636515e+01 -9.928631328575e+00 0.000000000000e+00
   endloop
 endfacet
 facet normal 0.000000000000e+00 0.000000000000e+00 1.000000000000e+00
   outer loop
     vertex -1.316008093341e+01 -1.047872983237e+01 6.000000000000e+00
     vertex -1.394702149634e+01 -1.077624531648e+01 6.000000000000e+00
     vertex -1.358612949346e+01 -1.109596773179e+01 6.000000000000e+00
   endloop
 endfacet
 facet normal 0.000000000000e+00 0.000000000000e+00 1.000000000000e+00
   outer loop
     vertex -1.316008093341e+01 -1.047872983237e+01 6.000000000000e+00
     vertex -1.338563843521e+01 -1.027890332280e+01 6.000000000000e+00
     vertex -1.394702149634e+01 -1.077624531648e+01 6.000000000000e+00
   endloop
 endfacet
 facet normal 0.000000000000e+00 0.000000000000e+00 1.000000000000e+00
   outer loop
     vertex -1.355682003207e+01 -1.003090396505e+01 6.000000000000e+00
     vertex -1.422091205131e+01 -1.037944634409e+01 6.000000000000e+00
     vertex -1.394702149634e+01 -1.077624531648e+01 6.000000000000e+00
   endloop
 endfacet
 facet normal 0.000000000000e+00 0.000000000000e+00 1.000000000000e+00
   outer loop
     vertex -1.355682003207e+01 -1.003090396505e+01 6.000000000000e+00
     vertex -1.394702149634e+01 -1.077624531648e+01 6.000000000000e+00
     vertex -1.338563843521e+01 -1.027890332280e+01 6.000000000000e+00
   endloop
 endfacet
 facet normal 0.000000000000e+00 0.000000000000e+00 1.000000000000e+00
   outer loop
     vertex -1.289325610880e+01 -1.061877030336e+01 6.000000000000e+00
     vertex -1.358612949346e+01 -1.109596773179e+01 6.000000000000e+00
     vertex -1.315920977409e+01 -1.132003248537e+01 6.000000000000e+00
   endloop
 endfacet
 facet normal 0.000000000000e+00 0.000000000000e+00 1.000000000000e+00
   outer loop
     vertex -1.289325610880e+01 -1.061877030336e+01 6.000000000000e+00
     vertex -1.316008093341e+01 -1.047872983237e+01 6.000000000000e+00
     vertex -1.358612949346e+01 -1.109596773179e+01 6.000000000000e+00
   endloop
 endfacet
 facet normal 0.000000000000e+00 0.000000000000e+00 1.000000000000e+00
   outer loop
     vertex -1.366367727178e+01 -9.749144580359e+00 6.000000000000e+00
     vertex -1.439188363485e+01 -9.928631328575e+00 6.000000000000e+00
     vertex -1.422091205131e+01 -1.037944634409e+01 6.000000000000e+00
   endloop
 endfacet
 facet normal 0.000000000000e+00 0.000000000000e+00 1.000000000000e+00
   outer loop
     vertex -1.366367727178e+01 -9.749144580359e+00 6.000000000000e+00
     vertex -1.422091205131e+01 -1.037944634409e+01 6.000000000000e+00
     vertex -1.355682003207e+01 -1.003090396505e+01 6.000000000000e+00
   endloop
 endfacet
 facet normal 0.000000000000e+00 0.000000000000e+00 1.000000000000e+00
   outer loop
     vertex -1.260067085032e+01 -1.069088609262e+01 6.000000000000e+00
     vertex -1.315920977409e+01 -1.132003248537e+01 6.000000000000e+00
     vertex -1.269107336051e+01 -1.143541774820e+01 6.000000000000e+00
   endloop
 endfacet
 facet normal 0.000000000000e+00 0.000000000000e+00 1.000000000000e+00
   outer loop
     vertex -1.260067085032e+01 -1.069088609262e+01 6.000000000000e+00
     vertex -1.289325610880e+01 -1.061877030336e+01 6.000000000000e+00
     vertex -1.315920977409e+01 -1.132003248537e+01 6.000000000000e+00
   endloop
 endfacet
 facet normal 0.000000000000e+00 0.000000000000e+00 1.000000000000e+00
   outer loop
     vertex -1.370000000000e+01 -9.450000000000e+00 6.000000000000e+00
     vertex -1.445000000000e+01 -9.450000000000e+00 6.000000000000e+00
     vertex -1.439188363485e+01 -9.928631328575e+00 6.000000000000e+00
   endloop
 endfacet
 facet normal 0.000000000000e+00 0.000000000000e+00 1.000000000000e+00
   outer loop
     vertex -1.370000000000e+01 -9.450000000000e+00 6.000000000000e+00
     vertex -1.439188363485e+01 -9.928631328575e+00 6.000000000000e+00
     vertex -1.366367727178e+01 -9.749144580359e+00 6.000000000000e+00
   endloop
 endfacet
 facet normal 0.000000000000e+00 0.000000000000e+00 1.000000000000e+00
   outer loop
     vertex -1.229932914968e+01 -1.069088609262e+01 6.000000000000e+00
     vertex -1.269107336051e+01 -1.143541774820e+01 6.000000000000e+00
     vertex -1.220892663949e+01 -1.143541774820e+01 6.000000000000e+00
   endloop
 endfacet
 facet normal 0.000000000000e+00 0.000000000000e+00 1.000000000000e+00
   outer loop
     vertex -1.229932914968e+01 -1.069088609262e+01 6.000000000000e+00
     vertex -1.260067085032e+01 -1.069088609262e+01 6.000000000000e+00
     vertex -1.269107336051e+01 -1.143541774820e+01 6.000000000000e+00
   endloop
 endfacet
 facet normal 0.000000000000e+00 0.000000000000e+00 1.000000000000e+00
   outer loop
     vertex -1.366367727178e+01 -9.150855419641e+00 6.000000000000e+00
     vertex -1.439188363485e+01 -8.971368671425e+00 6.000000000000e+00
     vertex -1.445000000000e+01 -9.450000000000e+00 6.000000000000e+00
   endloop
 endfacet
 facet normal 0.000000000000e+00 0.000000000000e+00 1.000000000000e+00
   outer loop
     vertex -1.366367727178e+01 -9.150855419641e+00 6.000000000000e+00
     vertex -1.445000000000e+01 -9.450000000000e+00 6.000000000000e+00
     vertex -1.370000000000e+01 -9.450000000000e+00 6.000000000000e+00
   endloop
 endfacet
 facet normal 0.000000000000e+00 0.000000000000e+00 1.000000000000e+00
   outer loop
     vertex -1.200674389120e+01 -1.061877030336e+01 6.000000000000e+00
     vertex -1.220892663949e+01 -1.143541774820e+01 6.000000000000e+00
     vertex -1.174079022591e+01 -1.132003248537e+01 6.000000000000e+00
   endloop
 endfacet
 facet normal 0.000000000000e+00 0.000000000000e+00 1.000000000000e+00
   outer loop
     vertex -1.200674389120e+01 -1.061877030336e+01 6.000000000000e+00
     vertex -1.229932914968e+01 -1.069088609262e+01 6.000000000000e+00
     vertex -1.220892663949e+01 -1.143541774820e+01 6.000000000000e+00
   endloop
 endfacet
 facet normal 0.000000000000e+00 0.000000000000e+00 1.000000000000e+00
   outer loop
     vertex -1.355682003207e+01 -8.869096034945e+00 6.000000000000e+00
     vertex -1.422091205131e+01 -8.520553655912e+00 6.000000000000e+00
     vertex -1.439188363485e+01 -8.971368671425e+00 6.000000000000e+00
   endloop
 endfacet
 facet normal 0.000000000000e+00 0.000000000000e+00 1.000000000000e+00
   outer loop
     vertex -1.355682003207e+01 -8.869096034945e+00 6.000000000000e+00
     vertex -1.439188363485e+01 -8.971368671425e+00 6.000000000000e+00
     vertex -1.366367727178e+01 -9.150855419641e+00 6.000000000000e+00
   endloop
 endfacet
 facet normal 0.000000000000e+00 0.000000000000e+00 1.000000000000e+00
   outer loop
     vertex -1.173991906659e+01 -1.047872983237e+01 6.000000000000e+00
     vertex -1.174079022591e+01 -1.132003248537e+01 6.000000000000e+00
     vertex -1.131387050654e+01 -1.109596773179e+01 6.000000000000e+00
   endloop
 endfacet
 facet normal 0.000000000000e+00 0.000000000000e+00 1.000000000000e+00
   outer loop
     vertex -1.173991906659e+01 -1.047872983237e+01 6.000000000000e+00
     vertex -1.200674389120e+01 -1.061877030336e+01 6.000000000000e+00
     vertex -1.174079022591e+01 -1.132003248537e+01 6.000000000000e+00
   endloop
 endfacet
 facet normal 0.000000000000e+00 0.000000000000e+00 1.000000000000e+00
   outer loop
     vertex -1.338563843521e+01 -8.621096677199e+00 6.000000000000e+00
     vertex -1.394702149634e+01 -8.123754683518e+00 6.000000000000e+00
     vertex -1.422091205131e+01 -8.520553655912e+00 6.000000000000e+00
   endloop
 endfacet
 facet normal 0.000000000000e+00 0.000000000000e+00 1.000000000000e+00
   outer loop
     vertex -1.338563843521e+01 -8.621096677199e+00 6.000000000000e+00
     vertex -1.422091205131e+01 -8.520553655912e+00 6.000000000000e+00
     vertex -1.355682003207e+01 -8.869096034945e+00 6.000000000000e+00
   endloop
 endfacet
 facet normal 0.000000000000e+00 0.000000000000e+00 1.000000000000e+00
   outer loop
     vertex -1.095297850366e+01 -1.077624531648e+01 6.000000000000e+00
     vertex -1.151436156479e+01 -1.027890332280e+01 6.000000000000e+00
     vertex -1.173991906659e+01 -1.047872983237e+01 6.000000000000e+00
   endloop
 endfacet
 facet normal 0.000000000000e+00 0.000000000000e+00 1.000000000000e+00
   outer loop
     vertex -1.095297850366e+01 -1.077624531648e+01 6.000000000000e+00
     vertex -1.173991906659e+01 -1.047872983237e+01 6.000000000000e+00
     vertex -1.131387050654e+01 -1.109596773179e+01 6.000000000000e+00
   endloop
 endfacet
 facet normal 0.000000000000e+00 0.000000000000e+00 1.000000000000e+00
   outer loop
     vertex -1.316008093341e+01 -8.421270167633e+00 6.000000000000e+00
     vertex -1.394702149634e+01 -8.123754683518e+00 6.000000000000e+00
     vertex -1.338563843521e+01 -8.621096677199e+00 6.000000000000e+00
   endloop
 endfacet
 facet normal 0.000000000000e+00 0.000000000000e+00 1.000000000000e+00
   outer loop
     vertex -1.358612949346e+01 -7.804032268213e+00 6.000000000000e+00
     vertex -1.394702149634e+01 -8.123754683518e+00 6.000000000000e+00
     vertex -1.316008093341e+01 -8.421270167633e+00 6.000000000000e+00
   endloop
 endfacet
 facet normal 0.000000000000e+00 0.000000000000e+00 1.000000000000e+00
   outer loop
     vertex -1.289325610880e+01 -8.281229696643e+00 6.000000000000e+00
     vertex -1.358612949346e+01 -7.804032268213e+00 6.000000000000e+00
     vertex -1.316008093341e+01 -8.421270167633e+00 6.000000000000e+00
   endloop
 endfacet
 facet normal 0.000000000000e+00 0.000000000000e+00 1.000000000000e+00
   outer loop
     vertex -1.067908794869e+01 -1.037944634409e+01 6.000000000000e+00
     vertex -1.151436156479e+01 -1.027890332280e+01 6.000000000000e+00
     vertex -1.095297850366e+01 -1.077624531648e+01 6.000000000000e+00
   endloop
 endfacet
 facet normal 0.000000000000e+00 0.000000000000e+00 1.000000000000e+00
   outer loop
     vertex -1.067908794869e+01 -1.037944634409e+01 6.000000000000e+00
     vertex -1.134317996793e+01 -1.003090396505e+01 6.000000000000e+00
     vertex -1.151436156479e+01 -1.027890332280e+01 6.000000000000e+00
   endloop
 endfacet
 facet normal 0.000000000000e+00 0.000000000000e+00 1.000000000000e+00
   outer loop
     vertex -1.315920977409e+01 -7.579967514629e+00 6.000000000000e+00
     vertex -1.358612949346e+01 -7.804032268213e+00 6.000000000000e+00
     vertex -1.289325610880e+01 -8.281229696643e+00 6.000000000000e+00
   endloop
 endfacet
 facet normal 0.000000000000e+00 0.000000000000e+00 1.000000000000e+00
   outer loop
     vertex -1.050811636515e+01 -9.928631328575e+00 6.000000000000e+00
     vertex -1.134317996793e+01 -1.003090396505e+01 6.000000000000e+00
     vertex -1.067908794869e+01 -1.037944634409e+01 6.000000000000e+00
   endloop
 endfacet
 facet normal 0.000000000000e+00 0.000000000000e+00 1.000000000000e+00
   outer loop
     vertex -1.050811636515e+01 -9.928631328575e+00 6.000000000000e+00
     vertex -1.123632272822e+01 -9.749144580359e+00 6.000000000000e+00
     vertex -1.134317996793e+01 -1.003090396505e+01 6.000000000000e+00
   endloop
 endfacet
 facet normal 0.000000000000e+00 0.000000000000e+00 1.000000000000e+00
   outer loop
     vertex -1.269107336051e+01 -7.464582251804e+00 6.000000000000e+00
     vertex -1.315920977409e+01 -7.579967514629e+00 6.000000000000e+00
     vertex -1.289325610880e+01 -8.281229696643e+00 6.000000000000e+00
   endloop
 endfacet
 facet normal 0.000000000000e+00 0.000000000000e+00 1.000000000000e+00
   outer loop
     vertex -1.269107336051e+01 -7.464582251804e+00 6.000000000000e+00
     vertex -1.260067085032e+01 -8.209113907377e+00 6.000000000000e+00
     vertex -1.229932914968e+01 -8.209113907377e+00 6.000000000000e+00
   endloop
 endfacet
 facet normal 0.000000000000e+00 0.000000000000e+00 1.000000000000e+00
   outer loop
     vertex -1.269107336051e+01 -7.464582251804e+00 6.000000000000e+00
     vertex -1.289325610880e+01 -8.281229696643e+00 6.000000000000e+00
     vertex -1.260067085032e+01 -8.209113907377e+00 6.000000000000e+00
   endloop
 endfacet
 facet normal 0.000000000000e+00 0.000000000000e+00 1.000000000000e+00
   outer loop
     vertex -1.045000000000e+01 -9.450000000000e+00 6.000000000000e+00
     vertex -1.123632272822e+01 -9.749144580359e+00 6.000000000000e+00
     vertex -1.050811636515e+01 -9.928631328575e+00 6.000000000000e+00
   endloop
 endfacet
 facet normal 0.000000000000e+00 0.000000000000e+00 1.000000000000e+00
   outer loop
     vertex -1.045000000000e+01 -9.450000000000e+00 6.000000000000e+00
     vertex -1.120000000000e+01 -9.450000000000e+00 6.000000000000e+00
     vertex -1.123632272822e+01 -9.749144580359e+00 6.000000000000e+00
   endloop
 endfacet
 facet normal 0.000000000000e+00 0.000000000000e+00 1.000000000000e+00
   outer loop
     vertex -1.220892663949e+01 -7.464582251804e+00 6.000000000000e+00
     vertex -1.269107336051e+01 -7.464582251804e+00 6.000000000000e+00
     vertex -1.229932914968e+01 -8.209113907377e+00 6.000000000000e+00
   endloop
 endfacet
 facet normal 0.000000000000e+00 0.000000000000e+00 1.000000000000e+00
   outer loop
     vertex -1.050811636515e+01 -8.971368671425e+00 6.000000000000e+00
     vertex -1.123632272822e+01 -9.150855419641e+00 6.000000000000e+00
     vertex -1.120000000000e+01 -9.450000000000e+00 6.000000000000e+00
   endloop
 endfacet
 facet normal 0.000000000000e+00 0.000000000000e+00 1.000000000000e+00
   outer loop
     vertex -1.050811636515e+01 -8.971368671425e+00 6.000000000000e+00
     vertex -1.120000000000e+01 -9.450000000000e+00 6.000000000000e+00
     vertex -1.045000000000e+01 -9.450000000000e+00 6.000000000000e+00
   endloop
 endfacet
 facet normal 0.000000000000e+00 0.000000000000e+00 1.000000000000e+00
   outer loop
     vertex -1.174079022591e+01 -7.579967514629e+00 6.000000000000e+00
     vertex -1.229932914968e+01 -8.209113907377e+00 6.000000000000e+00
     vertex -1.200674389120e+01 -8.281229696643e+00 6.000000000000e+00
   endloop
 endfacet
 facet normal 0.000000000000e+00 0.000000000000e+00 1.000000000000e+00
   outer loop
     vertex -1.174079022591e+01 -7.579967514629e+00 6.000000000000e+00
     vertex -1.220892663949e+01 -7.464582251804e+00 6.000000000000e+00
     vertex -1.229932914968e+01 -8.209113907377e+00 6.000000000000e+00
   endloop
 endfacet
 facet normal 0.000000000000e+00 0.000000000000e+00 1.000000000000e+00
   outer loop
     vertex -1.067908794869e+01 -8.520553655912e+00 6.000000000000e+00
     vertex -1.134317996793e+01 -8.869096034945e+00 6.000000000000e+00
     vertex -1.123632272822e+01 -9.150855419641e+00 6.000000000000e+00
   endloop
 endfacet
 facet normal 0.000000000000e+00 0.000000000000e+00 1.000000000000e+00
   outer loop
     vertex -1.067908794869e+01 -8.520553655912e+00 6.000000000000e+00
     vertex -1.151436156479e+01 -8.621096677199e+00 6.000000000000e+00
     vertex -1.134317996793e+01 -8.869096034945e+00 6.000000000000e+00
   endloop
 endfacet
 facet normal 0.000000000000e+00 0.000000000000e+00 1.000000000000e+00
   outer loop
     vertex -1.067908794869e+01 -8.520553655912e+00 6.000000000000e+00
     vertex -1.123632272822e+01 -9.150855419641e+00 6.000000000000e+00
     vertex -1.050811636515e+01 -8.971368671425e+00 6.000000000000e+00
   endloop
 endfacet
 facet normal 0.000000000000e+00 0.000000000000e+00 1.000000000000e+00
   outer loop
     vertex -1.131387050654e+01 -7.804032268213e+00 6.000000000000e+00
     vertex -1.174079022591e+01 -7.579967514629e+00 6.000000000000e+00
     vertex -1.200674389120e+01 -8.281229696643e+00 6.000000000000e+00
   endloop
 endfacet
 facet normal 0.000000000000e+00 0.000000000000e+00 1.000000000000e+00
   outer loop
     vertex -1.131387050654e+01 -7.804032268213e+00 6.000000000000e+00
     vertex -1.173991906659e+01 -8.421270167633e+00 6.000000000000e+00
     vertex -1.151436156479e+01 -8.621096677199e+00 6.000000000000e+00
   endloop
 endfacet
 facet normal 0.000000000000e+00 0.000000000000e+00 1.000000000000e+00
   outer loop
     vertex -1.131387050654e+01 -7.804032268213e+00 6.000000000000e+00
     vertex -1.200674389120e+01 -8.281229696643e+00 6.000000000000e+00
     vertex -1.173991906659e+01 -8.421270167633e+00 6.000000000000e+00
   endloop
 endfacet
 facet normal 0.000000000000e+00 0.000000000000e+00 1.000000000000e+00
   outer loop
     vertex -1.095297850366e+01 -8.123754683518e+00 6.000000000000e+00
     vertex -1.151436156479e+01 -8.621096677199e+00 6.000000000000e+00
     vertex -1.067908794869e+01 -8.520553655912e+00 6.000000000000e+00
   endloop
 endfacet
 facet normal 0.000000000000e+00 0.000000000000e+00 1.000000000000e+00
   outer loop
     vertex -1.095297850366e+01 -8.123754683518e+00 6.000000000000e+00
     vertex -1.131387050654e+01 -7.804032268213e+00 6.000000000000e+00
     vertex -1.151436156479e+01 -8.621096677199e+00 6.000000000000e+00
   endloop
 endfacet
 facet normal 0.000000000000e+00 0.000000000000e+00 -1.000000000000e+00
   outer loop
     vertex -1.316008093341e+01 -1.047872983237e+01 0.000000000000e+00
     vertex -1.358612949346e+01 -1.109596773179e+01 0.000000000000e+00
     vertex -1.394702149634e+01 -1.077624531648e+01 0.000000000000e+00
   endloop
 endfacet
 facet normal -0.000000000000e+00 0.000000000000e+00 -1.000000000000e+00
   outer loop
     vertex -1.316008093341e+01 -1.047872983237e+01 0.000000000000e+00
     vertex -1.394702149634e+01 -1.077624531648e+01 0.000000000000e+00
     vertex -1.338563843521e+01 -1.027890332280e+01 0.000000000000e+00
   endloop
 endfacet
 facet normal 0.000000000000e+00 0.000000000000e+00 -1.000000000000e+00
   outer loop
     vertex -1.355682003207e+01 -1.003090396505e+01 0.000000000000e+00
     vertex -1.394702149634e+01 -1.077624531648e+01 0.000000000000e+00
     vertex -1.422091205131e+01 -1.037944634409e+01 0.000000000000e+00
   endloop
 endfacet
 facet normal 0.000000000000e+00 -0.000000000000e+00 -1.000000000000e+00
   outer loop
     vertex -1.355682003207e+01 -1.003090396505e+01 0.000000000000e+00
     vertex -1.338563843521e+01 -1.027890332280e+01 0.000000000000e+00
     vertex -1.394702149634e+01 -1.077624531648e+01 0.000000000000e+00
   endloop
 endfacet
 facet normal 0.000000000000e+00 0.000000000000e+00 -1.000000000000e+00
   outer loop
     vertex -1.289325610880e+01 -1.061877030336e+01 0.000000000000e+00
     vertex -1.315920977409e+01 -1.132003248537e+01 0.000000000000e+00
     vertex -1.358612949346e+01 -1.109596773179e+01 0.000000000000e+00
   endloop
 endfacet
 facet normal -0.000000000000e+00 0.000000000000e+00 -1.000000000000e+00
   outer loop
     vertex -1.289325610880e+01 -1.061877030336e+01 0.000000000000e+00
     vertex -1.358612949346e+01 -1.109596773179e+01 0.000000000000e+00
     vertex -1.316008093341e+01 -1.047872983237e+01 0.000000000000e+00
   endloop
 endfacet
 facet normal 0.000000000000e+00 0.000000000000e+00 -1.000000000000e+00
   outer loop
     vertex -1.366367727178e+01 -9.749144580359e+00 0.000000000000e+00
     vertex -1.422091205131e+01 -1.037944634409e+01 0.000000000000e+00
     vertex -1.439188363485e+01 -9.928631328575e+00 0.000000000000e+00
   endloop
 endfacet
 facet normal 0.000000000000e+00 -0.000000000000e+00 -1.000000000000e+00
   outer loop
     vertex -1.366367727178e+01 -9.749144580359e+00 0.000000000000e+00
     vertex -1.355682003207e+01 -1.003090396505e+01 0.000000000000e+00
     vertex -1.422091205131e+01 -1.037944634409e+01 0.000000000000e+00
   endloop
 endfacet
 facet normal 0.000000000000e+00 0.000000000000e+00 -1.000000000000e+00
   outer loop
     vertex -1.260067085032e+01 -1.069088609262e+01 0.000000000000e+00
     vertex -1.269107336051e+01 -1.143541774820e+01 0.000000000000e+00
     vertex -1.315920977409e+01 -1.132003248537e+01 0.000000000000e+00
   endloop
 endfacet
 facet normal -0.000000000000e+00 0.000000000000e+00 -1.000000000000e+00
   outer loop
     vertex -1.260067085032e+01 -1.069088609262e+01 0.000000000000e+00
     vertex -1.315920977409e+01 -1.132003248537e+01 0.000000000000e+00
     vertex -1.289325610880e+01 -1.061877030336e+01 0.000000000000e+00
   endloop
 endfacet
 facet normal -0.000000000000e+00 0.000000000000e+00 -1.000000000000e+00
   outer loop
     vertex -1.370000000000e+01 -9.450000000000e+00 0.000000000000e+00
     vertex -1.439188363485e+01 -9.928631328575e+00 0.000000000000e+00
     vertex -1.445000000000e+01 -9.450000000000e+00 0.000000000000e+00
   endloop
 endfacet
 facet normal 0.000000000000e+00 -0.000000000000e+00 -1.000000000000e+00
   outer loop
     vertex -1.370000000000e+01 -9.450000000000e+00 0.000000000000e+00
     vertex -1.366367727178e+01 -9.749144580359e+00 0.000000000000e+00
     vertex -1.439188363485e+01 -9.928631328575e+00 0.000000000000e+00
   endloop
 endfacet
 facet normal 0.000000000000e+00 -0.000000000000e+00 -1.000000000000e+00
   outer loop
     vertex -1.229932914968e+01 -1.069088609262e+01 0.000000000000e+00
     vertex -1.220892663949e+01 -1.143541774820e+01 0.000000000000e+00
     vertex -1.269107336051e+01 -1.143541774820e+01 0.000000000000e+00
   endloop
 endfacet
 facet normal -0.000000000000e+00 0.000000000000e+00 -1.000000000000e+00
   outer loop
     vertex -1.229932914968e+01 -1.069088609262e+01 0.000000000000e+00
     vertex -1.269107336051e+01 -1.143541774820e+01 0.000000000000e+00
     vertex -1.260067085032e+01 -1.069088609262e+01 0.000000000000e+00
   endloop
 endfacet
 facet normal -0.000000000000e+00 0.000000000000e+00 -1.000000000000e+00
   outer loop
     vertex -1.366367727178e+01 -9.150855419641e+00 0.000000000000e+00
     vertex -1.445000000000e+01 -9.450000000000e+00 0.000000000000e+00
     vertex -1.439188363485e+01 -8.971368671425e+00 0.000000000000e+00
   endloop
 endfacet
 facet normal 0.000000000000e+00 0.000000000000e+00 -1.000000000000e+00
   outer loop
     vertex -1.366367727178e+01 -9.150855419641e+00 0.000000000000e+00
     vertex -1.370000000000e+01 -9.450000000000e+00 0.000000000000e+00
     vertex -1.445000000000e+01 -9.450000000000e+00 0.000000000000e+00
   endloop
 endfacet
 facet normal 0.000000000000e+00 -0.000000000000e+00 -1.000000000000e+00
   outer loop
     vertex -1.200674389120e+01 -1.061877030336e+01 0.000000000000e+00
     vertex -1.174079022591e+01 -1.132003248537e+01 0.000000000000e+00
     vertex -1.220892663949e+01 -1.143541774820e+01 0.000000000000e+00
   endloop
 endfacet
 facet normal 0.000000000000e+00 0.000000000000e+00 -1.000000000000e+00
   outer loop
     vertex -1.200674389120e+01 -1.061877030336e+01 0.000000000000e+00
     vertex -1.220892663949e+01 -1.143541774820e+01 0.000000000000e+00
     vertex -1.229932914968e+01 -1.069088609262e+01 0.000000000000e+00
   endloop
 endfacet
 facet normal -0.000000000000e+00 0.000000000000e+00 -1.000000000000e+00
   outer loop
     vertex -1.355682003207e+01 -8.869096034945e+00 0.000000000000e+00
     vertex -1.439188363485e+01 -8.971368671425e+00 0.000000000000e+00
     vertex -1.422091205131e+01 -8.520553655912e+00 0.000000000000e+00
   endloop
 endfacet
 facet normal 0.000000000000e+00 0.000000000000e+00 -1.000000000000e+00
   outer loop
     vertex -1.355682003207e+01 -8.869096034945e+00 0.000000000000e+00
     vertex -1.366367727178e+01 -9.150855419641e+00 0.000000000000e+00
     vertex -1.439188363485e+01 -8.971368671425e+00 0.000000000000e+00
   endloop
 endfacet
 facet normal 0.000000000000e+00 -0.000000000000e+00 -1.000000000000e+00
   outer loop
     vertex -1.173991906659e+01 -1.047872983237e+01 0.000000000000e+00
     vertex -1.131387050654e+01 -1.109596773179e+01 0.000000000000e+00
     vertex -1.174079022591e+01 -1.132003248537e+01 0.000000000000e+00
   endloop
 endfacet
 facet normal 0.000000000000e+00 0.000000000000e+00 -1.000000000000e+00
   outer loop
     vertex -1.173991906659e+01 -1.047872983237e+01 0.000000000000e+00
     vertex -1.174079022591e+01 -1.132003248537e+01 0.000000000000e+00
     vertex -1.200674389120e+01 -1.061877030336e+01 0.000000000000e+00
   endloop
 endfacet
 facet normal 0.000000000000e+00 0.000000000000e+00 -1.000000000000e+00
   outer loop
     vertex -1.338563843521e+01 -8.621096677199e+00 0.000000000000e+00
     vertex -1.422091205131e+01 -8.520553655912e+00 0.000000000000e+00
     vertex -1.394702149634e+01 -8.123754683518e+00 0.000000000000e+00
   endloop
 endfacet
 facet normal -0.000000000000e+00 0.000000000000e+00 -1.000000000000e+00
   outer loop
     vertex -1.338563843521e+01 -8.621096677199e+00 0.000000000000e+00
     vertex -1.355682003207e+01 -8.869096034945e+00 0.000000000000e+00
     vertex -1.422091205131e+01 -8.520553655912e+00 0.000000000000e+00
   endloop
 endfacet
 facet normal 0.000000000000e+00 0.000000000000e+00 -1.000000000000e+00
   outer loop
     vertex -1.095297850366e+01 -1.077624531648e+01 0.000000000000e+00
     vertex -1.173991906659e+01 -1.047872983237e+01 0.000000000000e+00
     vertex -1.151436156479e+01 -1.027890332280e+01 0.000000000000e+00
   endloop
 endfacet
 facet normal -0.000000000000e+00 0.000000000000e+00 -1.000000000000e+00
   outer loop
     vertex -1.095297850366e+01 -1.077624531648e+01 0.000000000000e+00
     vertex -1.131387050654e+01 -1.109596773179e+01 0.000000000000e+00
     vertex -1.173991906659e+01 -1.047872983237e+01 0.000000000000e+00
   endloop
 endfacet
 facet normal -0.000000000000e+00 0.000000000000e+00 -1.000000000000e+00
   outer loop
     vertex -1.316008093341e+01 -8.421270167633e+00 0.000000000000e+00
     vertex -1.338563843521e+01 -8.621096677199e+00 0.000000000000e+00
     vertex -1.394702149634e+01 -8.123754683518e+00 0.000000000000e+00
   endloop
 endfacet
 facet normal 0.000000000000e+00 -0.000000000000e+00 -1.000000000000e+00
   outer loop
     vertex -1.358612949346e+01 -7.804032268213e+00 0.000000000000e+00
     vertex -1.316008093341e+01 -8.421270167633e+00 0.000000000000e+00
     vertex -1.394702149634e+01 -8.123754683518e+00 0.000000000000e+00
   endloop
 endfacet
 facet normal -0.000000000000e+00 0.000000000000e+00 -1.000000000000e+00
   outer loop
     vertex -1.289325610880e+01 -8.281229696643e+00 0.000000000000e+00
     vertex -1.316008093341e+01 -8.421270167633e+00 0.000000000000e+00
     vertex -1.358612949346e+01 -7.804032268213e+00 0.000000000000e+00
   endloop
 endfacet
 facet normal -0.000000000000e+00 0.000000000000e+00 -1.000000000000e+00
   outer loop
     vertex -1.067908794869e+01 -1.037944634409e+01 0.000000000000e+00
     vertex -1.095297850366e+01 -1.077624531648e+01 0.000000000000e+00
     vertex -1.151436156479e+01 -1.027890332280e+01 0.000000000000e+00
   endloop
 endfacet
 facet normal 0.000000000000e+00 0.000000000000e+00 -1.000000000000e+00
   outer loop
     vertex -1.067908794869e+01 -1.037944634409e+01 0.000000000000e+00
     vertex -1.151436156479e+01 -1.027890332280e+01 0.000000000000e+00
     vertex -1.134317996793e+01 -1.003090396505e+01 0.000000000000e+00
   endloop
 endfacet
 facet normal 0.000000000000e+00 -0.000000000000e+00 -1.000000000000e+00
   outer loop
     vertex -1.315920977409e+01 -7.579967514629e+00 0.000000000000e+00
     vertex -1.289325610880e+01 -8.281229696643e+00 0.000000000000e+00
     vertex -1.358612949346e+01 -7.804032268213e+00 0.000000000000e+00
   endloop
 endfacet
 facet normal 0.000000000000e+00 0.000000000000e+00 -1.000000000000e+00
   outer loop
     vertex -1.050811636515e+01 -9.928631328575e+00 0.000000000000e+00
     vertex -1.067908794869e+01 -1.037944634409e+01 0.000000000000e+00
     vertex -1.134317996793e+01 -1.003090396505e+01 0.000000000000e+00
   endloop
 endfacet
 facet normal -0.000000000000e+00 0.000000000000e+00 -1.000000000000e+00
   outer loop
     vertex -1.050811636515e+01 -9.928631328575e+00 0.000000000000e+00
     vertex -1.134317996793e+01 -1.003090396505e+01 0.000000000000e+00
     vertex -1.123632272822e+01 -9.749144580359e+00 0.000000000000e+00
   endloop
 endfacet
 facet normal 0.000000000000e+00 0.000000000000e+00 -1.000000000000e+00
   outer loop
     vertex -1.269107336051e+01 -7.464582251804e+00 0.000000000000e+00
     vertex -1.289325610880e+01 -8.281229696643e+00 0.000000000000e+00
     vertex -1.315920977409e+01 -7.579967514629e+00 0.000000000000e+00
   endloop
 endfacet
 facet normal 0.000000000000e+00 0.000000000000e+00 -1.000000000000e+00
   outer loop
     vertex -1.269107336051e+01 -7.464582251804e+00 0.000000000000e+00
     vertex -1.229932914968e+01 -8.209113907377e+00 0.000000000000e+00
     vertex -1.260067085032e+01 -8.209113907377e+00 0.000000000000e+00
   endloop
 endfacet
 facet normal 0.000000000000e+00 -0.000000000000e+00 -1.000000000000e+00
   outer loop
     vertex -1.269107336051e+01 -7.464582251804e+00 0.000000000000e+00
     vertex -1.260067085032e+01 -8.209113907377e+00 0.000000000000e+00
     vertex -1.289325610880e+01 -8.281229696643e+00 0.000000000000e+00
   endloop
 endfacet
 facet normal 0.000000000000e+00 0.000000000000e+00 -1.000000000000e+00
   outer loop
     vertex -1.045000000000e+01 -9.450000000000e+00 0.000000000000e+00
     vertex -1.050811636515e+01 -9.928631328575e+00 0.000000000000e+00
     vertex -1.123632272822e+01 -9.749144580359e+00 0.000000000000e+00
   endloop
 endfacet
 facet normal -0.000000000000e+00 0.000000000000e+00 -1.000000000000e+00
   outer loop
     vertex -1.045000000000e+01 -9.450000000000e+00 0.000000000000e+00
     vertex -1.123632272822e+01 -9.749144580359e+00 0.000000000000e+00
     vertex -1.120000000000e+01 -9.450000000000e+00 0.000000000000e+00
   endloop
 endfacet
 facet normal -0.000000000000e+00 0.000000000000e+00 -1.000000000000e+00
   outer loop
     vertex -1.220892663949e+01 -7.464582251804e+00 0.000000000000e+00
     vertex -1.229932914968e+01 -8.209113907377e+00 0.000000000000e+00
     vertex -1.269107336051e+01 -7.464582251804e+00 0.000000000000e+00
   endloop
 endfacet
 facet normal 0.000000000000e+00 0.000000000000e+00 -1.000000000000e+00
   outer loop
     vertex -1.050811636515e+01 -8.971368671425e+00 0.000000000000e+00
     vertex -1.120000000000e+01 -9.450000000000e+00 0.000000000000e+00
     vertex -1.123632272822e+01 -9.150855419641e+00 0.000000000000e+00
   endloop
 endfacet
 facet normal 0.000000000000e+00 -0.000000000000e+00 -1.000000000000e+00
   outer loop
     vertex -1.050811636515e+01 -8.971368671425e+00 0.000000000000e+00
     vertex -1.045000000000e+01 -9.450000000000e+00 0.000000000000e+00
     vertex -1.120000000000e+01 -9.450000000000e+00 0.000000000000e+00
   endloop
 endfacet
 facet normal 0.000000000000e+00 0.000000000000e+00 -1.000000000000e+00
   outer loop
     vertex -1.174079022591e+01 -7.579967514629e+00 0.000000000000e+00
     vertex -1.200674389120e+01 -8.281229696643e+00 0.000000000000e+00
     vertex -1.229932914968e+01 -8.209113907377e+00 0.000000000000e+00
   endloop
 endfacet
 facet normal -0.000000000000e+00 0.000000000000e+00 -1.000000000000e+00
   outer loop
     vertex -1.174079022591e+01 -7.579967514629e+00 0.000000000000e+00
     vertex -1.229932914968e+01 -8.209113907377e+00 0.000000000000e+00
     vertex -1.220892663949e+01 -7.464582251804e+00 0.000000000000e+00
   endloop
 endfacet
 facet normal 0.000000000000e+00 0.000000000000e+00 -1.000000000000e+00
   outer loop
     vertex -1.067908794869e+01 -8.520553655912e+00 0.000000000000e+00
     vertex -1.123632272822e+01 -9.150855419641e+00 0.000000000000e+00
     vertex -1.134317996793e+01 -8.869096034945e+00 0.000000000000e+00
   endloop
 endfacet
 facet normal 0.000000000000e+00 0.000000000000e+00 -1.000000000000e+00
   outer loop
     vertex -1.067908794869e+01 -8.520553655912e+00 0.000000000000e+00
     vertex -1.134317996793e+01 -8.869096034945e+00 0.000000000000e+00
     vertex -1.151436156479e+01 -8.621096677199e+00 0.000000000000e+00
   endloop
 endfacet
 facet normal 0.000000000000e+00 -0.000000000000e+00 -1.000000000000e+00
   outer loop
     vertex -1.067908794869e+01 -8.520553655912e+00 0.000000000000e+00
     vertex -1.050811636515e+01 -8.971368671425e+00 0.000000000000e+00
     vertex -1.123632272822e+01 -9.150855419641e+00 0.000000000000e+00
   endloop
 endfacet
 facet normal -0.000000000000e+00 0.000000000000e+00 -1.000000000000e+00
   outer loop
     vertex -1.131387050654e+01 -7.804032268213e+00 0.000000000000e+00
     vertex -1.200674389120e+01 -8.281229696643e+00 0.000000000000e+00
     vertex -1.174079022591e+01 -7.579967514629e+00 0.000000000000e+00
   endloop
 endfacet
 facet normal 0.000000000000e+00 0.000000000000e+00 -1.000000000000e+00
   outer loop
     vertex -1.131387050654e+01 -7.804032268213e+00 0.000000000000e+00
     vertex -1.151436156479e+01 -8.621096677199e+00 0.000000000000e+00
     vertex -1.173991906659e+01 -8.421270167633e+00 0.000000000000e+00
   endloop
 endfacet
 facet normal 0.000000000000e+00 0.000000000000e+00 -1.000000000000e+00
   outer loop
     vertex -1.131387050654e+01 -7.804032268213e+00 0.000000000000e+00
     vertex -1.173991906659e+01 -8.421270167633e+00 0.000000000000e+00
     vertex -1.200674389120e+01 -8.281229696643e+00 0.000000000000e+00
   endloop
 endfacet
 facet normal 0.000000000000e+00 -0.000000000000e+00 -1.000000000000e+00
   outer loop
     vertex -1.095297850366e+01 -8.123754683518e+00 0.000000000000e+00
     vertex -1.067908794869e+01 -8.520553655912e+00 0.000000000000e+00
     vertex -1.151436156479e+01 -8.621096677199e+00 0.000000000000e+00
   endloop
 endfacet
 facet normal -0.000000000000e+00 0.000000000000e+00 -1.000000000000e+00
   outer loop
     vertex -1.095297850366e+01 -8.123754683518e+00 0.000000000000e+00
     vertex -1.151436156479e+01 -8.621096677199e+00 0.000000000000e+00
     vertex -1.131387050654e+01 -7.804032268213e+00 0.000000000000e+00
   endloop
 endfacet
 facet normal -9.927088740981e-01 -1.205366802553e-01 0.000000000000e+00
   outer loop
     vertex -1.123632272822e+01 -9.150855419641e+00 6.000000000000e+00
     vertex -1.120000000000e+01 -9.450000000000e+00 0.000000000000e+00
     vertex -1.120000000000e+01 -9.450000000000e+00 6.000000000000e+00
   endloop
 endfacet
 facet normal -9.927088740981e-01 -1.205366802553e-01 -0.000000000000e+00
   outer loop
     vertex -1.123632272822e+01 -9.150855419641e+00 6.000000000000e+00
     vertex -1.123632272822e+01 -9.150855419641e+00 0.000000000000e+00
     vertex -1.120000000000e+01 -9.450000000000e+00 0.000000000000e+00
   endloop
 endfacet
 facet normal -9.350162426854e-01 -3.546048870425e-01 -0.000000000000e+00
   outer loop
     vertex -1.134317996793e+01 -8.869096034945e+00 6.000000000000e+00
     vertex -1.134317996793e+01 -8.869096034945e+00 0.000000000000e+00
     vertex -1.123632272822e+01 -9.150855419641e+00 0.000000000000e+00
   endloop
 endfacet
 facet normal -8.229838658937e-01 -5.680647467312e-01 -0.000000000000e+00
   outer loop
     vertex -1.134317996793e+01 -8.869096034945e+00 6.000000000000e+00
     vertex -1.151436156479e+01 -8.621096677199e+00 0.000000000000e+00
     vertex -1.134317996793e+01 -8.869096034945e+00 0.000000000000e+00
   endloop
 endfacet
 facet normal -9.350162426854e-01 -3.546048870425e-01 0.000000000000e+00
   outer loop
     vertex -1.134317996793e+01 -8.869096034945e+00 6.000000000000e+00
     vertex -1.123632272822e+01 -9.150855419641e+00 0.000000000000e+00
     vertex -1.123632272822e+01 -9.150855419641e+00 6.000000000000e+00
   endloop
 endfacet
 facet normal -8.229838658937e-01 -5.680647467312e-01 -0.000000000000e+00
   outer loop
     vertex -1.151436156479e+01 -8.621096677199e+00 6.000000000000e+00
     vertex -1.151436156479e+01 -8.621096677199e+00 0.000000000000e+00
     vertex -1.134317996793e+01 -8.869096034945e+00 6.000000000000e+00
   endloop
 endfacet
 facet normal -6.631226582408e-01 -7.485107481711e-01 -0.000000000000e+00
   outer loop
     vertex -1.173991906659e+01 -8.421270167633e+00 6.000000000000e+00
     vertex -1.173991906659e+01 -8.421270167633e+00 0.000000000000e+00
     vertex -1.151436156479e+01 -8.621096677199e+00 0.000000000000e+00
   endloop
 endfacet
 facet normal -4.647231720438e-01 -8.854560256532e-01 -0.000000000000e+00
   outer loop
     vertex -1.173991906659e+01 -8.421270167633e+00 6.000000000000e+00
     vertex -1.200674389120e+01 -8.281229696643e+00 0.000000000000e+00
     vertex -1.173991906659e+01 -8.421270167633e+00 0.000000000000e+00
   endloop
 endfacet
 facet normal -6.631226582408e-01 -7.485107481711e-01 0.000000000000e+00
   outer loop
     vertex -1.173991906659e+01 -8.421270167633e+00 6.000000000000e+00
     vertex -1.151436156479e+01 -8.621096677199e+00 0.000000000000e+00
     vertex -1.151436156479e+01 -8.621096677199e+00 6.000000000000e+00
   endloop
 endfacet
 facet normal -4.647231720438e-01 -8.854560256532e-01 -0.000000000000e+00
   outer loop
     vertex -1.200674389120e+01 -8.281229696643e+00 6.000000000000e+00
     vertex -1.200674389120e+01 -8.281229696643e+00 0.000000000000e+00
     vertex -1.173991906659e+01 -8.421270167633e+00 6.000000000000e+00
   endloop
 endfacet
 facet normal -2.393156642876e-01 -9.709418174261e-01 -0.000000000000e+00
   outer loop
     vertex -1.229932914968e+01 -8.209113907377e+00 6.000000000000e+00
     vertex -1.229932914968e+01 -8.209113907377e+00 0.000000000000e+00
     vertex -1.200674389120e+01 -8.281229696643e+00 0.000000000000e+00
   endloop
 endfacet
 facet normal -2.393156642876e-01 -9.709418174261e-01 0.000000000000e+00
   outer loop
     vertex -1.229932914968e+01 -8.209113907377e+00 6.000000000000e+00
     vertex -1.200674389120e+01 -8.281229696643e+00 0.000000000000e+00
     vertex -1.200674389120e+01 -8.281229696643e+00 6.000000000000e+00
   endloop
 endfacet
 facet normal 0.000000000000e+00 -1.000000000000e+00 0.000000000000e+00
   outer loop
     vertex -1.260067085032e+01 -8.209113907377e+00 6.000000000000e+00
     vertex -1.260067085032e+01 -8.209113907377e+00 0.000000000000e+00
     vertex -1.229932914968e+01 -8.209113907377e+00 0.000000000000e+00
   endloop
 endfacet
 facet normal 0.000000000000e+00 -1.000000000000e+00 0.000000000000e+00
   outer loop
     vertex -1.260067085032e+01 -8.209113907377e+00 6.000000000000e+00
     vertex -1.229932914968e+01 -8.209113907377e+00 0.000000000000e+00
     vertex -1.229932914968e+01 -8.209113907377e+00 6.000000000000e+00
   endloop
 endfacet
 facet normal 2.393156642876e-01 -9.709418174261e-01 0.000000000000e+00
   outer loop
     vertex -1.289325610880e+01 -8.281229696643e+00 6.000000000000e+00
     vertex -1.289325610880e+01 -8.281229696643e+00 0.000000000000e+00
     vertex -1.260067085032e+01 -8.209113907377e+00 0.000000000000e+00
   endloop
 endfacet
 facet normal 4.647231720438e-01 -8.854560256532e-01 0.000000000000e+00
   outer loop
     vertex -1.289325610880e+01 -8.281229696643e+00 6.000000000000e+00
     vertex -1.316008093341e+01 -8.421270167633e+00 0.000000000000e+00
     vertex -1.289325610880e+01 -8.281229696643e+00 0.000000000000e+00
   endloop
 endfacet
 facet normal 2.393156642876e-01 -9.709418174261e-01 0.000000000000e+00
   outer loop
     vertex -1.289325610880e+01 -8.281229696643e+00 6.000000000000e+00
     vertex -1.260067085032e+01 -8.209113907377e+00 0.000000000000e+00
     vertex -1.260067085032e+01 -8.209113907377e+00 6.000000000000e+00
   endloop
 endfacet
 facet normal 4.647231720438e-01 -8.854560256532e-01 0.000000000000e+00
   outer loop
     vertex -1.316008093341e+01 -8.421270167633e+00 6.000000000000e+00
     vertex -1.316008093341e+01 -8.421270167633e+00 0.000000000000e+00
     vertex -1.289325610880e+01 -8.281229696643e+00 6.000000000000e+00
   endloop
 endfacet
 facet normal 6.631226582408e-01 -7.485107481711e-01 0.000000000000e+00
   outer loop
     vertex -1.338563843521e+01 -8.621096677199e+00 6.000000000000e+00
     vertex -1.338563843521e+01 -8.621096677199e+00 0.000000000000e+00
     vertex -1.316008093341e+01 -8.421270167633e+00 0.000000000000e+00
   endloop
 endfacet
 facet normal 6.631226582408e-01 -7.485107481711e-01 0.000000000000e+00
   outer loop
     vertex -1.338563843521e+01 -8.621096677199e+00 6.000000000000e+00
     vertex -1.316008093341e+01 -8.421270167633e+00 0.000000000000e+00
     vertex -1.316008093341e+01 -8.421270167633e+00 6.000000000000e+00
   endloop
 endfacet
 facet normal 8.229838658937e-01 -5.680647467312e-01 0.000000000000e+00
   outer loop
     vertex -1.355682003207e+01 -8.869096034945e+00 6.000000000000e+00
     vertex -1.355682003207e+01 -8.869096034945e+00 0.000000000000e+00
     vertex -1.338563843521e+01 -8.621096677199e+00 0.000000000000e+00
   endloop
 endfacet
 facet normal 9.350162426854e-01 -3.546048870425e-01 0.000000000000e+00
   outer loop
     vertex -1.355682003207e+01 -8.869096034945e+00 6.000000000000e+00
     vertex -1.366367727178e+01 -9.150855419641e+00 0.000000000000e+00
     vertex -1.355682003207e+01 -8.869096034945e+00 0.000000000000e+00
   endloop
 endfacet
 facet normal 8.229838658937e-01 -5.680647467312e-01 0.000000000000e+00
   outer loop
     vertex -1.355682003207e+01 -8.869096034945e+00 6.000000000000e+00
     vertex -1.338563843521e+01 -8.621096677199e+00 0.000000000000e+00
     vertex -1.338563843521e+01 -8.621096677199e+00 6.000000000000e+00
   endloop
 endfacet
 facet normal 9.350162426854e-01 -3.546048870425e-01 0.000000000000e+00
   outer loop
     vertex -1.366367727178e+01 -9.150855419641e+00 6.000000000000e+00
     vertex -1.366367727178e+01 -9.150855419641e+00 0.000000000000e+00
     vertex -1.355682003207e+01 -8.869096034945e+00 6.000000000000e+00
   endloop
 endfacet
 facet normal 9.927088740981e-01 -1.205366802553e-01 0.000000000000e+00
   outer loop
     vertex -1.366367727178e+01 -9.150855419641e+00 6.000000000000e+00
     vertex -1.370000000000e+01 -9.450000000000e+00 0.000000000000e+00
     vertex -1.366367727178e+01 -9.150855419641e+00 0.000000000000e+00
   endloop
 endfacet
 facet normal 9.927088740981e-01 -1.205366802553e-01 0.000000000000e+00
   outer loop
     vertex -1.370000000000e+01 -9.450000000000e+00 6.000000000000e+00
     vertex -1.370000000000e+01 -9.450000000000e+00 0.000000000000e+00
     vertex -1.366367727178e+01 -9.150855419641e+00 6.000000000000e+00
   endloop
 endfacet
 facet normal 9.927088740981e-01 1.205366802553e-01 0.000000000000e+00
   outer loop
     vertex -1.366367727178e+01 -9.749144580359e+00 6.000000000000e+00
     vertex -1.370000000000e+01 -9.450000000000e+00 0.000000000000e+00
     vertex -1.370000000000e+01 -9.450000000000e+00 6.000000000000e+00
   endloop
 endfacet
 facet normal 9.927088740981e-01 1.205366802553e-01 0.000000000000e+00
   outer loop
     vertex -1.366367727178e+01 -9.749144580359e+00 6.000000000000e+00
     vertex -1.366367727178e+01 -9.749144580359e+00 0.000000000000e+00
     vertex -1.370000000000e+01 -9.450000000000e+00 0.000000000000e+00
   endloop
 endfacet
 facet normal 9.350162426854e-01 3.546048870425e-01 0.000000000000e+00
   outer loop
     vertex -1.366367727178e+01 -9.749144580359e+00 6.000000000000e+00
     vertex -1.355682003207e+01 -1.003090396505e+01 0.000000000000e+00
     vertex -1.366367727178e+01 -9.749144580359e+00 0.000000000000e+00
   endloop
 endfacet
 facet normal 9.350162426854e-01 3.546048870425e-01 0.000000000000e+00
   outer loop
     vertex -1.355682003207e+01 -1.003090396505e+01 6.000000000000e+00
     vertex -1.355682003207e+01 -1.003090396505e+01 0.000000000000e+00
     vertex -1.366367727178e+01 -9.749144580359e+00 6.000000000000e+00
   endloop
 endfacet
 facet normal 8.229838658937e-01 5.680647467312e-01 0.000000000000e+00
   outer loop
     vertex -1.338563843521e+01 -1.027890332280e+01 6.000000000000e+00
     vertex -1.355682003207e+01 -1.003090396505e+01 0.000000000000e+00
     vertex -1.355682003207e+01 -1.003090396505e+01 6.000000000000e+00
   endloop
 endfacet
 facet normal 8.229838658937e-01 5.680647467312e-01 0.000000000000e+00
   outer loop
     vertex -1.338563843521e+01 -1.027890332280e+01 6.000000000000e+00
     vertex -1.338563843521e+01 -1.027890332280e+01 0.000000000000e+00
     vertex -1.355682003207e+01 -1.003090396505e+01 0.000000000000e+00
   endloop
 endfacet
 facet normal 6.631226582408e-01 7.485107481711e-01 0.000000000000e+00
   outer loop
     vertex -1.316008093341e+01 -1.047872983237e+01 6.000000000000e+00
     vertex -1.338563843521e+01 -1.027890332280e+01 0.000000000000e+00
     vertex -1.338563843521e+01 -1.027890332280e+01 6.000000000000e+00
   endloop
 endfacet
 facet normal 6.631226582408e-01 7.485107481711e-01 0.000000000000e+00
   outer loop
     vertex -1.316008093341e+01 -1.047872983237e+01 6.000000000000e+00
     vertex -1.316008093341e+01 -1.047872983237e+01 0.000000000000e+00
     vertex -1.338563843521e+01 -1.027890332280e+01 0.000000000000e+00
   endloop
 endfacet
 facet normal 4.647231720438e-01 8.854560256532e-01 0.000000000000e+00
   outer loop
     vertex -1.316008093341e+01 -1.047872983237e+01 6.000000000000e+00
     vertex -1.289325610880e+01 -1.061877030336e+01 0.000000000000e+00
     vertex -1.316008093341e+01 -1.047872983237e+01 0.000000000000e+00
   endloop
 endfacet
 facet normal 4.647231720438e-01 8.854560256532e-01 0.000000000000e+00
   outer loop
     vertex -1.289325610880e+01 -1.061877030336e+01 6.000000000000e+00
     vertex -1.289325610880e+01 -1.061877030336e+01 0.000000000000e+00
     vertex -1.316008093341e+01 -1.047872983237e+01 6.000000000000e+00
   endloop
 endfacet
 facet normal 2.393156642876e-01 9.709418174261e-01 0.000000000000e+00
   outer loop
     vertex -1.260067085032e+01 -1.069088609262e+01 6.000000000000e+00
     vertex -1.289325610880e+01 -1.061877030336e+01 0.000000000000e+00
     vertex -1.289325610880e+01 -1.061877030336e+01 6.000000000000e+00
   endloop
 endfacet
 facet normal 2.393156642876e-01 9.709418174261e-01 0.000000000000e+00
   outer loop
     vertex -1.260067085032e+01 -1.069088609262e+01 6.000000000000e+00
     vertex -1.260067085032e+01 -1.069088609262e+01 0.000000000000e+00
     vertex -1.289325610880e+01 -1.061877030336e+01 0.000000000000e+00
   endloop
 endfacet
 facet normal 0.000000000000e+00 1.000000000000e+00 0.000000000000e+00
   outer loop
     vertex -1.260067085032e+01 -1.069088609262e+01 6.000000000000e+00
     vertex -1.229932914968e+01 -1.069088609262e+01 0.000000000000e+00
     vertex -1.260067085032e+01 -1.069088609262e+01 0.000000000000e+00
   endloop
 endfacet
 facet normal 0.000000000000e+00 1.000000000000e+00 0.000000000000e+00
   outer loop
     vertex -1.229932914968e+01 -1.069088609262e+01 6.000000000000e+00
     vertex -1.229932914968e+01 -1.069088609262e+01 0.000000000000e+00
     vertex -1.260067085032e+01 -1.069088609262e+01 6.000000000000e+00
   endloop
 endfacet
 facet normal -2.393156642876e-01 9.709418174261e-01 0.000000000000e+00
   outer loop
     vertex -1.229932914968e+01 -1.069088609262e+01 6.000000000000e+00
     vertex -1.200674389120e+01 -1.061877030336e+01 0.000000000000e+00
     vertex -1.229932914968e+01 -1.069088609262e+01 0.000000000000e+00
   endloop
 endfacet
 facet normal -2.393156642876e-01 9.709418174261e-01 0.000000000000e+00
   outer loop
     vertex -1.200674389120e+01 -1.061877030336e+01 6.000000000000e+00
     vertex -1.200674389120e+01 -1.061877030336e+01 0.000000000000e+00
     vertex -1.229932914968e+01 -1.069088609262e+01 6.000000000000e+00
   endloop
 endfacet
 facet normal -4.647231720438e-01 8.854560256532e-01 0.000000000000e+00
   outer loop
     vertex -1.173991906659e+01 -1.047872983237e+01 6.000000000000e+00
     vertex -1.200674389120e+01 -1.061877030336e+01 0.000000000000e+00
     vertex -1.200674389120e+01 -1.061877030336e+01 6.000000000000e+00
   endloop
 endfacet
 facet normal -4.647231720438e-01 8.854560256532e-01 0.000000000000e+00
   outer loop
     vertex -1.173991906659e+01 -1.047872983237e+01 6.000000000000e+00
     vertex -1.173991906659e+01 -1.047872983237e+01 0.000000000000e+00
     vertex -1.200674389120e+01 -1.061877030336e+01 0.000000000000e+00
   endloop
 endfacet
 facet normal -6.631226582408e-01 7.485107481711e-01 0.000000000000e+00
   outer loop
     vertex -1.173991906659e+01 -1.047872983237e+01 6.000000000000e+00
     vertex -1.151436156479e+01 -1.027890332280e+01 0.000000000000e+00
     vertex -1.173991906659e+01 -1.047872983237e+01 0.000000000000e+00
   endloop
 endfacet
 facet normal -6.631226582408e-01 7.485107481711e-01 0.000000000000e+00
   outer loop
     vertex -1.151436156479e+01 -1.027890332280e+01 6.000000000000e+00
     vertex -1.151436156479e+01 -1.027890332280e+01 0.000000000000e+00
     vertex -1.173991906659e+01 -1.047872983237e+01 6.000000000000e+00
   endloop
 endfacet
 facet normal -8.229838658937e-01 5.680647467312e-01 0.000000000000e+00
   outer loop
     vertex -1.134317996793e+01 -1.003090396505e+01 6.000000000000e+00
     vertex -1.134317996793e+01 -1.003090396505e+01 0.000000000000e+00
     vertex -1.151436156479e+01 -1.027890332280e+01 0.000000000000e+00
   endloop
 endfacet
 facet normal -9.350162426854e-01 3.546048870425e-01 0.000000000000e+00
   outer loop
     vertex -1.134317996793e+01 -1.003090396505e+01 6.000000000000e+00
     vertex -1.123632272822e+01 -9.749144580359e+00 0.000000000000e+00
     vertex -1.134317996793e+01 -1.003090396505e+01 0.000000000000e+00
   endloop
 endfacet
 facet normal -8.229838658937e-01 5.680647467312e-01 0.000000000000e+00
   outer loop
     vertex -1.134317996793e+01 -1.003090396505e+01 6.000000000000e+00
     vertex -1.151436156479e+01 -1.027890332280e+01 0.000000000000e+00
     vertex -1.151436156479e+01 -1.027890332280e+01 6.000000000000e+00
   endloop
 endfacet
 facet normal -9.350162426854e-01 3.546048870425e-01 0.000000000000e+00
   outer loop
     vertex -1.123632272822e+01 -9.749144580359e+00 6.000000000000e+00
     vertex -1.123632272822e+01 -9.749144580359e+00 0.000000000000e+00
     vertex -1.134317996793e+01 -1.003090396505e+01 6.000000000000e+00
   endloop
 endfacet
 facet normal -9.927088740981e-01 1.205366802553e-01 0.000000000000e+00
   outer loop
     vertex -1.120000000000e+01 -9.450000000000e+00 6.000000000000e+00
     vertex -1.120000000000e+01 -9.450000000000e+00 0.000000000000e+00
     vertex -1.123632272822e+01 -9.749144580359e+00 0.000000000000e+00
   endloop
 endfacet
 facet normal -9.927088740981e-01 1.205366802553e-01 0.000000000000e+00
   outer loop
     vertex -1.120000000000e+01 -9.450000000000e+00 6.000000000000e+00
     vertex -1.123632272822e+01 -9.749144580359e+00 0.000000000000e+00
     vertex -1.123632272822e+01 -9.749144580359e+00 6.000000000000e+00
   endloop
 endfacet
 facet normal 9.927088740981e-01 1.205366802553e-01 0.000000000000e+00
   outer loop
     vertex -1.050811636515e+01 9.928631328575e+00 6.000000000000e+00
     vertex -1.045000000000e+01 9.450000000000e+00 6.000000000000e+00
     vertex -1.045000000000e+01 9.450000000000e+00 0.000000000000e+00
   endloop
 endfacet
 facet normal 9.927088740981e-01 1.205366802553e-01 0.000000000000e+00
   outer loop
     vertex -1.050811636515e+01 9.928631328575e+00 6.000000000000e+00
     vertex -1.045000000000e+01 9.450000000000e+00 0.000000000000e+00
     vertex -1.050811636515e+01 9.928631328575e+00 0.000000000000e+00
   endloop
 endfacet
 facet normal 9.350162426854e-01 3.546048870425e-01 0.000000000000e+00
   outer loop
     vertex -1.067908794869e+01 1.037944634409e+01 6.000000000000e+00
     vertex -1.050811636515e+01 9.928631328575e+00 0.000000000000e+00
     vertex -1.067908794869e+01 1.037944634409e+01 0.000000000000e+00
   endloop
 endfacet
 facet normal 8.229838658937e-01 5.680647467312e-01 0.000000000000e+00
   outer loop
     vertex -1.067908794869e+01 1.037944634409e+01 6.000000000000e+00
     vertex -1.067908794869e+01 1.037944634409e+01 0.000000000000e+00
     vertex -1.095297850366e+01 1.077624531648e+01 0.000000000000e+00
   endloop
 endfacet
 facet normal 9.350162426854e-01 3.546048870425e-01 0.000000000000e+00
   outer loop
     vertex -1.067908794869e+01 1.037944634409e+01 6.000000000000e+00
     vertex -1.050811636515e+01 9.928631328575e+00 6.000000000000e+00
     vertex -1.050811636515e+01 9.928631328575e+00 0.000000000000e+00
   endloop
 endfacet
 facet normal 8.229838658937e-01 5.680647467312e-01 0.000000000000e+00
   outer loop
     vertex -1.095297850366e+01 1.077624531648e+01 6.000000000000e+00
     vertex -1.067908794869e+01 1.037944634409e+01 6.000000000000e+00
     vertex -1.095297850366e+01 1.077624531648e+01 0.000000000000e+00
   endloop
 endfacet
 facet normal 6.631226582408e-01 7.485107481711e-01 0.000000000000e+00
   outer loop
     vertex -1.131387050654e+01 1.109596773179e+01 6.000000000000e+00
     vertex -1.095297850366e+01 1.077624531648e+01 0.000000000000e+00
     vertex -1.131387050654e+01 1.109596773179e+01 0.000000000000e+00
   endloop
 endfacet
 facet normal 4.647231720438e-01 8.854560256532e-01 0.000000000000e+00
   outer loop
     vertex -1.131387050654e+01 1.109596773179e+01 6.000000000000e+00
     vertex -1.131387050654e+01 1.109596773179e+01 0.000000000000e+00
     vertex -1.174079022591e+01 1.132003248537e+01 0.000000000000e+00
   endloop
 endfacet
 facet normal 6.631226582408e-01 7.485107481711e-01 0.000000000000e+00
   outer loop
     vertex -1.131387050654e+01 1.109596773179e+01 6.000000000000e+00
     vertex -1.095297850366e+01 1.077624531648e+01 6.000000000000e+00
     vertex -1.095297850366e+01 1.077624531648e+01 0.000000000000e+00
   endloop
 endfacet
 facet normal 4.647231720438e-01 8.854560256532e-01 0.000000000000e+00
   outer loop
     vertex -1.174079022591e+01 1.132003248537e+01 6.000000000000e+00
     vertex -1.131387050654e+01 1.109596773179e+01 6.000000000000e+00
     vertex -1.174079022591e+01 1.132003248537e+01 0.000000000000e+00
   endloop
 endfacet
 facet normal 2.393156642876e-01 9.709418174261e-01 0.000000000000e+00
   outer loop
     vertex -1.220892663949e+01 1.143541774820e+01 6.000000000000e+00
     vertex -1.174079022591e+01 1.132003248537e+01 0.000000000000e+00
     vertex -1.220892663949e+01 1.143541774820e+01 0.000000000000e+00
   endloop
 endfacet
 facet normal 2.393156642876e-01 9.709418174261e-01 0.000000000000e+00
   outer loop
     vertex -1.220892663949e+01 1.143541774820e+01 6.000000000000e+00
     vertex -1.174079022591e+01 1.132003248537e+01 6.000000000000e+00
     vertex -1.174079022591e+01 1.132003248537e+01 0.000000000000e+00
   endloop
 endfacet
 facet normal 0.000000000000e+00 1.000000000000e+00 0.000000000000e+00
   outer loop
     vertex -1.269107336051e+01 1.143541774820e+01 6.000000000000e+00
     vertex -1.220892663949e+01 1.143541774820e+01 0.000000000000e+00
     vertex -1.269107336051e+01 1.143541774820e+01 0.000000000000e+00
   endloop
 endfacet
 facet normal -0.000000000000e+00 1.000000000000e+00 0.000000000000e+00
   outer loop
     vertex -1.269107336051e+01 1.143541774820e+01 6.000000000000e+00
     vertex -1.220892663949e+01 1.143541774820e+01 6.000000000000e+00
     vertex -1.220892663949e+01 1.143541774820e+01 0.000000000000e+00
   endloop
 endfacet
 facet normal -2.393156642876e-01 9.709418174261e-01 0.000000000000e+00
   outer loop
     vertex -1.315920977409e+01 1.132003248537e+01 6.000000000000e+00
     vertex -1.269107336051e+01 1.143541774820e+01 0.000000000000e+00
     vertex -1.315920977409e+01 1.132003248537e+01 0.000000000000e+00
   endloop
 endfacet
 facet normal -4.647231720438e-01 8.854560256532e-01 0.000000000000e+00
   outer loop
     vertex -1.315920977409e+01 1.132003248537e+01 6.000000000000e+00
     vertex -1.315920977409e+01 1.132003248537e+01 0.000000000000e+00
     vertex -1.358612949346e+01 1.109596773179e+01 0.000000000000e+00
   endloop
 endfacet
 facet normal -2.393156642876e-01 9.709418174261e-01 0.000000000000e+00
   outer loop
     vertex -1.315920977409e+01 1.132003248537e+01 6.000000000000e+00
     vertex -1.269107336051e+01 1.143541774820e+01 6.000000000000e+00
     vertex -1.269107336051e+01 1.143541774820e+01 0.000000000000e+00
   endloop
 endfacet
 facet normal -4.647231720438e-01 8.854560256532e-01 0.000000000000e+00
   outer loop
     vertex -1.358612949346e+01 1.109596773179e+01 6.000000000000e+00
     vertex -1.315920977409e+01 1.132003248537e+01 6.000000000000e+00
     vertex -1.358612949346e+01 1.109596773179e+01 0.000000000000e+00
   endloop
 endfacet
 facet normal -6.631226582408e-01 7.485107481711e-01 0.000000000000e+00
   outer loop
     vertex -1.394702149634e+01 1.077624531648e+01 6.000000000000e+00
     vertex -1.358612949346e+01 1.109596773179e+01 0.000000000000e+00
     vertex -1.394702149634e+01 1.077624531648e+01 0.000000000000e+00
   endloop
 endfacet
 facet normal -6.631226582408e-01 7.485107481711e-01 0.000000000000e+00
   outer loop
     vertex -1.394702149634e+01 1.077624531648e+01 6.000000000000e+00
     vertex -1.358612949346e+01 1.109596773179e+01 6.000000000000e+00
     vertex -1.358612949346e+01 1.109596773179e+01 0.000000000000e+00
   endloop
 endfacet
 facet normal -8.229838658937e-01 5.680647467312e-01 0.000000000000e+00
   outer loop
     vertex -1.422091205131e+01 1.037944634409e+01 6.000000000000e+00
     vertex -1.394702149634e+01 1.077624531648e+01 0.000000000000e+00
     vertex -1.422091205131e+01 1.037944634409e+01 0.000000000000e+00
   endloop
 endfacet
 facet normal -9.350162426854e-01 3.546048870425e-01 0.000000000000e+00
   outer loop
     vertex -1.422091205131e+01 1.037944634409e+01 6.000000000000e+00
     vertex -1.422091205131e+01 1.037944634409e+01 0.000000000000e+00
     vertex -1.439188363485e+01 9.928631328575e+00 0.000000000000e+00
   endloop
 endfacet
 facet normal -8.229838658937e-01 5.680647467312e-01 0.000000000000e+00
   outer loop
     vertex -1.422091205131e+01 1.037944634409e+01 6.000000000000e+00
     vertex -1.394702149634e+01 1.077624531648e+01 6.000000000000e+00
     vertex -1.394702149634e+01 1.077624531648e+01 0.000000000000e+00
   endloop
 endfacet
 facet normal -9.350162426854e-01 3.546048870425e-01 0.000000000000e+00
   outer loop
     vertex -1.439188363485e+01 9.928631328575e+00 6.000000000000e+00
     vertex -1.422091205131e+01 1.037944634409e+01 6.000000000000e+00
     vertex -1.439188363485e+01 9.928631328575e+00 0.000000000000e+00
   endloop
 endfacet
 facet normal -9.927088740981e-01 1.205366802553e-01 0.000000000000e+00
   outer loop
     vertex -1.439188363485e+01 9.928631328575e+00 6.000000000000e+00
     vertex -1.439188363485e+01 9.928631328575e+00 0.000000000000e+00
     vertex -1.445000000000e+01 9.450000000000e+00 0.000000000000e+00
   endloop
 endfacet
 facet normal -9.927088740981e-01 1.205366802553e-01 0.000000000000e+00
   outer loop
     vertex -1.445000000000e+01 9.450000000000e+00 6.000000000000e+00
     vertex -1.439188363485e+01 9.928631328575e+00 6.000000000000e+00
     vertex -1.445000000000e+01 9.450000000000e+00 0.000000000000e+00
   endloop
 endfacet
 facet normal -9.927088740981e-01 -1.205366802553e-01 0.000000000000e+00
   outer loop
     vertex -1.439188363485e+01 8.971368671425e+00 6.000000000000e+00
     vertex -1.445000000000e+01 9.450000000000e+00 6.000000000000e+00
     vertex -1.445000000000e+01 9.450000000000e+00 0.000000000000e+00
   endloop
 endfacet
 facet normal -9.927088740981e-01 -1.205366802553e-01 -0.000000000000e+00
   outer loop
     vertex -1.439188363485e+01 8.971368671425e+00 6.000000000000e+00
     vertex -1.445000000000e+01 9.450000000000e+00 0.000000000000e+00
     vertex -1.439188363485e+01 8.971368671425e+00 0.000000000000e+00
   endloop
 endfacet
 facet normal -9.350162426854e-01 -3.546048870425e-01 -0.000000000000e+00
   outer loop
     vertex -1.439188363485e+01 8.971368671425e+00 6.000000000000e+00
     vertex -1.439188363485e+01 8.971368671425e+00 0.000000000000e+00
     vertex -1.422091205131e+01 8.520553655912e+00 0.000000000000e+00
   endloop
 endfacet
 facet normal -9.350162426854e-01 -3.546048870425e-01 -0.000000000000e+00
   outer loop
     vertex -1.422091205131e+01 8.520553655912e+00 6.000000000000e+00
     vertex -1.439188363485e+01 8.971368671425e+00 6.000000000000e+00
     vertex -1.422091205131e+01 8.520553655912e+00 0.000000000000e+00
   endloop
 endfacet
 facet normal -8.229838658937e-01 -5.680647467312e-01 0.000000000000e+00
   outer loop
     vertex -1.394702149634e+01 8.123754683518e+00 6.000000000000e+00
     vertex -1.422091205131e+01 8.520553655912e+00 6.000000000000e+00
     vertex -1.422091205131e+01 8.520553655912e+00 0.000000000000e+00
   endloop
 endfacet
 facet normal -8.229838658937e-01 -5.680647467312e-01 -0.000000000000e+00
   outer loop
     vertex -1.394702149634e+01 8.123754683518e+00 6.000000000000e+00
     vertex -1.422091205131e+01 8.520553655912e+00 0.000000000000e+00
     vertex -1.394702149634e+01 8.123754683518e+00 0.000000000000e+00
   endloop
 endfacet
 facet normal -6.631226582408e-01 -7.485107481711e-01 0.000000000000e+00
   outer loop
     vertex -1.358612949346e+01 7.804032268213e+00 6.000000000000e+00
     vertex -1.394702149634e+01 8.123754683518e+00 6.000000000000e+00
     vertex -1.394702149634e+01 8.123754683518e+00 0.000000000000e+00
   endloop
 endfacet
 facet normal -6.631226582408e-01 -7.485107481711e-01 -0.000000000000e+00
   outer loop
     vertex -1.358612949346e+01 7.804032268213e+00 6.000000000000e+00
     vertex -1.394702149634e+01 8.123754683518e+00 0.000000000000e+00
     vertex -1.358612949346e+01 7.804032268213e+00 0.000000000000e+00
   endloop
 endfacet
 facet normal -4.647231720438e-01 -8.854560256532e-01 -0.000000000000e+00
   outer loop
     vertex -1.358612949346e+01 7.804032268213e+00 6.000000000000e+00
     vertex -1.358612949346e+01 7.804032268213e+00 0.000000000000e+00
     vertex -1.315920977409e+01 7.579967514629e+00 0.000000000000e+00
   endloop
 endfacet
 facet normal -4.647231720438e-01 -8.854560256532e-01 -0.000000000000e+00
   outer loop
     vertex -1.315920977409e+01 7.579967514629e+00 6.000000000000e+00
     vertex -1.358612949346e+01 7.804032268213e+00 6.000000000000e+00
     vertex -1.315920977409e+01 7.579967514629e+00 0.000000000000e+00
   endloop
 endfacet
 facet normal -2.393156642876e-01 -9.709418174261e-01 0.000000000000e+00
   outer loop
     vertex -1.269107336051e+01 7.464582251804e+00 6.000000000000e+00
     vertex -1.315920977409e+01 7.579967514629e+00 6.000000000000e+00
     vertex -1.315920977409e+01 7.579967514629e+00 0.000000000000e+00
   endloop
 endfacet
 facet normal -2.393156642876e-01 -9.709418174261e-01 -0.000000000000e+00
   outer loop
     vertex -1.269107336051e+01 7.464582251804e+00 6.000000000000e+00
     vertex -1.315920977409e+01 7.579967514629e+00 0.000000000000e+00
     vertex -1.269107336051e+01 7.464582251804e+00 0.000000000000e+00
   endloop
 endfacet
 facet normal -1.842133070653e-15 -1.000000000000e+00 -0.000000000000e+00
   outer loop
     vertex -1.269107336051e+01 7.464582251804e+00 6.000000000000e+00
     vertex -1.269107336051e+01 7.464582251804e+00 0.000000000000e+00
     vertex -1.220892663949e+01 7.464582251804e+00 0.000000000000e+00
   endloop
 endfacet
 facet normal -1.842133070653e-15 -1.000000000000e+00 -0.000000000000e+00
   outer loop
     vertex -1.220892663949e+01 7.464582251804e+00 6.000000000000e+00
     vertex -1.269107336051e+01 7.464582251804e+00 6.000000000000e+00
     vertex -1.220892663949e+01 7.464582251804e+00 0.000000000000e+00
   endloop
 endfacet
 facet normal 2.393156642876e-01 -9.709418174261e-01 0.000000000000e+00
   outer loop
     vertex -1.220892663949e+01 7.464582251804e+00 6.000000000000e+00
     vertex -1.220892663949e+01 7.464582251804e+00 0.000000000000e+00
     vertex -1.174079022591e+01 7.579967514629e+00 0.000000000000e+00
   endloop
 endfacet
 facet normal 2.393156642876e-01 -9.709418174261e-01 0.000000000000e+00
   outer loop
     vertex -1.174079022591e+01 7.579967514629e+00 6.000000000000e+00
     vertex -1.220892663949e+01 7.464582251804e+00 6.000000000000e+00
     vertex -1.174079022591e+01 7.579967514629e+00 0.000000000000e+00
   endloop
 endfacet
 facet normal 4.647231720438e-01 -8.854560256532e-01 0.000000000000e+00
   outer loop
     vertex -1.131387050654e+01 7.804032268213e+00 6.000000000000e+00
     vertex -1.174079022591e+01 7.579967514629e+00 6.000000000000e+00
     vertex -1.174079022591e+01 7.579967514629e+00 0.000000000000e+00
   endloop
 endfacet
 facet normal 4.647231720438e-01 -8.854560256532e-01 0.000000000000e+00
   outer loop
     vertex -1.131387050654e+01 7.804032268213e+00 6.000000000000e+00
     vertex -1.174079022591e+01 7.579967514629e+00 0.000000000000e+00
     vertex -1.131387050654e+01 7.804032268213e+00 0.000000000000e+00
   endloop
 endfacet
 facet normal 6.631226582408e-01 -7.485107481711e-01 0.000000000000e+00
   outer loop
     vertex -1.131387050654e+01 7.804032268213e+00 6.000000000000e+00
     vertex -1.131387050654e+01 7.804032268213e+00 0.000000000000e+00
     vertex -1.095297850366e+01 8.123754683518e+00 0.000000000000e+00
   endloop
 endfacet
 facet normal 6.631226582408e-01 -7.485107481711e-01 0.000000000000e+00
   outer loop
     vertex -1.095297850366e+01 8.123754683518e+00 6.000000000000e+00
     vertex -1.131387050654e+01 7.804032268213e+00 6.000000000000e+00
     vertex -1.095297850366e+01 8.123754683518e+00 0.000000000000e+00
   endloop
 endfacet
 facet normal 8.229838658937e-01 -5.680647467312e-01 0.000000000000e+00
   outer loop
     vertex -1.067908794869e+01 8.520553655912e+00 6.000000000000e+00
     vertex -1.095297850366e+01 8.123754683518e+00 0.000000000000e+00
     vertex -1.067908794869e+01 8.520553655912e+00 0.000000000000e+00
   endloop
 endfacet
 facet normal 9.350162426854e-01 -3.546048870425e-01 0.000000000000e+00
   outer loop
     vertex -1.067908794869e+01 8.520553655912e+00 6.000000000000e+00
     vertex -1.067908794869e+01 8.520553655912e+00 0.000000000000e+00
     vertex -1.050811636515e+01 8.971368671425e+00 0.000000000000e+00
   endloop
 endfacet
 facet normal 8.229838658937e-01 -5.680647467312e-01 0.000000000000e+00
   outer loop
     vertex -1.067908794869e+01 8.520553655912e+00 6.000000000000e+00
     vertex -1.095297850366e+01 8.123754683518e+00 6.000000000000e+00
     vertex -1.095297850366e+01 8.123754683518e+00 0.000000000000e+00
   endloop
 endfacet
 facet normal 9.350162426854e-01 -3.546048870425e-01 0.000000000000e+00
   outer loop
     vertex -1.050811636515e+01 8.971368671425e+00 6.000000000000e+00
     vertex -1.067908794869e+01 8.520553655912e+00 6.000000000000e+00
     vertex -1.050811636515e+01 8.971368671425e+00 0.000000000000e+00
   endloop
 endfacet
 facet normal 9.927088740981e-01 -1.205366802553e-01 0.000000000000e+00
   outer loop
     vertex -1.045000000000e+01 9.450000000000e+00 6.000000000000e+00
     vertex -1.050811636515e+01 8.971368671425e+00 0.000000000000e+00
     vertex -1.045000000000e+01 9.450000000000e+00 0.000000000000e+00
   endloop
 endfacet
 facet normal 9.927088740981e-01 -1.205366802553e-01 0.000000000000e+00
   outer loop
     vertex -1.045000000000e+01 9.450000000000e+00 6.000000000000e+00
     vertex -1.050811636515e+01 8.971368671425e+00 6.000000000000e+00
     vertex -1.050811636515e+01 8.971368671425e+00 0.000000000000e+00
   endloop
 endfacet
 facet normal 0.000000000000e+00 0.000000000000e+00 1.000000000000e+00
   outer loop
     vertex -1.316008093341e+01 8.421270167633e+00 6.000000000000e+00
     vertex -1.394702149634e+01 8.123754683518e+00 6.000000000000e+00
     vertex -1.358612949346e+01 7.804032268213e+00 6.000000000000e+00
   endloop
 endfacet
 facet normal 0.000000000000e+00 0.000000000000e+00 1.000000000000e+00
   outer loop
     vertex -1.316008093341e+01 8.421270167633e+00 6.000000000000e+00
     vertex -1.338563843521e+01 8.621096677199e+00 6.000000000000e+00
     vertex -1.394702149634e+01 8.123754683518e+00 6.000000000000e+00
   endloop
 endfacet
 facet normal 0.000000000000e+00 0.000000000000e+00 1.000000000000e+00
   outer loop
     vertex -1.355682003207e+01 8.869096034945e+00 6.000000000000e+00
     vertex -1.422091205131e+01 8.520553655912e+00 6.000000000000e+00
     vertex -1.394702149634e+01 8.123754683518e+00 6.000000000000e+00
   endloop
 endfacet
 facet normal 0.000000000000e+00 0.000000000000e+00 1.000000000000e+00
   outer loop
     vertex -1.355682003207e+01 8.869096034945e+00 6.000000000000e+00
     vertex -1.394702149634e+01 8.123754683518e+00 6.000000000000e+00
     vertex -1.338563843521e+01 8.621096677199e+00 6.000000000000e+00
   endloop
 endfacet
 facet normal 0.000000000000e+00 0.000000000000e+00 1.000000000000e+00
   outer loop
     vertex -1.289325610880e+01 8.281229696643e+00 6.000000000000e+00
     vertex -1.358612949346e+01 7.804032268213e+00 6.000000000000e+00
     vertex -1.315920977409e+01 7.579967514629e+00 6.000000000000e+00
   endloop
 endfacet
 facet normal 0.000000000000e+00 0.000000000000e+00 1.000000000000e+00
   outer loop
     vertex -1.289325610880e+01 8.281229696643e+00 6.000000000000e+00
     vertex -1.316008093341e+01 8.421270167633e+00 6.000000000000e+00
     vertex -1.358612949346e+01 7.804032268213e+00 6.000000000000e+00
   endloop
 endfacet
 facet normal 0.000000000000e+00 0.000000000000e+00 1.000000000000e+00
   outer loop
     vertex -1.366367727178e+01 9.150855419641e+00 6.000000000000e+00
     vertex -1.439188363485e+01 8.971368671425e+00 6.000000000000e+00
     vertex -1.422091205131e+01 8.520553655912e+00 6.000000000000e+00
   endloop
 endfacet
 facet normal 0.000000000000e+00 0.000000000000e+00 1.000000000000e+00
   outer loop
     vertex -1.366367727178e+01 9.150855419641e+00 6.000000000000e+00
     vertex -1.422091205131e+01 8.520553655912e+00 6.000000000000e+00
     vertex -1.355682003207e+01 8.869096034945e+00 6.000000000000e+00
   endloop
 endfacet
 facet normal 0.000000000000e+00 0.000000000000e+00 1.000000000000e+00
   outer loop
     vertex -1.260067085032e+01 8.209113907377e+00 6.000000000000e+00
     vertex -1.315920977409e+01 7.579967514629e+00 6.000000000000e+00
     vertex -1.269107336051e+01 7.464582251804e+00 6.000000000000e+00
   endloop
 endfacet
 facet normal 0.000000000000e+00 0.000000000000e+00 1.000000000000e+00
   outer loop
     vertex -1.260067085032e+01 8.209113907377e+00 6.000000000000e+00
     vertex -1.289325610880e+01 8.281229696643e+00 6.000000000000e+00
     vertex -1.315920977409e+01 7.579967514629e+00 6.000000000000e+00
   endloop
 endfacet
 facet normal 0.000000000000e+00 0.000000000000e+00 1.000000000000e+00
   outer loop
     vertex -1.370000000000e+01 9.450000000000e+00 6.000000000000e+00
     vertex -1.445000000000e+01 9.450000000000e+00 6.000000000000e+00
     vertex -1.439188363485e+01 8.971368671425e+00 6.000000000000e+00
   endloop
 endfacet
 facet normal 0.000000000000e+00 0.000000000000e+00 1.000000000000e+00
   outer loop
     vertex -1.370000000000e+01 9.450000000000e+00 6.000000000000e+00
     vertex -1.439188363485e+01 8.971368671425e+00 6.000000000000e+00
     vertex -1.366367727178e+01 9.150855419641e+00 6.000000000000e+00
   endloop
 endfacet
 facet normal 0.000000000000e+00 0.000000000000e+00 1.000000000000e+00
   outer loop
     vertex -1.229932914968e+01 8.209113907377e+00 6.000000000000e+00
     vertex -1.269107336051e+01 7.464582251804e+00 6.000000000000e+00
     vertex -1.220892663949e+01 7.464582251804e+00 6.000000000000e+00
   endloop
 endfacet
 facet normal 0.000000000000e+00 0.000000000000e+00 1.000000000000e+00
   outer loop
     vertex -1.229932914968e+01 8.209113907377e+00 6.000000000000e+00
     vertex -1.260067085032e+01 8.209113907377e+00 6.000000000000e+00
     vertex -1.269107336051e+01 7.464582251804e+00 6.000000000000e+00
   endloop
 endfacet
 facet normal 0.000000000000e+00 0.000000000000e+00 1.000000000000e+00
   outer loop
     vertex -1.366367727178e+01 9.749144580359e+00 6.000000000000e+00
     vertex -1.439188363485e+01 9.928631328575e+00 6.000000000000e+00
     vertex -1.445000000000e+01 9.450000000000e+00 6.000000000000e+00
   endloop
 endfacet
 facet normal 0.000000000000e+00 0.000000000000e+00 1.000000000000e+00
   outer loop
     vertex -1.366367727178e+01 9.749144580359e+00 6.000000000000e+00
     vertex -1.445000000000e+01 9.450000000000e+00 6.000000000000e+00
     vertex -1.370000000000e+01 9.450000000000e+00 6.000000000000e+00
   endloop
 endfacet
 facet normal 0.000000000000e+00 0.000000000000e+00 1.000000000000e+00
   outer loop
     vertex -1.200674389120e+01 8.281229696643e+00 6.000000000000e+00
     vertex -1.220892663949e+01 7.464582251804e+00 6.000000000000e+00
     vertex -1.174079022591e+01 7.579967514629e+00 6.000000000000e+00
   endloop
 endfacet
 facet normal 0.000000000000e+00 0.000000000000e+00 1.000000000000e+00
   outer loop
     vertex -1.200674389120e+01 8.281229696643e+00 6.000000000000e+00
     vertex -1.229932914968e+01 8.209113907377e+00 6.000000000000e+00
     vertex -1.220892663949e+01 7.464582251804e+00 6.000000000000e+00
   endloop
 endfacet
 facet normal 0.000000000000e+00 0.000000000000e+00 1.000000000000e+00
   outer loop
     vertex -1.355682003207e+01 1.003090396505e+01 6.000000000000e+00
     vertex -1.422091205131e+01 1.037944634409e+01 6.000000000000e+00
     vertex -1.439188363485e+01 9.928631328575e+00 6.000000000000e+00
   endloop
 endfacet
 facet normal 0.000000000000e+00 0.000000000000e+00 1.000000000000e+00
   outer loop
     vertex -1.355682003207e+01 1.003090396505e+01 6.000000000000e+00
     vertex -1.439188363485e+01 9.928631328575e+00 6.000000000000e+00
     vertex -1.366367727178e+01 9.749144580359e+00 6.000000000000e+00
   endloop
 endfacet
 facet normal 0.000000000000e+00 0.000000000000e+00 1.000000000000e+00
   outer loop
     vertex -1.173991906659e+01 8.421270167633e+00 6.000000000000e+00
     vertex -1.174079022591e+01 7.579967514629e+00 6.000000000000e+00
     vertex -1.131387050654e+01 7.804032268213e+00 6.000000000000e+00
   endloop
 endfacet
 facet normal 0.000000000000e+00 0.000000000000e+00 1.000000000000e+00
   outer loop
     vertex -1.173991906659e+01 8.421270167633e+00 6.000000000000e+00
     vertex -1.200674389120e+01 8.281229696643e+00 6.000000000000e+00
     vertex -1.174079022591e+01 7.579967514629e+00 6.000000000000e+00
   endloop
 endfacet
 facet normal 0.000000000000e+00 0.000000000000e+00 1.000000000000e+00
   outer loop
     vertex -1.338563843521e+01 1.027890332280e+01 6.000000000000e+00
     vertex -1.394702149634e+01 1.077624531648e+01 6.000000000000e+00
     vertex -1.422091205131e+01 1.037944634409e+01 6.000000000000e+00
   endloop
 endfacet
 facet normal 0.000000000000e+00 0.000000000000e+00 1.000000000000e+00
   outer loop
     vertex -1.338563843521e+01 1.027890332280e+01 6.000000000000e+00
     vertex -1.422091205131e+01 1.037944634409e+01 6.000000000000e+00
     vertex -1.355682003207e+01 1.003090396505e+01 6.000000000000e+00
   endloop
 endfacet
 facet normal 0.000000000000e+00 0.000000000000e+00 1.000000000000e+00
   outer loop
     vertex -1.151436156479e+01 8.621096677199e+00 6.000000000000e+00
     vertex -1.173991906659e+01 8.421270167633e+00 6.000000000000e+00
     vertex -1.131387050654e+01 7.804032268213e+00 6.000000000000e+00
   endloop
 endfacet
 facet normal 0.000000000000e+00 0.000000000000e+00 1.000000000000e+00
   outer loop
     vertex -1.095297850366e+01 8.123754683518e+00 6.000000000000e+00
     vertex -1.151436156479e+01 8.621096677199e+00 6.000000000000e+00
     vertex -1.131387050654e+01 7.804032268213e+00 6.000000000000e+00
   endloop
 endfacet
 facet normal 0.000000000000e+00 0.000000000000e+00 1.000000000000e+00
   outer loop
     vertex -1.358612949346e+01 1.109596773179e+01 6.000000000000e+00
     vertex -1.394702149634e+01 1.077624531648e+01 6.000000000000e+00
     vertex -1.338563843521e+01 1.027890332280e+01 6.000000000000e+00
   endloop
 endfacet
 facet normal 0.000000000000e+00 0.000000000000e+00 1.000000000000e+00
   outer loop
     vertex -1.358612949346e+01 1.109596773179e+01 6.000000000000e+00
     vertex -1.338563843521e+01 1.027890332280e+01 6.000000000000e+00
     vertex -1.316008093341e+01 1.047872983237e+01 6.000000000000e+00
   endloop
 endfacet
 facet normal 0.000000000000e+00 0.000000000000e+00 1.000000000000e+00
   outer loop
     vertex -1.134317996793e+01 8.869096034945e+00 6.000000000000e+00
     vertex -1.151436156479e+01 8.621096677199e+00 6.000000000000e+00
     vertex -1.095297850366e+01 8.123754683518e+00 6.000000000000e+00
   endloop
 endfacet
 facet normal 0.000000000000e+00 0.000000000000e+00 1.000000000000e+00
   outer loop
     vertex -1.067908794869e+01 8.520553655912e+00 6.000000000000e+00
     vertex -1.134317996793e+01 8.869096034945e+00 6.000000000000e+00
     vertex -1.095297850366e+01 8.123754683518e+00 6.000000000000e+00
   endloop
 endfacet
 facet normal 0.000000000000e+00 0.000000000000e+00 1.000000000000e+00
   outer loop
     vertex -1.315920977409e+01 1.132003248537e+01 6.000000000000e+00
     vertex -1.358612949346e+01 1.109596773179e+01 6.000000000000e+00
     vertex -1.316008093341e+01 1.047872983237e+01 6.000000000000e+00
   endloop
 endfacet
 facet normal 0.000000000000e+00 0.000000000000e+00 1.000000000000e+00
   outer loop
     vertex -1.315920977409e+01 1.132003248537e+01 6.000000000000e+00
     vertex -1.316008093341e+01 1.047872983237e+01 6.000000000000e+00
     vertex -1.289325610880e+01 1.061877030336e+01 6.000000000000e+00
   endloop
 endfacet
 facet normal 0.000000000000e+00 0.000000000000e+00 1.000000000000e+00
   outer loop
     vertex -1.050811636515e+01 8.971368671425e+00 6.000000000000e+00
     vertex -1.134317996793e+01 8.869096034945e+00 6.000000000000e+00
     vertex -1.067908794869e+01 8.520553655912e+00 6.000000000000e+00
   endloop
 endfacet
 facet normal 0.000000000000e+00 0.000000000000e+00 1.000000000000e+00
   outer loop
     vertex -1.050811636515e+01 8.971368671425e+00 6.000000000000e+00
     vertex -1.123632272822e+01 9.150855419641e+00 6.000000000000e+00
     vertex -1.134317996793e+01 8.869096034945e+00 6.000000000000e+00
   endloop
 endfacet
 facet normal 0.000000000000e+00 0.000000000000e+00 1.000000000000e+00
   outer loop
     vertex -1.269107336051e+01 1.143541774820e+01 6.000000000000e+00
     vertex -1.315920977409e+01 1.132003248537e+01 6.000000000000e+00
     vertex -1.289325610880e+01 1.061877030336e+01 6.000000000000e+00
   endloop
 endfacet
 facet normal 0.000000000000e+00 0.000000000000e+00 1.000000000000e+00
   outer loop
     vertex -1.269107336051e+01 1.143541774820e+01 6.000000000000e+00
     vertex -1.260067085032e+01 1.069088609262e+01 6.000000000000e+00
     vertex -1.229932914968e+01 1.069088609262e+01 6.000000000000e+00
   endloop
 endfacet
 facet normal 0.000000000000e+00 0.000000000000e+00 1.000000000000e+00
   outer loop
     vertex -1.269107336051e+01 1.143541774820e+01 6.000000000000e+00
     vertex -1.289325610880e+01 1.061877030336e+01 6.000000000000e+00
     vertex -1.260067085032e+01 1.069088609262e+01 6.000000000000e+00
   endloop
 endfacet
 facet normal 0.000000000000e+00 0.000000000000e+00 1.000000000000e+00
   outer loop
     vertex -1.045000000000e+01 9.450000000000e+00 6.000000000000e+00
     vertex -1.123632272822e+01 9.150855419641e+00 6.000000000000e+00
     vertex -1.050811636515e+01 8.971368671425e+00 6.000000000000e+00
   endloop
 endfacet
 facet normal 0.000000000000e+00 0.000000000000e+00 1.000000000000e+00
   outer loop
     vertex -1.045000000000e+01 9.450000000000e+00 6.000000000000e+00
     vertex -1.120000000000e+01 9.450000000000e+00 6.000000000000e+00
     vertex -1.123632272822e+01 9.150855419641e+00 6.000000000000e+00
   endloop
 endfacet
 facet normal 0.000000000000e+00 0.000000000000e+00 1.000000000000e+00
   outer loop
     vertex -1.220892663949e+01 1.143541774820e+01 6.000000000000e+00
     vertex -1.269107336051e+01 1.143541774820e+01 6.000000000000e+00
     vertex -1.229932914968e+01 1.069088609262e+01 6.000000000000e+00
   endloop
 endfacet
 facet normal 0.000000000000e+00 0.000000000000e+00 1.000000000000e+00
   outer loop
     vertex -1.050811636515e+01 9.928631328575e+00 6.000000000000e+00
     vertex -1.123632272822e+01 9.749144580359e+00 6.000000000000e+00
     vertex -1.120000000000e+01 9.450000000000e+00 6.000000000000e+00
   endloop
 endfacet
 facet normal 0.000000000000e+00 0.000000000000e+00 1.000000000000e+00
   outer loop
     vertex -1.050811636515e+01 9.928631328575e+00 6.000000000000e+00
     vertex -1.120000000000e+01 9.450000000000e+00 6.000000000000e+00
     vertex -1.045000000000e+01 9.450000000000e+00 6.000000000000e+00
   endloop
 endfacet
 facet normal 0.000000000000e+00 0.000000000000e+00 1.000000000000e+00
   outer loop
     vertex -1.174079022591e+01 1.132003248537e+01 6.000000000000e+00
     vertex -1.229932914968e+01 1.069088609262e+01 6.000000000000e+00
     vertex -1.200674389120e+01 1.061877030336e+01 6.000000000000e+00
   endloop
 endfacet
 facet normal 0.000000000000e+00 0.000000000000e+00 1.000000000000e+00
   outer loop
     vertex -1.174079022591e+01 1.132003248537e+01 6.000000000000e+00
     vertex -1.220892663949e+01 1.143541774820e+01 6.000000000000e+00
     vertex -1.229932914968e+01 1.069088609262e+01 6.000000000000e+00
   endloop
 endfacet
 facet normal 0.000000000000e+00 0.000000000000e+00 1.000000000000e+00
   outer loop
     vertex -1.067908794869e+01 1.037944634409e+01 6.000000000000e+00
     vertex -1.134317996793e+01 1.003090396505e+01 6.000000000000e+00
     vertex -1.123632272822e+01 9.749144580359e+00 6.000000000000e+00
   endloop
 endfacet
 facet normal 0.000000000000e+00 0.000000000000e+00 1.000000000000e+00
   outer loop
     vertex -1.067908794869e+01 1.037944634409e+01 6.000000000000e+00
     vertex -1.123632272822e+01 9.749144580359e+00 6.000000000000e+00
     vertex -1.050811636515e+01 9.928631328575e+00 6.000000000000e+00
   endloop
 endfacet
 facet normal 0.000000000000e+00 0.000000000000e+00 1.000000000000e+00
   outer loop
     vertex -1.131387050654e+01 1.109596773179e+01 6.000000000000e+00
     vertex -1.174079022591e+01 1.132003248537e+01 6.000000000000e+00
     vertex -1.200674389120e+01 1.061877030336e+01 6.000000000000e+00
   endloop
 endfacet
 facet normal 0.000000000000e+00 0.000000000000e+00 1.000000000000e+00
   outer loop
     vertex -1.131387050654e+01 1.109596773179e+01 6.000000000000e+00
     vertex -1.173991906659e+01 1.047872983237e+01 6.000000000000e+00
     vertex -1.151436156479e+01 1.027890332280e+01 6.000000000000e+00
   endloop
 endfacet
 facet normal 0.000000000000e+00 0.000000000000e+00 1.000000000000e+00
   outer loop
     vertex -1.131387050654e+01 1.109596773179e+01 6.000000000000e+00
     vertex -1.200674389120e+01 1.061877030336e+01 6.000000000000e+00
     vertex -1.173991906659e+01 1.047872983237e+01 6.000000000000e+00
   endloop
 endfacet
 facet normal 0.000000000000e+00 0.000000000000e+00 1.000000000000e+00
   outer loop
     vertex -1.095297850366e+01 1.077624531648e+01 6.000000000000e+00
     vertex -1.151436156479e+01 1.027890332280e+01 6.000000000000e+00
     vertex -1.134317996793e+01 1.003090396505e+01 6.000000000000e+00
   endloop
 endfacet
 facet normal 0.000000000000e+00 0.000000000000e+00 1.000000000000e+00
   outer loop
     vertex -1.095297850366e+01 1.077624531648e+01 6.000000000000e+00
     vertex -1.134317996793e+01 1.003090396505e+01 6.000000000000e+00
     vertex -1.067908794869e+01 1.037944634409e+01 6.000000000000e+00
   endloop
 endfacet
 facet normal 0.000000000000e+00 0.000000000000e+00 1.000000000000e+00
   outer loop
     vertex -1.095297850366e+01 1.077624531648e+01 6.000000000000e+00
     vertex -1.131387050654e+01 1.109596773179e+01 6.000000000000e+00
     vertex -1.151436156479e+01 1.027890332280e+01 6.000000000000e+00
   endloop
 endfacet
 facet normal 0.000000000000e+00 0.000000000000e+00 -1.000000000000e+00
   outer loop
     vertex -1.316008093341e+01 8.421270167633e+00 0.000000000000e+00
     vertex -1.358612949346e+01 7.804032268213e+00 0.000000000000e+00
     vertex -1.394702149634e+01 8.123754683518e+00 0.000000000000e+00
   endloop
 endfacet
 facet normal -0.000000000000e+00 0.000000000000e+00 -1.000000000000e+00
   outer loop
     vertex -1.316008093341e+01 8.421270167633e+00 0.000000000000e+00
     vertex -1.394702149634e+01 8.123754683518e+00 0.000000000000e+00
     vertex -1.338563843521e+01 8.621096677199e+00 0.000000000000e+00
   endloop
 endfacet
 facet normal 0.000000000000e+00 0.000000000000e+00 -1.000000000000e+00
   outer loop
     vertex -1.355682003207e+01 8.869096034945e+00 0.000000000000e+00
     vertex -1.394702149634e+01 8.123754683518e+00 0.000000000000e+00
     vertex -1.422091205131e+01 8.520553655912e+00 0.000000000000e+00
   endloop
 endfacet
 facet normal 0.000000000000e+00 -0.000000000000e+00 -1.000000000000e+00
   outer loop
     vertex -1.355682003207e+01 8.869096034945e+00 0.000000000000e+00
     vertex -1.338563843521e+01 8.621096677199e+00 0.000000000000e+00
     vertex -1.394702149634e+01 8.123754683518e+00 0.000000000000e+00
   endloop
 endfacet
 facet normal 0.000000000000e+00 0.000000000000e+00 -1.000000000000e+00
   outer loop
     vertex -1.289325610880e+01 8.281229696643e+00 0.000000000000e+00
     vertex -1.315920977409e+01 7.579967514629e+00 0.000000000000e+00
     vertex -1.358612949346e+01 7.804032268213e+00 0.000000000000e+00
   endloop
 endfacet
 facet normal -0.000000000000e+00 0.000000000000e+00 -1.000000000000e+00
   outer loop
     vertex -1.289325610880e+01 8.281229696643e+00 0.000000000000e+00
     vertex -1.358612949346e+01 7.804032268213e+00 0.000000000000e+00
     vertex -1.316008093341e+01 8.421270167633e+00 0.000000000000e+00
   endloop
 endfacet
 facet normal 0.000000000000e+00 0.000000000000e+00 -1.000000000000e+00
   outer loop
     vertex -1.366367727178e+01 9.150855419641e+00 0.000000000000e+00
     vertex -1.422091205131e+01 8.520553655912e+00 0.000000000000e+00
     vertex -1.439188363485e+01 8.971368671425e+00 0.000000000000e+00
   endloop
 endfacet
 facet normal 0.000000000000e+00 -0.000000000000e+00 -1.000000000000e+00
   outer loop
     vertex -1.366367727178e+01 9.150855419641e+00 0.000000000000e+00
     vertex -1.355682003207e+01 8.869096034945e+00 0.000000000000e+00
     vertex -1.422091205131e+01 8.520553655912e+00 0.000000000000e+00
   endloop
 endfacet
 facet normal 0.000000000000e+00 0.000000000000e+00 -1.000000000000e+00
   outer loop
     vertex -1.260067085032e+01 8.209113907377e+00 0.000000000000e+00
     vertex -1.269107336051e+01 7.464582251804e+00 0.000000000000e+00
     vertex -1.315920977409e+01 7.579967514629e+00 0.000000000000e+00
   endloop
 endfacet
 facet normal -0.000000000000e+00 0.000000000000e+00 -1.000000000000e+00
   outer loop
     vertex -1.260067085032e+01 8.209113907377e+00 0.000000000000e+00
     vertex -1.315920977409e+01 7.579967514629e+00 0.000000000000e+00
     vertex -1.289325610880e+01 8.281229696643e+00 0.000000000000e+00
   endloop
 endfacet
 facet normal -0.000000000000e+00 0.000000000000e+00 -1.000000000000e+00
   outer loop
     vertex -1.370000000000e+01 9.450000000000e+00 0.000000000000e+00
     vertex -1.439188363485e+01 8.971368671425e+00 0.000000000000e+00
     vertex -1.445000000000e+01 9.450000000000e+00 0.000000000000e+00
   endloop
 endfacet
 facet normal 0.000000000000e+00 -0.000000000000e+00 -1.000000000000e+00
   outer loop
     vertex -1.370000000000e+01 9.450000000000e+00 0.000000000000e+00
     vertex -1.366367727178e+01 9.150855419641e+00 0.000000000000e+00
     vertex -1.439188363485e+01 8.971368671425e+00 0.000000000000e+00
   endloop
 endfacet
 facet normal 0.000000000000e+00 -0.000000000000e+00 -1.000000000000e+00
   outer loop
     vertex -1.229932914968e+01 8.209113907377e+00 0.000000000000e+00
     vertex -1.220892663949e+01 7.464582251804e+00 0.000000000000e+00
     vertex -1.269107336051e+01 7.464582251804e+00 0.000000000000e+00
   endloop
 endfacet
 facet normal -0.000000000000e+00 0.000000000000e+00 -1.000000000000e+00
   outer loop
     vertex -1.229932914968e+01 8.209113907377e+00 0.000000000000e+00
     vertex -1.269107336051e+01 7.464582251804e+00 0.000000000000e+00
     vertex -1.260067085032e+01 8.209113907377e+00 0.000000000000e+00
   endloop
 endfacet
 facet normal -0.000000000000e+00 0.000000000000e+00 -1.000000000000e+00
   outer loop
     vertex -1.366367727178e+01 9.749144580359e+00 0.000000000000e+00
     vertex -1.445000000000e+01 9.450000000000e+00 0.000000000000e+00
     vertex -1.439188363485e+01 9.928631328575e+00 0.000000000000e+00
   endloop
 endfacet
 facet normal 0.000000000000e+00 0.000000000000e+00 -1.000000000000e+00
   outer loop
     vertex -1.366367727178e+01 9.749144580359e+00 0.000000000000e+00
     vertex -1.370000000000e+01 9.450000000000e+00 0.000000000000e+00
     vertex -1.445000000000e+01 9.450000000000e+00 0.000000000000e+00
   endloop
 endfacet
 facet normal 0.000000000000e+00 -0.000000000000e+00 -1.000000000000e+00
   outer loop
     vertex -1.200674389120e+01 8.281229696643e+00 0.000000000000e+00
     vertex -1.174079022591e+01 7.579967514629e+00 0.000000000000e+00
     vertex -1.220892663949e+01 7.464582251804e+00 0.000000000000e+00
   endloop
 endfacet
 facet normal 0.000000000000e+00 0.000000000000e+00 -1.000000000000e+00
   outer loop
     vertex -1.200674389120e+01 8.281229696643e+00 0.000000000000e+00
     vertex -1.220892663949e+01 7.464582251804e+00 0.000000000000e+00
     vertex -1.229932914968e+01 8.209113907377e+00 0.000000000000e+00
   endloop
 endfacet
 facet normal -0.000000000000e+00 0.000000000000e+00 -1.000000000000e+00
   outer loop
     vertex -1.355682003207e+01 1.003090396505e+01 0.000000000000e+00
     vertex -1.439188363485e+01 9.928631328575e+00 0.000000000000e+00
     vertex -1.422091205131e+01 1.037944634409e+01 0.000000000000e+00
   endloop
 endfacet
 facet normal 0.000000000000e+00 0.000000000000e+00 -1.000000000000e+00
   outer loop
     vertex -1.355682003207e+01 1.003090396505e+01 0.000000000000e+00
     vertex -1.366367727178e+01 9.749144580359e+00 0.000000000000e+00
     vertex -1.439188363485e+01 9.928631328575e+00 0.000000000000e+00
   endloop
 endfacet
 facet normal 0.000000000000e+00 -0.000000000000e+00 -1.000000000000e+00
   outer loop
     vertex -1.173991906659e+01 8.421270167633e+00 0.000000000000e+00
     vertex -1.131387050654e+01 7.804032268213e+00 0.000000000000e+00
     vertex -1.174079022591e+01 7.579967514629e+00 0.000000000000e+00
   endloop
 endfacet
 facet normal 0.000000000000e+00 0.000000000000e+00 -1.000000000000e+00
   outer loop
     vertex -1.173991906659e+01 8.421270167633e+00 0.000000000000e+00
     vertex -1.174079022591e+01 7.579967514629e+00 0.000000000000e+00
     vertex -1.200674389120e+01 8.281229696643e+00 0.000000000000e+00
   endloop
 endfacet
 facet normal 0.000000000000e+00 0.000000000000e+00 -1.000000000000e+00
   outer loop
     vertex -1.338563843521e+01 1.027890332280e+01 0.000000000000e+00
     vertex -1.422091205131e+01 1.037944634409e+01 0.000000000000e+00
     vertex -1.394702149634e+01 1.077624531648e+01 0.000000000000e+00
   endloop
 endfacet
 facet normal -0.000000000000e+00 0.000000000000e+00 -1.000000000000e+00
   outer loop
     vertex -1.338563843521e+01 1.027890332280e+01 0.000000000000e+00
     vertex -1.355682003207e+01 1.003090396505e+01 0.000000000000e+00
     vertex -1.422091205131e+01 1.037944634409e+01 0.000000000000e+00
   endloop
 endfacet
 facet normal 0.000000000000e+00 -0.000000000000e+00 -1.000000000000e+00
   outer loop
     vertex -1.151436156479e+01 8.621096677199e+00 0.000000000000e+00
     vertex -1.131387050654e+01 7.804032268213e+00 0.000000000000e+00
     vertex -1.173991906659e+01 8.421270167633e+00 0.000000000000e+00
   endloop
 endfacet
 facet normal -0.000000000000e+00 0.000000000000e+00 -1.000000000000e+00
   outer loop
     vertex -1.095297850366e+01 8.123754683518e+00 0.000000000000e+00
     vertex -1.131387050654e+01 7.804032268213e+00 0.000000000000e+00
     vertex -1.151436156479e+01 8.621096677199e+00 0.000000000000e+00
   endloop
 endfacet
 facet normal 0.000000000000e+00 -0.000000000000e+00 -1.000000000000e+00
   outer loop
     vertex -1.358612949346e+01 1.109596773179e+01 0.000000000000e+00
     vertex -1.338563843521e+01 1.027890332280e+01 0.000000000000e+00
     vertex -1.394702149634e+01 1.077624531648e+01 0.000000000000e+00
   endloop
 endfacet
 facet normal 0.000000000000e+00 0.000000000000e+00 -1.000000000000e+00
   outer loop
     vertex -1.358612949346e+01 1.109596773179e+01 0.000000000000e+00
     vertex -1.316008093341e+01 1.047872983237e+01 0.000000000000e+00
     vertex -1.338563843521e+01 1.027890332280e+01 0.000000000000e+00
   endloop
 endfacet
 facet normal 0.000000000000e+00 -0.000000000000e+00 -1.000000000000e+00
   outer loop
     vertex -1.134317996793e+01 8.869096034945e+00 0.000000000000e+00
     vertex -1.095297850366e+01 8.123754683518e+00 0.000000000000e+00
     vertex -1.151436156479e+01 8.621096677199e+00 0.000000000000e+00
   endloop
 endfacet
 facet normal -0.000000000000e+00 0.000000000000e+00 -1.000000000000e+00
   outer loop
     vertex -1.067908794869e+01 8.520553655912e+00 0.000000000000e+00
     vertex -1.095297850366e+01 8.123754683518e+00 0.000000000000e+00
     vertex -1.134317996793e+01 8.869096034945e+00 0.000000000000e+00
   endloop
 endfacet
 facet normal 0.000000000000e+00 0.000000000000e+00 -1.000000000000e+00
   outer loop
     vertex -1.315920977409e+01 1.132003248537e+01 0.000000000000e+00
     vertex -1.316008093341e+01 1.047872983237e+01 0.000000000000e+00
     vertex -1.358612949346e+01 1.109596773179e+01 0.000000000000e+00
   endloop
 endfacet
 facet normal 0.000000000000e+00 -0.000000000000e+00 -1.000000000000e+00
   outer loop
     vertex -1.315920977409e+01 1.132003248537e+01 0.000000000000e+00
     vertex -1.289325610880e+01 1.061877030336e+01 0.000000000000e+00
     vertex -1.316008093341e+01 1.047872983237e+01 0.000000000000e+00
   endloop
 endfacet
 facet normal 0.000000000000e+00 0.000000000000e+00 -1.000000000000e+00
   outer loop
     vertex -1.050811636515e+01 8.971368671425e+00 0.000000000000e+00
     vertex -1.067908794869e+01 8.520553655912e+00 0.000000000000e+00
     vertex -1.134317996793e+01 8.869096034945e+00 0.000000000000e+00
   endloop
 endfacet
 facet normal -0.000000000000e+00 0.000000000000e+00 -1.000000000000e+00
   outer loop
     vertex -1.050811636515e+01 8.971368671425e+00 0.000000000000e+00
     vertex -1.134317996793e+01 8.869096034945e+00 0.000000000000e+00
     vertex -1.123632272822e+01 9.150855419641e+00 0.000000000000e+00
   endloop
 endfacet
 facet normal 0.000000000000e+00 0.000000000000e+00 -1.000000000000e+00
   outer loop
     vertex -1.269107336051e+01 1.143541774820e+01 0.000000000000e+00
     vertex -1.289325610880e+01 1.061877030336e+01 0.000000000000e+00
     vertex -1.315920977409e+01 1.132003248537e+01 0.000000000000e+00
   endloop
 endfacet
 facet normal 0.000000000000e+00 0.000000000000e+00 -1.000000000000e+00
   outer loop
     vertex -1.269107336051e+01 1.143541774820e+01 0.000000000000e+00
     vertex -1.229932914968e+01 1.069088609262e+01 0.000000000000e+00
     vertex -1.260067085032e+01 1.069088609262e+01 0.000000000000e+00
   endloop
 endfacet
 facet normal 0.000000000000e+00 -0.000000000000e+00 -1.000000000000e+00
   outer loop
     vertex -1.269107336051e+01 1.143541774820e+01 0.000000000000e+00
     vertex -1.260067085032e+01 1.069088609262e+01 0.000000000000e+00
     vertex -1.289325610880e+01 1.061877030336e+01 0.000000000000e+00
   endloop
 endfacet
 facet normal 0.000000000000e+00 0.000000000000e+00 -1.000000000000e+00
   outer loop
     vertex -1.045000000000e+01 9.450000000000e+00 0.000000000000e+00
     vertex -1.050811636515e+01 8.971368671425e+00 0.000000000000e+00
     vertex -1.123632272822e+01 9.150855419641e+00 0.000000000000e+00
   endloop
 endfacet
 facet normal -0.000000000000e+00 0.000000000000e+00 -1.000000000000e+00
   outer loop
     vertex -1.045000000000e+01 9.450000000000e+00 0.000000000000e+00
     vertex -1.123632272822e+01 9.150855419641e+00 0.000000000000e+00
     vertex -1.120000000000e+01 9.450000000000e+00 0.000000000000e+00
   endloop
 endfacet
 facet normal -0.000000000000e+00 0.000000000000e+00 -1.000000000000e+00
   outer loop
     vertex -1.220892663949e+01 1.143541774820e+01 0.000000000000e+00
     vertex -1.229932914968e+01 1.069088609262e+01 0.000000000000e+00
     vertex -1.269107336051e+01 1.143541774820e+01 0.000000000000e+00
   endloop
 endfacet
 facet normal 0.000000000000e+00 0.000000000000e+00 -1.000000000000e+00
   outer loop
     vertex -1.050811636515e+01 9.928631328575e+00 0.000000000000e+00
     vertex -1.120000000000e+01 9.450000000000e+00 0.000000000000e+00
     vertex -1.123632272822e+01 9.749144580359e+00 0.000000000000e+00
   endloop
 endfacet
 facet normal 0.000000000000e+00 -0.000000000000e+00 -1.000000000000e+00
   outer loop
     vertex -1.050811636515e+01 9.928631328575e+00 0.000000000000e+00
     vertex -1.045000000000e+01 9.450000000000e+00 0.000000000000e+00
     vertex -1.120000000000e+01 9.450000000000e+00 0.000000000000e+00
   endloop
 endfacet
 facet normal 0.000000000000e+00 0.000000000000e+00 -1.000000000000e+00
   outer loop
     vertex -1.174079022591e+01 1.132003248537e+01 0.000000000000e+00
     vertex -1.200674389120e+01 1.061877030336e+01 0.000000000000e+00
     vertex -1.229932914968e+01 1.069088609262e+01 0.000000000000e+00
   endloop
 endfacet
 facet normal -0.000000000000e+00 0.000000000000e+00 -1.000000000000e+00
   outer loop
     vertex -1.174079022591e+01 1.132003248537e+01 0.000000000000e+00
     vertex -1.229932914968e+01 1.069088609262e+01 0.000000000000e+00
     vertex -1.220892663949e+01 1.143541774820e+01 0.000000000000e+00
   endloop
 endfacet
 facet normal 0.000000000000e+00 0.000000000000e+00 -1.000000000000e+00
   outer loop
     vertex -1.067908794869e+01 1.037944634409e+01 0.000000000000e+00
     vertex -1.123632272822e+01 9.749144580359e+00 0.000000000000e+00
     vertex -1.134317996793e+01 1.003090396505e+01 0.000000000000e+00
   endloop
 endfacet
 facet normal 0.000000000000e+00 -0.000000000000e+00 -1.000000000000e+00
   outer loop
     vertex -1.067908794869e+01 1.037944634409e+01 0.000000000000e+00
     vertex -1.050811636515e+01 9.928631328575e+00 0.000000000000e+00
     vertex -1.123632272822e+01 9.749144580359e+00 0.000000000000e+00
   endloop
 endfacet
 facet normal -0.000000000000e+00 0.000000000000e+00 -1.000000000000e+00
   outer loop
     vertex -1.131387050654e+01 1.109596773179e+01 0.000000000000e+00
     vertex -1.200674389120e+01 1.061877030336e+01 0.000000000000e+00
     vertex -1.174079022591e+01 1.132003248537e+01 0.000000000000e+00
   endloop
 endfacet
 facet normal 0.000000000000e+00 0.000000000000e+00 -1.000000000000e+00
   outer loop
     vertex -1.131387050654e+01 1.109596773179e+01 0.000000000000e+00
     vertex -1.151436156479e+01 1.027890332280e+01 0.000000000000e+00
     vertex -1.173991906659e+01 1.047872983237e+01 0.000000000000e+00
   endloop
 endfacet
 facet normal 0.000000000000e+00 0.000000000000e+00 -1.000000000000e+00
   outer loop
     vertex -1.131387050654e+01 1.109596773179e+01 0.000000000000e+00
     vertex -1.173991906659e+01 1.047872983237e+01 0.000000000000e+00
     vertex -1.200674389120e+01 1.061877030336e+01 0.000000000000e+00
   endloop
 endfacet
 facet normal 0.000000000000e+00 0.000000000000e+00 -1.000000000000e+00
   outer loop
     vertex -1.095297850366e+01 1.077624531648e+01 0.000000000000e+00
     vertex -1.134317996793e+01 1.003090396505e+01 0.000000000000e+00
     vertex -1.151436156479e+01 1.027890332280e+01 0.000000000000e+00
   endloop
 endfacet
 facet normal 0.000000000000e+00 -0.000000000000e+00 -1.000000000000e+00
   outer loop
     vertex -1.095297850366e+01 1.077624531648e+01 0.000000000000e+00
     vertex -1.067908794869e+01 1.037944634409e+01 0.000000000000e+00
     vertex -1.134317996793e+01 1.003090396505e+01 0.000000000000e+00
   endloop
 endfacet
 facet normal -0.000000000000e+00 0.000000000000e+00 -1.000000000000e+00
   outer loop
     vertex -1.095297850366e+01 1.077624531648e+01 0.000000000000e+00
     vertex -1.151436156479e+01 1.027890332280e+01 0.000000000000e+00
     vertex -1.131387050654e+01 1.109596773179e+01 0.000000000000e+00
   endloop
 endfacet
 facet normal -9.927088740981e-01 -1.205366802553e-01 0.000000000000e+00
   outer loop
     vertex -1.123632272822e+01 9.749144580359e+00 6.000000000000e+00
     vertex -1.120000000000e+01 9.450000000000e+00 0.000000000000e+00
     vertex -1.120000000000e+01 9.450000000000e+00 6.000000000000e+00
   endloop
 endfacet
 facet normal -9.927088740981e-01 -1.205366802553e-01 -0.000000000000e+00
   outer loop
     vertex -1.123632272822e+01 9.749144580359e+00 6.000000000000e+00
     vertex -1.123632272822e+01 9.749144580359e+00 0.000000000000e+00
     vertex -1.120000000000e+01 9.450000000000e+00 0.000000000000e+00
   endloop
 endfacet
 facet normal -9.350162426854e-01 -3.546048870425e-01 -0.000000000000e+00
   outer loop
     vertex -1.134317996793e+01 1.003090396505e+01 6.000000000000e+00
     vertex -1.134317996793e+01 1.003090396505e+01 0.000000000000e+00
     vertex -1.123632272822e+01 9.749144580359e+00 0.000000000000e+00
   endloop
 endfacet
 facet normal -8.229838658937e-01 -5.680647467312e-01 -0.000000000000e+00
   outer loop
     vertex -1.134317996793e+01 1.003090396505e+01 6.000000000000e+00
     vertex -1.151436156479e+01 1.027890332280e+01 0.000000000000e+00
     vertex -1.134317996793e+01 1.003090396505e+01 0.000000000000e+00
   endloop
 endfacet
 facet normal -9.350162426854e-01 -3.546048870425e-01 0.000000000000e+00
   outer loop
     vertex -1.134317996793e+01 1.003090396505e+01 6.000000000000e+00
     vertex -1.123632272822e+01 9.749144580359e+00 0.000000000000e+00
     vertex -1.123632272822e+01 9.749144580359e+00 6.000000000000e+00
   endloop
 endfacet
 facet normal -8.229838658937e-01 -5.680647467312e-01 -0.000000000000e+00
   outer loop
     vertex -1.151436156479e+01 1.027890332280e+01 6.000000000000e+00
     vertex -1.151436156479e+01 1.027890332280e+01 0.000000000000e+00
     vertex -1.134317996793e+01 1.003090396505e+01 6.000000000000e+00
   endloop
 endfacet
 facet normal -6.631226582408e-01 -7.485107481711e-01 -0.000000000000e+00
   outer loop
     vertex -1.173991906659e+01 1.047872983237e+01 6.000000000000e+00
     vertex -1.173991906659e+01 1.047872983237e+01 0.000000000000e+00
     vertex -1.151436156479e+01 1.027890332280e+01 0.000000000000e+00
   endloop
 endfacet
 facet normal -4.647231720438e-01 -8.854560256532e-01 -0.000000000000e+00
   outer loop
     vertex -1.173991906659e+01 1.047872983237e+01 6.000000000000e+00
     vertex -1.200674389120e+01 1.061877030336e+01 0.000000000000e+00
     vertex -1.173991906659e+01 1.047872983237e+01 0.000000000000e+00
   endloop
 endfacet
 facet normal -6.631226582408e-01 -7.485107481711e-01 0.000000000000e+00
   outer loop
     vertex -1.173991906659e+01 1.047872983237e+01 6.000000000000e+00
     vertex -1.151436156479e+01 1.027890332280e+01 0.000000000000e+00
     vertex -1.151436156479e+01 1.027890332280e+01 6.000000000000e+00
   endloop
 endfacet
 facet normal -4.647231720438e-01 -8.854560256532e-01 -0.000000000000e+00
   outer loop
     vertex -1.200674389120e+01 1.061877030336e+01 6.000000000000e+00
     vertex -1.200674389120e+01 1.061877030336e+01 0.000000000000e+00
     vertex -1.173991906659e+01 1.047872983237e+01 6.000000000000e+00
   endloop
 endfacet
 facet normal -2.393156642876e-01 -9.709418174261e-01 -0.000000000000e+00
   outer loop
     vertex -1.229932914968e+01 1.069088609262e+01 6.000000000000e+00
     vertex -1.229932914968e+01 1.069088609262e+01 0.000000000000e+00
     vertex -1.200674389120e+01 1.061877030336e+01 0.000000000000e+00
   endloop
 endfacet
 facet normal -2.393156642876e-01 -9.709418174261e-01 0.000000000000e+00
   outer loop
     vertex -1.229932914968e+01 1.069088609262e+01 6.000000000000e+00
     vertex -1.200674389120e+01 1.061877030336e+01 0.000000000000e+00
     vertex -1.200674389120e+01 1.061877030336e+01 6.000000000000e+00
   endloop
 endfacet
 facet normal 0.000000000000e+00 -1.000000000000e+00 0.000000000000e+00
   outer loop
     vertex -1.260067085032e+01 1.069088609262e+01 6.000000000000e+00
     vertex -1.260067085032e+01 1.069088609262e+01 0.000000000000e+00
     vertex -1.229932914968e+01 1.069088609262e+01 0.000000000000e+00
   endloop
 endfacet
 facet normal 0.000000000000e+00 -1.000000000000e+00 0.000000000000e+00
   outer loop
     vertex -1.260067085032e+01 1.069088609262e+01 6.000000000000e+00
     vertex -1.229932914968e+01 1.069088609262e+01 0.000000000000e+00
     vertex -1.229932914968e+01 1.069088609262e+01 6.000000000000e+00
   endloop
 endfacet
 facet normal 2.393156642876e-01 -9.709418174261e-01 0.000000000000e+00
   outer loop
     vertex -1.289325610880e+01 1.061877030336e+01 6.000000000000e+00
     vertex -1.289325610880e+01 1.061877030336e+01 0.000000000000e+00
     vertex -1.260067085032e+01 1.069088609262e+01 0.000000000000e+00
   endloop
 endfacet
 facet normal 4.647231720438e-01 -8.854560256532e-01 0.000000000000e+00
   outer loop
     vertex -1.289325610880e+01 1.061877030336e+01 6.000000000000e+00
     vertex -1.316008093341e+01 1.047872983237e+01 0.000000000000e+00
     vertex -1.289325610880e+01 1.061877030336e+01 0.000000000000e+00
   endloop
 endfacet
 facet normal 2.393156642876e-01 -9.709418174261e-01 0.000000000000e+00
   outer loop
     vertex -1.289325610880e+01 1.061877030336e+01 6.000000000000e+00
     vertex -1.260067085032e+01 1.069088609262e+01 0.000000000000e+00
     vertex -1.260067085032e+01 1.069088609262e+01 6.000000000000e+00
   endloop
 endfacet
 facet normal 4.647231720438e-01 -8.854560256532e-01 0.000000000000e+00
   outer loop
     vertex -1.316008093341e+01 1.047872983237e+01 6.000000000000e+00
     vertex -1.316008093341e+01 1.047872983237e+01 0.000000000000e+00
     vertex -1.289325610880e+01 1.061877030336e+01 6.000000000000e+00
   endloop
 endfacet
 facet normal 6.631226582408e-01 -7.485107481711e-01 0.000000000000e+00
   outer loop
     vertex -1.338563843521e+01 1.027890332280e+01 6.000000000000e+00
     vertex -1.338563843521e+01 1.027890332280e+01 0.000000000000e+00
     vertex -1.316008093341e+01 1.047872983237e+01 0.000000000000e+00
   endloop
 endfacet
 facet normal 6.631226582408e-01 -7.485107481711e-01 0.000000000000e+00
   outer loop
     vertex -1.338563843521e+01 1.027890332280e+01 6.000000000000e+00
     vertex -1.316008093341e+01 1.047872983237e+01 0.000000000000e+00
     vertex -1.316008093341e+01 1.047872983237e+01 6.000000000000e+00
   endloop
 endfacet
 facet normal 8.229838658937e-01 -5.680647467312e-01 0.000000000000e+00
   outer loop
     vertex -1.355682003207e+01 1.003090396505e+01 6.000000000000e+00
     vertex -1.355682003207e+01 1.003090396505e+01 0.000000000000e+00
     vertex -1.338563843521e+01 1.027890332280e+01 0.000000000000e+00
   endloop
 endfacet
 facet normal 9.350162426854e-01 -3.546048870425e-01 0.000000000000e+00
   outer loop
     vertex -1.355682003207e+01 1.003090396505e+01 6.000000000000e+00
     vertex -1.366367727178e+01 9.749144580359e+00 0.000000000000e+00
     vertex -1.355682003207e+01 1.003090396505e+01 0.000000000000e+00
   endloop
 endfacet
 facet normal 8.229838658937e-01 -5.680647467312e-01 0.000000000000e+00
   outer loop
     vertex -1.355682003207e+01 1.003090396505e+01 6.000000000000e+00
     vertex -1.338563843521e+01 1.027890332280e+01 0.000000000000e+00
     vertex -1.338563843521e+01 1.027890332280e+01 6.000000000000e+00
   endloop
 endfacet
 facet normal 9.350162426854e-01 -3.546048870425e-01 0.000000000000e+00
   outer loop
     vertex -1.366367727178e+01 9.749144580359e+00 6.000000000000e+00
     vertex -1.366367727178e+01 9.749144580359e+00 0.000000000000e+00
     vertex -1.355682003207e+01 1.003090396505e+01 6.000000000000e+00
   endloop
 endfacet
 facet normal 9.927088740981e-01 -1.205366802553e-01 0.000000000000e+00
   outer loop
     vertex -1.366367727178e+01 9.749144580359e+00 6.000000000000e+00
     vertex -1.370000000000e+01 9.450000000000e+00 0.000000000000e+00
     vertex -1.366367727178e+01 9.749144580359e+00 0.000000000000e+00
   endloop
 endfacet
 facet normal 9.927088740981e-01 -1.205366802553e-01 0.000000000000e+00
   outer loop
     vertex -1.370000000000e+01 9.450000000000e+00 6.000000000000e+00
     vertex -1.370000000000e+01 9.450000000000e+00 0.000000000000e+00
     vertex -1.366367727178e+01 9.749144580359e+00 6.000000000000e+00
   endloop
 endfacet
 facet normal 9.927088740981e-01 1.205366802553e-01 0.000000000000e+00
   outer loop
     vertex -1.366367727178e+01 9.150855419641e+00 6.000000000000e+00
     vertex -1.370000000000e+01 9.450000000000e+00 0.000000000000e+00
     vertex -1.370000000000e+01 9.450000000000e+00 6.000000000000e+00
   endloop
 endfacet
 facet normal 9.927088740981e-01 1.205366802553e-01 0.000000000000e+00
   outer loop
     vertex -1.366367727178e+01 9.150855419641e+00 6.000000000000e+00
     vertex -1.366367727178e+01 9.150855419641e+00 0.000000000000e+00
     vertex -1.370000000000e+01 9.450000000000e+00 0.000000000000e+00
   endloop
 endfacet
 facet normal 9.350162426854e-01 3.546048870425e-01 0.000000000000e+00
   outer loop
     vertex -1.366367727178e+01 9.150855419641e+00 6.000000000000e+00
     vertex -1.355682003207e+01 8.869096034945e+00 0.000000000000e+00
     vertex -1.366367727178e+01 9.150855419641e+00 0.000000000000e+00
   endloop
 endfacet
 facet normal 9.350162426854e-01 3.546048870425e-01 0.000000000000e+00
   outer loop
     vertex -1.355682003207e+01 8.869096034945e+00 6.000000000000e+00
     vertex -1.355682003207e+01 8.869096034945e+00 0.000000000000e+00
     vertex -1.366367727178e+01 9.150855419641e+00 6.000000000000e+00
   endloop
 endfacet
 facet normal 8.229838658937e-01 5.680647467312e-01 0.000000000000e+00
   outer loop
     vertex -1.338563843521e+01 8.621096677199e+00 6.000000000000e+00
     vertex -1.355682003207e+01 8.869096034945e+00 0.000000000000e+00
     vertex -1.355682003207e+01 8.869096034945e+00 6.000000000000e+00
   endloop
 endfacet
 facet normal 8.229838658937e-01 5.680647467312e-01 0.000000000000e+00
   outer loop
     vertex -1.338563843521e+01 8.621096677199e+00 6.000000000000e+00
     vertex -1.338563843521e+01 8.621096677199e+00 0.000000000000e+00
     vertex -1.355682003207e+01 8.869096034945e+00 0.000000000000e+00
   endloop
 endfacet
 facet normal 6.631226582408e-01 7.485107481711e-01 0.000000000000e+00
   outer loop
     vertex -1.316008093341e+01 8.421270167633e+00 6.000000000000e+00
     vertex -1.338563843521e+01 8.621096677199e+00 0.000000000000e+00
     vertex -1.338563843521e+01 8.621096677199e+00 6.000000000000e+00
   endloop
 endfacet
 facet normal 6.631226582408e-01 7.485107481711e-01 0.000000000000e+00
   outer loop
     vertex -1.316008093341e+01 8.421270167633e+00 6.000000000000e+00
     vertex -1.316008093341e+01 8.421270167633e+00 0.000000000000e+00
     vertex -1.338563843521e+01 8.621096677199e+00 0.000000000000e+00
   endloop
 endfacet
 facet normal 4.647231720438e-01 8.854560256532e-01 0.000000000000e+00
   outer loop
     vertex -1.316008093341e+01 8.421270167633e+00 6.000000000000e+00
     vertex -1.289325610880e+01 8.281229696643e+00 0.000000000000e+00
     vertex -1.316008093341e+01 8.421270167633e+00 0.000000000000e+00
   endloop
 endfacet
 facet normal 4.647231720438e-01 8.854560256532e-01 0.000000000000e+00
   outer loop
     vertex -1.289325610880e+01 8.281229696643e+00 6.000000000000e+00
     vertex -1.289325610880e+01 8.281229696643e+00 0.000000000000e+00
     vertex -1.316008093341e+01 8.421270167633e+00 6.000000000000e+00
   endloop
 endfacet
 facet normal 2.393156642876e-01 9.709418174261e-01 0.000000000000e+00
   outer loop
     vertex -1.260067085032e+01 8.209113907377e+00 6.000000000000e+00
     vertex -1.289325610880e+01 8.281229696643e+00 0.000000000000e+00
     vertex -1.289325610880e+01 8.281229696643e+00 6.000000000000e+00
   endloop
 endfacet
 facet normal 2.393156642876e-01 9.709418174261e-01 0.000000000000e+00
   outer loop
     vertex -1.260067085032e+01 8.209113907377e+00 6.000000000000e+00
     vertex -1.260067085032e+01 8.209113907377e+00 0.000000000000e+00
     vertex -1.289325610880e+01 8.281229696643e+00 0.000000000000e+00
   endloop
 endfacet
 facet normal 0.000000000000e+00 1.000000000000e+00 0.000000000000e+00
   outer loop
     vertex -1.260067085032e+01 8.209113907377e+00 6.000000000000e+00
     vertex -1.229932914968e+01 8.209113907377e+00 0.000000000000e+00
     vertex -1.260067085032e+01 8.209113907377e+00 0.000000000000e+00
   endloop
 endfacet
 facet normal 0.000000000000e+00 1.000000000000e+00 0.000000000000e+00
   outer loop
     vertex -1.229932914968e+01 8.209113907377e+00 6.000000000000e+00
     vertex -1.229932914968e+01 8.209113907377e+00 0.000000000000e+00
     vertex -1.260067085032e+01 8.209113907377e+00 6.000000000000e+00
   endloop
 endfacet
 facet normal -2.393156642876e-01 9.709418174261e-01 0.000000000000e+00
   outer loop
     vertex -1.229932914968e+01 8.209113907377e+00 6.000000000000e+00
     vertex -1.200674389120e+01 8.281229696643e+00 0.000000000000e+00
     vertex -1.229932914968e+01 8.209113907377e+00 0.000000000000e+00
   endloop
 endfacet
 facet normal -2.393156642876e-01 9.709418174261e-01 0.000000000000e+00
   outer loop
     vertex -1.200674389120e+01 8.281229696643e+00 6.000000000000e+00
     vertex -1.200674389120e+01 8.281229696643e+00 0.000000000000e+00
     vertex -1.229932914968e+01 8.209113907377e+00 6.000000000000e+00
   endloop
 endfacet
 facet normal -4.647231720438e-01 8.854560256532e-01 0.000000000000e+00
   outer loop
     vertex -1.173991906659e+01 8.421270167633e+00 6.000000000000e+00
     vertex -1.200674389120e+01 8.281229696643e+00 0.000000000000e+00
     vertex -1.200674389120e+01 8.281229696643e+00 6.000000000000e+00
   endloop
 endfacet
 facet normal -4.647231720438e-01 8.854560256532e-01 0.000000000000e+00
   outer loop
     vertex -1.173991906659e+01 8.421270167633e+00 6.000000000000e+00
     vertex -1.173991906659e+01 8.421270167633e+00 0.000000000000e+00
     vertex -1.200674389120e+01 8.281229696643e+00 0.000000000000e+00
   endloop
 endfacet
 facet normal -6.631226582408e-01 7.485107481711e-01 0.000000000000e+00
   outer loop
     vertex -1.173991906659e+01 8.421270167633e+00 6.000000000000e+00
     vertex -1.151436156479e+01 8.621096677199e+00 0.000000000000e+00
     vertex -1.173991906659e+01 8.421270167633e+00 0.000000000000e+00
   endloop
 endfacet
 facet normal -6.631226582408e-01 7.485107481711e-01 0.000000000000e+00
   outer loop
     vertex -1.151436156479e+01 8.621096677199e+00 6.000000000000e+00
     vertex -1.151436156479e+01 8.621096677199e+00 0.000000000000e+00
     vertex -1.173991906659e+01 8.421270167633e+00 6.000000000000e+00
   endloop
 endfacet
 facet normal -8.229838658937e-01 5.680647467312e-01 0.000000000000e+00
   outer loop
     vertex -1.134317996793e+01 8.869096034945e+00 6.000000000000e+00
     vertex -1.134317996793e+01 8.869096034945e+00 0.000000000000e+00
     vertex -1.151436156479e+01 8.621096677199e+00 0.000000000000e+00
   endloop
 endfacet
 facet normal -9.350162426854e-01 3.546048870425e-01 0.000000000000e+00
   outer loop
     vertex -1.134317996793e+01 8.869096034945e+00 6.000000000000e+00
     vertex -1.123632272822e+01 9.150855419641e+00 0.000000000000e+00
     vertex -1.134317996793e+01 8.869096034945e+00 0.000000000000e+00
   endloop
 endfacet
 facet normal -8.229838658937e-01 5.680647467312e-01 0.000000000000e+00
   outer loop
     vertex -1.134317996793e+01 8.869096034945e+00 6.000000000000e+00
     vertex -1.151436156479e+01 8.621096677199e+00 0.000000000000e+00
     vertex -1.151436156479e+01 8.621096677199e+00 6.000000000000e+00
   endloop
 endfacet
 facet normal -9.350162426854e-01 3.546048870425e-01 0.000000000000e+00
   outer loop
     vertex -1.123632272822e+01 9.150855419641e+00 6.000000000000e+00
     vertex -1.123632272822e+01 9.150855419641e+00 0.000000000000e+00
     vertex -1.134317996793e+01 8.869096034945e+00 6.000000000000e+00
   endloop
 endfacet
 facet normal -9.927088740981e-01 1.205366802553e-01 0.000000000000e+00
   outer loop
     vertex -1.120000000000e+01 9.450000000000e+00 6.000000000000e+00
     vertex -1.120000000000e+01 9.450000000000e+00 0.000000000000e+00
     vertex -1.123632272822e+01 9.150855419641e+00 0.000000000000e+00
   endloop
 endfacet
 facet normal -9.927088740981e-01 1.205366802553e-01 0.000000000000e+00
   outer loop
     vertex -1.120000000000e+01 9.450000000000e+00 6.000000000000e+00
     vertex -1.123632272822e+01 9.150855419641e+00 0.000000000000e+00
     vertex -1.123632272822e+01 9.150855419641e+00 6.000000000000e+00
   endloop
 endfacet
 facet normal 9.927088740981e-01 1.205366802553e-01 0.000000000000e+00
   outer loop
     vertex 1.504188363485e+01 4.786313285751e-01 6.000000000000e+00
     vertex 1.510000000000e+01 -4.898587196589e-16 6.000000000000e+00
     vertex 1.510000000000e+01 -4.898587196589e-16 0.000000000000e+00
   endloop
 endfacet
 facet normal 9.927088740981e-01 1.205366802553e-01 0.000000000000e+00
   outer loop
     vertex 1.504188363485e+01 4.786313285751e-01 6.000000000000e+00
     vertex 1.510000000000e+01 -4.898587196589e-16 0.000000000000e+00
     vertex 1.504188363485e+01 4.786313285751e-01 0.000000000000e+00
   endloop
 endfacet
 facet normal 9.350162426854e-01 3.546048870425e-01 0.000000000000e+00
   outer loop
     vertex 1.487091205131e+01 9.294463440875e-01 6.000000000000e+00
     vertex 1.504188363485e+01 4.786313285751e-01 0.000000000000e+00
     vertex 1.487091205131e+01 9.294463440875e-01 0.000000000000e+00
   endloop
 endfacet
 facet normal 8.229838658937e-01 5.680647467312e-01 0.000000000000e+00
   outer loop
     vertex 1.487091205131e+01 9.294463440875e-01 6.000000000000e+00
     vertex 1.487091205131e+01 9.294463440875e-01 0.000000000000e+00
     vertex 1.459702149634e+01 1.326245316482e+00 0.000000000000e+00
   endloop
 endfacet
 facet normal 9.350162426854e-01 3.546048870425e-01 0.000000000000e+00
   outer loop
     vertex 1.487091205131e+01 9.294463440875e-01 6.000000000000e+00
     vertex 1.504188363485e+01 4.786313285751e-01 6.000000000000e+00
     vertex 1.504188363485e+01 4.786313285751e-01 0.000000000000e+00
   endloop
 endfacet
 facet normal 8.229838658937e-01 5.680647467312e-01 0.000000000000e+00
   outer loop
     vertex 1.459702149634e+01 1.326245316482e+00 6.000000000000e+00
     vertex 1.487091205131e+01 9.294463440875e-01 6.000000000000e+00
     vertex 1.459702149634e+01 1.326245316482e+00 0.000000000000e+00
   endloop
 endfacet
 facet normal 6.631226582408e-01 7.485107481711e-01 0.000000000000e+00
   outer loop
     vertex 1.423612949346e+01 1.645967731787e+00 6.000000000000e+00
     vertex 1.459702149634e+01 1.326245316482e+00 0.000000000000e+00
     vertex 1.423612949346e+01 1.645967731787e+00 0.000000000000e+00
   endloop
 endfacet
 facet normal 4.647231720438e-01 8.854560256532e-01 0.000000000000e+00
   outer loop
     vertex 1.423612949346e+01 1.645967731787e+00 6.000000000000e+00
     vertex 1.423612949346e+01 1.645967731787e+00 0.000000000000e+00
     vertex 1.380920977409e+01 1.870032485371e+00 0.000000000000e+00
   endloop
 endfacet
 facet normal 6.631226582408e-01 7.485107481711e-01 0.000000000000e+00
   outer loop
     vertex 1.423612949346e+01 1.645967731787e+00 6.000000000000e+00
     vertex 1.459702149634e+01 1.326245316482e+00 6.000000000000e+00
     vertex 1.459702149634e+01 1.326245316482e+00 0.000000000000e+00
   endloop
 endfacet
 facet normal 4.647231720438e-01 8.854560256532e-01 0.000000000000e+00
   outer loop
     vertex 1.380920977409e+01 1.870032485371e+00 6.000000000000e+00
     vertex 1.423612949346e+01 1.645967731787e+00 6.000000000000e+00
     vertex 1.380920977409e+01 1.870032485371e+00 0.000000000000e+00
   endloop
 endfacet
 facet normal 2.393156642876e-01 9.709418174261e-01 0.000000000000e+00
   outer loop
     vertex 1.334107336051e+01 1.985417748196e+00 6.000000000000e+00
     vertex 1.380920977409e+01 1.870032485371e+00 0.000000000000e+00
     vertex 1.334107336051e+01 1.985417748196e+00 0.000000000000e+00
   endloop
 endfacet
 facet normal 2.393156642876e-01 9.709418174261e-01 0.000000000000e+00
   outer loop
     vertex 1.334107336051e+01 1.985417748196e+00 6.000000000000e+00
     vertex 1.380920977409e+01 1.870032485371e+00 6.000000000000e+00
     vertex 1.380920977409e+01 1.870032485371e+00 0.000000000000e+00
   endloop
 endfacet
 facet normal 0.000000000000e+00 1.000000000000e+00 0.000000000000e+00
   outer loop
     vertex 1.285892663949e+01 1.985417748196e+00 6.000000000000e+00
     vertex 1.334107336051e+01 1.985417748196e+00 0.000000000000e+00
     vertex 1.285892663949e+01 1.985417748196e+00 0.000000000000e+00
   endloop
 endfacet
 facet normal -0.000000000000e+00 1.000000000000e+00 0.000000000000e+00
   outer loop
     vertex 1.285892663949e+01 1.985417748196e+00 6.000000000000e+00
     vertex 1.334107336051e+01 1.985417748196e+00 6.000000000000e+00
     vertex 1.334107336051e+01 1.985417748196e+00 0.000000000000e+00
   endloop
 endfacet
 facet normal -2.393156642876e-01 9.709418174261e-01 0.000000000000e+00
   outer loop
     vertex 1.239079022591e+01 1.870032485371e+00 6.000000000000e+00
     vertex 1.285892663949e+01 1.985417748196e+00 0.000000000000e+00
     vertex 1.239079022591e+01 1.870032485371e+00 0.000000000000e+00
   endloop
 endfacet
 facet normal -4.647231720438e-01 8.854560256532e-01 0.000000000000e+00
   outer loop
     vertex 1.239079022591e+01 1.870032485371e+00 6.000000000000e+00
     vertex 1.239079022591e+01 1.870032485371e+00 0.000000000000e+00
     vertex 1.196387050654e+01 1.645967731787e+00 0.000000000000e+00
   endloop
 endfacet
 facet normal -2.393156642876e-01 9.709418174261e-01 0.000000000000e+00
   outer loop
     vertex 1.239079022591e+01 1.870032485371e+00 6.000000000000e+00
     vertex 1.285892663949e+01 1.985417748196e+00 6.000000000000e+00
     vertex 1.285892663949e+01 1.985417748196e+00 0.000000000000e+00
   endloop
 endfacet
 facet normal -4.647231720438e-01 8.854560256532e-01 0.000000000000e+00
   outer loop
     vertex 1.196387050654e+01 1.645967731787e+00 6.000000000000e+00
     vertex 1.239079022591e+01 1.870032485371e+00 6.000000000000e+00
     vertex 1.196387050654e+01 1.645967731787e+00 0.000000000000e+00
   endloop
 endfacet
 facet normal -6.631226582408e-01 7.485107481711e-01 0.000000000000e+00
   outer loop
     vertex 1.160297850366e+01 1.326245316482e+00 6.000000000000e+00
     vertex 1.196387050654e+01 1.645967731787e+00 0.000000000000e+00
     vertex 1.160297850366e+01 1.326245316482e+00 0.000000000000e+00
   endloop
 endfacet
 facet normal -6.631226582408e-01 7.485107481711e-01 0.000000000000e+00
   outer loop
     vertex 1.160297850366e+01 1.326245316482e+00 6.000000000000e+00
     vertex 1.196387050654e+01 1.645967731787e+00 6.000000000000e+00
     vertex 1.196387050654e+01 1.645967731787e+00 0.000000000000e+00
   endloop
 endfacet
 facet normal -8.229838658937e-01 5.680647467312e-01 0.000000000000e+00
   outer loop
     vertex 1.132908794869e+01 9.294463440875e-01 6.000000000000e+00
     vertex 1.160297850366e+01 1.326245316482e+00 0.000000000000e+00
     vertex 1.132908794869e+01 9.294463440875e-01 0.000000000000e+00
   endloop
 endfacet
 facet normal -9.350162426854e-01 3.546048870425e-01 0.000000000000e+00
   outer loop
     vertex 1.132908794869e+01 9.294463440875e-01 6.000000000000e+00
     vertex 1.132908794869e+01 9.294463440875e-01 0.000000000000e+00
     vertex 1.115811636515e+01 4.786313285751e-01 0.000000000000e+00
   endloop
 endfacet
 facet normal -8.229838658937e-01 5.680647467312e-01 0.000000000000e+00
   outer loop
     vertex 1.132908794869e+01 9.294463440875e-01 6.000000000000e+00
     vertex 1.160297850366e+01 1.326245316482e+00 6.000000000000e+00
     vertex 1.160297850366e+01 1.326245316482e+00 0.000000000000e+00
   endloop
 endfacet
 facet normal -9.350162426854e-01 3.546048870425e-01 0.000000000000e+00
   outer loop
     vertex 1.115811636515e+01 4.786313285751e-01 6.000000000000e+00
     vertex 1.132908794869e+01 9.294463440875e-01 6.000000000000e+00
     vertex 1.115811636515e+01 4.786313285751e-01 0.000000000000e+00
   endloop
 endfacet
 facet normal -9.927088740981e-01 1.205366802553e-01 0.000000000000e+00
   outer loop
     vertex 1.115811636515e+01 4.786313285751e-01 6.000000000000e+00
     vertex 1.115811636515e+01 4.786313285751e-01 0.000000000000e+00
     vertex 1.110000000000e+01 2.021286199230e-15 0.000000000000e+00
   endloop
 endfacet
 facet normal -9.927088740981e-01 1.205366802553e-01 0.000000000000e+00
   outer loop
     vertex 1.110000000000e+01 2.021286199230e-15 6.000000000000e+00
     vertex 1.115811636515e+01 4.786313285751e-01 6.000000000000e+00
     vertex 1.110000000000e+01 2.021286199230e-15 0.000000000000e+00
   endloop
 endfacet
 facet normal -9.927088740981e-01 -1.205366802553e-01 0.000000000000e+00
   outer loop
     vertex 1.115811636515e+01 -4.786313285751e-01 6.000000000000e+00
     vertex 1.110000000000e+01 2.021286199230e-15 6.000000000000e+00
     vertex 1.110000000000e+01 2.021286199230e-15 0.000000000000e+00
   endloop
 endfacet
 facet normal -9.927088740981e-01 -1.205366802553e-01 -0.000000000000e+00
   outer loop
     vertex 1.115811636515e+01 -4.786313285751e-01 6.000000000000e+00
     vertex 1.110000000000e+01 2.021286199230e-15 0.000000000000e+00
     vertex 1.115811636515e+01 -4.786313285751e-01 0.000000000000e+00
   endloop
 endfacet
 facet normal -9.350162426854e-01 -3.546048870425e-01 -0.000000000000e+00
   outer loop
     vertex 1.115811636515e+01 -4.786313285751e-01 6.000000000000e+00
     vertex 1.115811636515e+01 -4.786313285751e-01 0.000000000000e+00
     vertex 1.132908794869e+01 -9.294463440875e-01 0.000000000000e+00
   endloop
 endfacet
 facet normal -9.350162426854e-01 -3.546048870425e-01 -0.000000000000e+00
   outer loop
     vertex 1.132908794869e+01 -9.294463440875e-01 6.000000000000e+00
     vertex 1.115811636515e+01 -4.786313285751e-01 6.000000000000e+00
     vertex 1.132908794869e+01 -9.294463440875e-01 0.000000000000e+00
   endloop
 endfacet
 facet normal -8.229838658937e-01 -5.680647467312e-01 0.000000000000e+00
   outer loop
     vertex 1.160297850366e+01 -1.326245316482e+00 6.000000000000e+00
     vertex 1.132908794869e+01 -9.294463440875e-01 6.000000000000e+00
     vertex 1.132908794869e+01 -9.294463440875e-01 0.000000000000e+00
   endloop
 endfacet
 facet normal -8.229838658937e-01 -5.680647467312e-01 -0.000000000000e+00
   outer loop
     vertex 1.160297850366e+01 -1.326245316482e+00 6.000000000000e+00
     vertex 1.132908794869e+01 -9.294463440875e-01 0.000000000000e+00
     vertex 1.160297850366e+01 -1.326245316482e+00 0.000000000000e+00
   endloop
 endfacet
 facet normal -6.631226582408e-01 -7.485107481711e-01 0.000000000000e+00
   outer loop
     vertex 1.196387050654e+01 -1.645967731787e+00 6.000000000000e+00
     vertex 1.160297850366e+01 -1.326245316482e+00 6.000000000000e+00
     vertex 1.160297850366e+01 -1.326245316482e+00 0.000000000000e+00
   endloop
 endfacet
 facet normal -6.631226582408e-01 -7.485107481711e-01 -0.000000000000e+00
   outer loop
     vertex 1.196387050654e+01 -1.645967731787e+00 6.000000000000e+00
     vertex 1.160297850366e+01 -1.326245316482e+00 0.000000000000e+00
     vertex 1.196387050654e+01 -1.645967731787e+00 0.000000000000e+00
   endloop
 endfacet
 facet normal -4.647231720438e-01 -8.854560256532e-01 -0.000000000000e+00
   outer loop
     vertex 1.196387050654e+01 -1.645967731787e+00 6.000000000000e+00
     vertex 1.196387050654e+01 -1.645967731787e+00 0.000000000000e+00
     vertex 1.239079022591e+01 -1.870032485371e+00 0.000000000000e+00
   endloop
 endfacet
 facet normal -4.647231720438e-01 -8.854560256532e-01 -0.000000000000e+00
   outer loop
     vertex 1.239079022591e+01 -1.870032485371e+00 6.000000000000e+00
     vertex 1.196387050654e+01 -1.645967731787e+00 6.000000000000e+00
     vertex 1.239079022591e+01 -1.870032485371e+00 0.000000000000e+00
   endloop
 endfacet
 facet normal -2.393156642876e-01 -9.709418174261e-01 0.000000000000e+00
   outer loop
     vertex 1.285892663949e+01 -1.985417748196e+00 6.000000000000e+00
     vertex 1.239079022591e+01 -1.870032485371e+00 6.000000000000e+00
     vertex 1.239079022591e+01 -1.870032485371e+00 0.000000000000e+00
   endloop
 endfacet
 facet normal -2.393156642876e-01 -9.709418174261e-01 -0.000000000000e+00
   outer loop
     vertex 1.285892663949e+01 -1.985417748196e+00 6.000000000000e+00
     vertex 1.239079022591e+01 -1.870032485371e+00 0.000000000000e+00
     vertex 1.285892663949e+01 -1.985417748196e+00 0.000000000000e+00
   endloop
 endfacet
 facet normal -2.302666338316e-15 -1.000000000000e+00 -0.000000000000e+00
   outer loop
     vertex 1.285892663949e+01 -1.985417748196e+00 6.000000000000e+00
     vertex 1.285892663949e+01 -1.985417748196e+00 0.000000000000e+00
     vertex 1.334107336051e+01 -1.985417748196e+00 0.000000000000e+00
   endloop
 endfacet
 facet normal -2.302666338316e-15 -1.000000000000e+00 -0.000000000000e+00
   outer loop
     vertex 1.334107336051e+01 -1.985417748196e+00 6.000000000000e+00
     vertex 1.285892663949e+01 -1.985417748196e+00 6.000000000000e+00
     vertex 1.334107336051e+01 -1.985417748196e+00 0.000000000000e+00
   endloop
 endfacet
 facet normal 2.393156642876e-01 -9.709418174261e-01 0.000000000000e+00
   outer loop
     vertex 1.334107336051e+01 -1.985417748196e+00 6.000000000000e+00
     vertex 1.334107336051e+01 -1.985417748196e+00 0.000000000000e+00
     vertex 1.380920977409e+01 -1.870032485371e+00 0.000000000000e+00
   endloop
 endfacet
 facet normal 2.393156642876e-01 -9.709418174261e-01 0.000000000000e+00
   outer loop
     vertex 1.380920977409e+01 -1.870032485371e+00 6.000000000000e+00
     vertex 1.334107336051e+01 -1.985417748196e+00 6.000000000000e+00
     vertex 1.380920977409e+01 -1.870032485371e+00 0.000000000000e+00
   endloop
 endfacet
 facet normal 4.647231720438e-01 -8.854560256532e-01 0.000000000000e+00
   outer loop
     vertex 1.423612949346e+01 -1.645967731787e+00 6.000000000000e+00
     vertex 1.380920977409e+01 -1.870032485371e+00 6.000000000000e+00
     vertex 1.380920977409e+01 -1.870032485371e+00 0.000000000000e+00
   endloop
 endfacet
 facet normal 4.647231720438e-01 -8.854560256532e-01 0.000000000000e+00
   outer loop
     vertex 1.423612949346e+01 -1.645967731787e+00 6.000000000000e+00
     vertex 1.380920977409e+01 -1.870032485371e+00 0.000000000000e+00
     vertex 1.423612949346e+01 -1.645967731787e+00 0.000000000000e+00
   endloop
 endfacet
 facet normal 6.631226582408e-01 -7.485107481711e-01 0.000000000000e+00
   outer loop
     vertex 1.423612949346e+01 -1.645967731787e+00 6.000000000000e+00
     vertex 1.423612949346e+01 -1.645967731787e+00 0.000000000000e+00
     vertex 1.459702149634e+01 -1.326245316482e+00 0.000000000000e+00
   endloop
 endfacet
 facet normal 6.631226582408e-01 -7.485107481711e-01 0.000000000000e+00
   outer loop
     vertex 1.459702149634e+01 -1.326245316482e+00 6.000000000000e+00
     vertex 1.423612949346e+01 -1.645967731787e+00 6.000000000000e+00
     vertex 1.459702149634e+01 -1.326245316482e+00 0.000000000000e+00
   endloop
 endfacet
 facet normal 8.229838658937e-01 -5.680647467312e-01 0.000000000000e+00
   outer loop
     vertex 1.487091205131e+01 -9.294463440875e-01 6.000000000000e+00
     vertex 1.459702149634e+01 -1.326245316482e+00 0.000000000000e+00
     vertex 1.487091205131e+01 -9.294463440875e-01 0.000000000000e+00
   endloop
 endfacet
 facet normal 9.350162426854e-01 -3.546048870425e-01 0.000000000000e+00
   outer loop
     vertex 1.487091205131e+01 -9.294463440875e-01 6.000000000000e+00
     vertex 1.487091205131e+01 -9.294463440875e-01 0.000000000000e+00
     vertex 1.504188363485e+01 -4.786313285751e-01 0.000000000000e+00
   endloop
 endfacet
 facet normal 8.229838658937e-01 -5.680647467312e-01 0.000000000000e+00
   outer loop
     vertex 1.487091205131e+01 -9.294463440875e-01 6.000000000000e+00
     vertex 1.459702149634e+01 -1.326245316482e+00 6.000000000000e+00
     vertex 1.459702149634e+01 -1.326245316482e+00 0.000000000000e+00
   endloop
 endfacet
 facet normal 9.350162426854e-01 -3.546048870425e-01 0.000000000000e+00
   outer loop
     vertex 1.504188363485e+01 -4.786313285751e-01 6.000000000000e+00
     vertex 1.487091205131e+01 -9.294463440875e-01 6.000000000000e+00
     vertex 1.504188363485e+01 -4.786313285751e-01 0.000000000000e+00
   endloop
 endfacet
 facet normal 9.927088740981e-01 -1.205366802553e-01 0.000000000000e+00
   outer loop
     vertex 1.510000000000e+01 -4.898587196589e-16 6.000000000000e+00
     vertex 1.504188363485e+01 -4.786313285751e-01 0.000000000000e+00
     vertex 1.510000000000e+01 -4.898587196589e-16 0.000000000000e+00
   endloop
 endfacet
 facet normal 9.927088740981e-01 -1.205366802553e-01 0.000000000000e+00
   outer loop
     vertex 1.510000000000e+01 -4.898587196589e-16 6.000000000000e+00
     vertex 1.504188363485e+01 -4.786313285751e-01 6.000000000000e+00
     vertex 1.504188363485e+01 -4.786313285751e-01 0.000000000000e+00
   endloop
 endfacet
 facet normal 0.000000000000e+00 0.000000000000e+00 1.000000000000e+00
   outer loop
     vertex 1.238991906659e+01 -1.028729832367e+00 6.000000000000e+00
     vertex 1.160297850366e+01 -1.326245316482e+00 6.000000000000e+00
     vertex 1.196387050654e+01 -1.645967731787e+00 6.000000000000e+00
   endloop
 endfacet
 facet normal 0.000000000000e+00 0.000000000000e+00 1.000000000000e+00
   outer loop
     vertex 1.238991906659e+01 -1.028729832367e+00 6.000000000000e+00
     vertex 1.216436156479e+01 -8.289033228010e-01 6.000000000000e+00
     vertex 1.160297850366e+01 -1.326245316482e+00 6.000000000000e+00
   endloop
 endfacet
 facet normal 0.000000000000e+00 0.000000000000e+00 1.000000000000e+00
   outer loop
     vertex 1.199317996793e+01 -5.809039650547e-01 6.000000000000e+00
     vertex 1.132908794869e+01 -9.294463440875e-01 6.000000000000e+00
     vertex 1.160297850366e+01 -1.326245316482e+00 6.000000000000e+00
   endloop
 endfacet
 facet normal 0.000000000000e+00 0.000000000000e+00 1.000000000000e+00
   outer loop
     vertex 1.199317996793e+01 -5.809039650547e-01 6.000000000000e+00
     vertex 1.160297850366e+01 -1.326245316482e+00 6.000000000000e+00
     vertex 1.216436156479e+01 -8.289033228010e-01 6.000000000000e+00
   endloop
 endfacet
 facet normal 0.000000000000e+00 0.000000000000e+00 1.000000000000e+00
   outer loop
     vertex 1.265674389120e+01 -1.168770303357e+00 6.000000000000e+00
     vertex 1.196387050654e+01 -1.645967731787e+00 6.000000000000e+00
     vertex 1.239079022591e+01 -1.870032485371e+00 6.000000000000e+00
   endloop
 endfacet
 facet normal 0.000000000000e+00 0.000000000000e+00 1.000000000000e+00
   outer loop
     vertex 1.265674389120e+01 -1.168770303357e+00 6.000000000000e+00
     vertex 1.238991906659e+01 -1.028729832367e+00 6.000000000000e+00
     vertex 1.196387050654e+01 -1.645967731787e+00 6.000000000000e+00
   endloop
 endfacet
 facet normal 0.000000000000e+00 0.000000000000e+00 1.000000000000e+00
   outer loop
     vertex 1.188632272822e+01 -2.991445803594e-01 6.000000000000e+00
     vertex 1.115811636515e+01 -4.786313285751e-01 6.000000000000e+00
     vertex 1.132908794869e+01 -9.294463440875e-01 6.000000000000e+00
   endloop
 endfacet
 facet normal 0.000000000000e+00 0.000000000000e+00 1.000000000000e+00
   outer loop
     vertex 1.188632272822e+01 -2.991445803594e-01 6.000000000000e+00
     vertex 1.132908794869e+01 -9.294463440875e-01 6.000000000000e+00
     vertex 1.199317996793e+01 -5.809039650547e-01 6.000000000000e+00
   endloop
 endfacet
 facet normal 0.000000000000e+00 0.000000000000e+00 1.000000000000e+00
   outer loop
     vertex 1.294932914968e+01 -1.240886092623e+00 6.000000000000e+00
     vertex 1.239079022591e+01 -1.870032485371e+00 6.000000000000e+00
     vertex 1.285892663949e+01 -1.985417748196e+00 6.000000000000e+00
   endloop
 endfacet
 facet normal 0.000000000000e+00 0.000000000000e+00 1.000000000000e+00
   outer loop
     vertex 1.294932914968e+01 -1.240886092623e+00 6.000000000000e+00
     vertex 1.265674389120e+01 -1.168770303357e+00 6.000000000000e+00
     vertex 1.239079022591e+01 -1.870032485371e+00 6.000000000000e+00
   endloop
 endfacet
 facet normal 0.000000000000e+00 0.000000000000e+00 1.000000000000e+00
   outer loop
     vertex 1.185000000000e+01 1.263303874519e-15 6.000000000000e+00
     vertex 1.110000000000e+01 2.021286199230e-15 6.000000000000e+00
     vertex 1.115811636515e+01 -4.786313285751e-01 6.000000000000e+00
   endloop
 endfacet
 facet normal 0.000000000000e+00 0.000000000000e+00 1.000000000000e+00
   outer loop
     vertex 1.185000000000e+01 1.263303874519e-15 6.000000000000e+00
     vertex 1.115811636515e+01 -4.786313285751e-01 6.000000000000e+00
     vertex 1.188632272822e+01 -2.991445803594e-01 6.000000000000e+00
   endloop
 endfacet
 facet normal 0.000000000000e+00 0.000000000000e+00 1.000000000000e+00
   outer loop
     vertex 1.325067085032e+01 -1.240886092623e+00 6.000000000000e+00
     vertex 1.285892663949e+01 -1.985417748196e+00 6.000000000000e+00
     vertex 1.334107336051e+01 -1.985417748196e+00 6.000000000000e+00
   endloop
 endfacet
 facet normal 0.000000000000e+00 0.000000000000e+00 1.000000000000e+00
   outer loop
     vertex 1.325067085032e+01 -1.240886092623e+00 6.000000000000e+00
     vertex 1.294932914968e+01 -1.240886092623e+00 6.000000000000e+00
     vertex 1.285892663949e+01 -1.985417748196e+00 6.000000000000e+00
   endloop
 endfacet
 facet normal 0.000000000000e+00 0.000000000000e+00 1.000000000000e+00
   outer loop
     vertex 1.188632272822e+01 2.991445803594e-01 6.000000000000e+00
     vertex 1.115811636515e+01 4.786313285751e-01 6.000000000000e+00
     vertex 1.110000000000e+01 2.021286199230e-15 6.000000000000e+00
   endloop
 endfacet
 facet normal 0.000000000000e+00 0.000000000000e+00 1.000000000000e+00
   outer loop
     vertex 1.188632272822e+01 2.991445803594e-01 6.000000000000e+00
     vertex 1.110000000000e+01 2.021286199230e-15 6.000000000000e+00
     vertex 1.185000000000e+01 1.263303874519e-15 6.000000000000e+00
   endloop
 endfacet
 facet normal 0.000000000000e+00 0.000000000000e+00 1.000000000000e+00
   outer loop
     vertex 1.354325610880e+01 -1.168770303357e+00 6.000000000000e+00
     vertex 1.334107336051e+01 -1.985417748196e+00 6.000000000000e+00
     vertex 1.380920977409e+01 -1.870032485371e+00 6.000000000000e+00
   endloop
 endfacet
 facet normal 0.000000000000e+00 0.000000000000e+00 1.000000000000e+00
   outer loop
     vertex 1.354325610880e+01 -1.168770303357e+00 6.000000000000e+00
     vertex 1.325067085032e+01 -1.240886092623e+00 6.000000000000e+00
     vertex 1.334107336051e+01 -1.985417748196e+00 6.000000000000e+00
   endloop
 endfacet
 facet normal 0.000000000000e+00 0.000000000000e+00 1.000000000000e+00
   outer loop
     vertex 1.199317996793e+01 5.809039650547e-01 6.000000000000e+00
     vertex 1.132908794869e+01 9.294463440875e-01 6.000000000000e+00
     vertex 1.115811636515e+01 4.786313285751e-01 6.000000000000e+00
   endloop
 endfacet
 facet normal 0.000000000000e+00 0.000000000000e+00 1.000000000000e+00
   outer loop
     vertex 1.199317996793e+01 5.809039650547e-01 6.000000000000e+00
     vertex 1.115811636515e+01 4.786313285751e-01 6.000000000000e+00
     vertex 1.188632272822e+01 2.991445803594e-01 6.000000000000e+00
   endloop
 endfacet
 facet normal 0.000000000000e+00 0.000000000000e+00 1.000000000000e+00
   outer loop
     vertex 1.381008093341e+01 -1.028729832367e+00 6.000000000000e+00
     vertex 1.380920977409e+01 -1.870032485371e+00 6.000000000000e+00
     vertex 1.423612949346e+01 -1.645967731787e+00 6.000000000000e+00
   endloop
 endfacet
 facet normal 0.000000000000e+00 0.000000000000e+00 1.000000000000e+00
   outer loop
     vertex 1.381008093341e+01 -1.028729832367e+00 6.000000000000e+00
     vertex 1.354325610880e+01 -1.168770303357e+00 6.000000000000e+00
     vertex 1.380920977409e+01 -1.870032485371e+00 6.000000000000e+00
   endloop
 endfacet
 facet normal 0.000000000000e+00 0.000000000000e+00 1.000000000000e+00
   outer loop
     vertex 1.216436156479e+01 8.289033228010e-01 6.000000000000e+00
     vertex 1.160297850366e+01 1.326245316482e+00 6.000000000000e+00
     vertex 1.132908794869e+01 9.294463440875e-01 6.000000000000e+00
   endloop
 endfacet
 facet normal 0.000000000000e+00 0.000000000000e+00 1.000000000000e+00
   outer loop
     vertex 1.216436156479e+01 8.289033228010e-01 6.000000000000e+00
     vertex 1.132908794869e+01 9.294463440875e-01 6.000000000000e+00
     vertex 1.199317996793e+01 5.809039650547e-01 6.000000000000e+00
   endloop
 endfacet
 facet normal 0.000000000000e+00 0.000000000000e+00 1.000000000000e+00
   outer loop
     vertex 1.459702149634e+01 -1.326245316482e+00 6.000000000000e+00
     vertex 1.381008093341e+01 -1.028729832367e+00 6.000000000000e+00
     vertex 1.423612949346e+01 -1.645967731787e+00 6.000000000000e+00
   endloop
 endfacet
 facet normal 0.000000000000e+00 0.000000000000e+00 1.000000000000e+00
   outer loop
     vertex 1.459702149634e+01 -1.326245316482e+00 6.000000000000e+00
     vertex 1.403563843521e+01 -8.289033228010e-01 6.000000000000e+00
     vertex 1.381008093341e+01 -1.028729832367e+00 6.000000000000e+00
   endloop
 endfacet
 facet normal 0.000000000000e+00 0.000000000000e+00 1.000000000000e+00
   outer loop
     vertex 1.196387050654e+01 1.645967731787e+00 6.000000000000e+00
     vertex 1.160297850366e+01 1.326245316482e+00 6.000000000000e+00
     vertex 1.216436156479e+01 8.289033228010e-01 6.000000000000e+00
   endloop
 endfacet
 facet normal 0.000000000000e+00 0.000000000000e+00 1.000000000000e+00
   outer loop
     vertex 1.196387050654e+01 1.645967731787e+00 6.000000000000e+00
     vertex 1.216436156479e+01 8.289033228010e-01 6.000000000000e+00
     vertex 1.238991906659e+01 1.028729832367e+00 6.000000000000e+00
   endloop
 endfacet
 facet normal 0.000000000000e+00 0.000000000000e+00 1.000000000000e+00
   outer loop
     vertex 1.487091205131e+01 -9.294463440875e-01 6.000000000000e+00
     vertex 1.403563843521e+01 -8.289033228010e-01 6.000000000000e+00
     vertex 1.459702149634e+01 -1.326245316482e+00 6.000000000000e+00
   endloop
 endfacet
 facet normal 0.000000000000e+00 0.000000000000e+00 1.000000000000e+00
   outer loop
     vertex 1.487091205131e+01 -9.294463440875e-01 6.000000000000e+00
     vertex 1.420682003207e+01 -5.809039650547e-01 6.000000000000e+00
     vertex 1.403563843521e+01 -8.289033228010e-01 6.000000000000e+00
   endloop
 endfacet
 facet normal 0.000000000000e+00 0.000000000000e+00 1.000000000000e+00
   outer loop
     vertex 1.239079022591e+01 1.870032485371e+00 6.000000000000e+00
     vertex 1.196387050654e+01 1.645967731787e+00 6.000000000000e+00
     vertex 1.238991906659e+01 1.028729832367e+00 6.000000000000e+00
   endloop
 endfacet
 facet normal 0.000000000000e+00 0.000000000000e+00 1.000000000000e+00
   outer loop
     vertex 1.239079022591e+01 1.870032485371e+00 6.000000000000e+00
     vertex 1.238991906659e+01 1.028729832367e+00 6.000000000000e+00
     vertex 1.265674389120e+01 1.168770303357e+00 6.000000000000e+00
   endloop
 endfacet
 facet normal 0.000000000000e+00 0.000000000000e+00 1.000000000000e+00
   outer loop
     vertex 1.504188363485e+01 -4.786313285751e-01 6.000000000000e+00
     vertex 1.420682003207e+01 -5.809039650547e-01 6.000000000000e+00
     vertex 1.487091205131e+01 -9.294463440875e-01 6.000000000000e+00
   endloop
 endfacet
 facet normal 0.000000000000e+00 0.000000000000e+00 1.000000000000e+00
   outer loop
     vertex 1.504188363485e+01 -4.786313285751e-01 6.000000000000e+00
     vertex 1.431367727178e+01 -2.991445803595e-01 6.000000000000e+00
     vertex 1.420682003207e+01 -5.809039650547e-01 6.000000000000e+00
   endloop
 endfacet
 facet normal 0.000000000000e+00 0.000000000000e+00 1.000000000000e+00
   outer loop
     vertex 1.285892663949e+01 1.985417748196e+00 6.000000000000e+00
     vertex 1.239079022591e+01 1.870032485371e+00 6.000000000000e+00
     vertex 1.265674389120e+01 1.168770303357e+00 6.000000000000e+00
   endloop
 endfacet
 facet normal 0.000000000000e+00 0.000000000000e+00 1.000000000000e+00
   outer loop
     vertex 1.285892663949e+01 1.985417748196e+00 6.000000000000e+00
     vertex 1.265674389120e+01 1.168770303357e+00 6.000000000000e+00
     vertex 1.294932914968e+01 1.240886092623e+00 6.000000000000e+00
   endloop
 endfacet
 facet normal 0.000000000000e+00 0.000000000000e+00 1.000000000000e+00
   outer loop
     vertex 1.510000000000e+01 -4.898587196589e-16 6.000000000000e+00
     vertex 1.431367727178e+01 2.991445803594e-01 6.000000000000e+00
     vertex 1.435000000000e+01 -3.061616997868e-16 6.000000000000e+00
   endloop
 endfacet
 facet normal 0.000000000000e+00 0.000000000000e+00 1.000000000000e+00
   outer loop
     vertex 1.510000000000e+01 -4.898587196589e-16 6.000000000000e+00
     vertex 1.431367727178e+01 -2.991445803595e-01 6.000000000000e+00
     vertex 1.504188363485e+01 -4.786313285751e-01 6.000000000000e+00
   endloop
 endfacet
 facet normal 0.000000000000e+00 0.000000000000e+00 1.000000000000e+00
   outer loop
     vertex 1.510000000000e+01 -4.898587196589e-16 6.000000000000e+00
     vertex 1.435000000000e+01 -3.061616997868e-16 6.000000000000e+00
     vertex 1.431367727178e+01 -2.991445803595e-01 6.000000000000e+00
   endloop
 endfacet
 facet normal 0.000000000000e+00 0.000000000000e+00 1.000000000000e+00
   outer loop
     vertex 1.334107336051e+01 1.985417748196e+00 6.000000000000e+00
     vertex 1.325067085032e+01 1.240886092623e+00 6.000000000000e+00
     vertex 1.354325610880e+01 1.168770303357e+00 6.000000000000e+00
   endloop
 endfacet
 facet normal 0.000000000000e+00 0.000000000000e+00 1.000000000000e+00
   outer loop
     vertex 1.334107336051e+01 1.985417748196e+00 6.000000000000e+00
     vertex 1.294932914968e+01 1.240886092623e+00 6.000000000000e+00
     vertex 1.325067085032e+01 1.240886092623e+00 6.000000000000e+00
   endloop
 endfacet
 facet normal 0.000000000000e+00 0.000000000000e+00 1.000000000000e+00
   outer loop
     vertex 1.334107336051e+01 1.985417748196e+00 6.000000000000e+00
     vertex 1.285892663949e+01 1.985417748196e+00 6.000000000000e+00
     vertex 1.294932914968e+01 1.240886092623e+00 6.000000000000e+00
   endloop
 endfacet
 facet normal 0.000000000000e+00 0.000000000000e+00 1.000000000000e+00
   outer loop
     vertex 1.504188363485e+01 4.786313285751e-01 6.000000000000e+00
     vertex 1.431367727178e+01 2.991445803594e-01 6.000000000000e+00
     vertex 1.510000000000e+01 -4.898587196589e-16 6.000000000000e+00
   endloop
 endfacet
 facet normal 0.000000000000e+00 0.000000000000e+00 1.000000000000e+00
   outer loop
     vertex 1.380920977409e+01 1.870032485371e+00 6.000000000000e+00
     vertex 1.334107336051e+01 1.985417748196e+00 6.000000000000e+00
     vertex 1.354325610880e+01 1.168770303357e+00 6.000000000000e+00
   endloop
 endfacet
 facet normal 0.000000000000e+00 0.000000000000e+00 1.000000000000e+00
   outer loop
     vertex 1.487091205131e+01 9.294463440875e-01 6.000000000000e+00
     vertex 1.431367727178e+01 2.991445803594e-01 6.000000000000e+00
     vertex 1.504188363485e+01 4.786313285751e-01 6.000000000000e+00
   endloop
 endfacet
 facet normal 0.000000000000e+00 0.000000000000e+00 1.000000000000e+00
   outer loop
     vertex 1.487091205131e+01 9.294463440875e-01 6.000000000000e+00
     vertex 1.420682003207e+01 5.809039650547e-01 6.000000000000e+00
     vertex 1.431367727178e+01 2.991445803594e-01 6.000000000000e+00
   endloop
 endfacet
 facet normal 0.000000000000e+00 0.000000000000e+00 1.000000000000e+00
   outer loop
     vertex 1.487091205131e+01 9.294463440875e-01 6.000000000000e+00
     vertex 1.403563843521e+01 8.289033228010e-01 6.000000000000e+00
     vertex 1.420682003207e+01 5.809039650547e-01 6.000000000000e+00
   endloop
 endfacet
 facet normal 0.000000000000e+00 0.000000000000e+00 1.000000000000e+00
   outer loop
     vertex 1.423612949346e+01 1.645967731787e+00 6.000000000000e+00
     vertex 1.381008093341e+01 1.028729832367e+00 6.000000000000e+00
     vertex 1.403563843521e+01 8.289033228010e-01 6.000000000000e+00
   endloop
 endfacet
 facet normal 0.000000000000e+00 0.000000000000e+00 1.000000000000e+00
   outer loop
     vertex 1.423612949346e+01 1.645967731787e+00 6.000000000000e+00
     vertex 1.354325610880e+01 1.168770303357e+00 6.000000000000e+00
     vertex 1.381008093341e+01 1.028729832367e+00 6.000000000000e+00
   endloop
 endfacet
 facet normal 0.000000000000e+00 0.000000000000e+00 1.000000000000e+00
   outer loop
     vertex 1.423612949346e+01 1.645967731787e+00 6.000000000000e+00
     vertex 1.380920977409e+01 1.870032485371e+00 6.000000000000e+00
     vertex 1.354325610880e+01 1.168770303357e+00 6.000000000000e+00
   endloop
 endfacet
 facet normal 0.000000000000e+00 0.000000000000e+00 1.000000000000e+00
   outer loop
     vertex 1.459702149634e+01 1.326245316482e+00 6.000000000000e+00
     vertex 1.423612949346e+01 1.645967731787e+00 6.000000000000e+00
     vertex 1.403563843521e+01 8.289033228010e-01 6.000000000000e+00
   endloop
 endfacet
 facet normal 0.000000000000e+00 0.000000000000e+00 1.000000000000e+00
   outer loop
     vertex 1.459702149634e+01 1.326245316482e+00 6.000000000000e+00
     vertex 1.403563843521e+01 8.289033228010e-01 6.000000000000e+00
     vertex 1.487091205131e+01 9.294463440875e-01 6.000000000000e+00
   endloop
 endfacet
 facet normal 0.000000000000e+00 0.000000000000e+00 -1.000000000000e+00
   outer loop
     vertex 1.238991906659e+01 -1.028729832367e+00 0.000000000000e+00
     vertex 1.196387050654e+01 -1.645967731787e+00 0.000000000000e+00
     vertex 1.160297850366e+01 -1.326245316482e+00 0.000000000000e+00
   endloop
 endfacet
 facet normal -0.000000000000e+00 0.000000000000e+00 -1.000000000000e+00
   outer loop
     vertex 1.238991906659e+01 -1.028729832367e+00 0.000000000000e+00
     vertex 1.160297850366e+01 -1.326245316482e+00 0.000000000000e+00
     vertex 1.216436156479e+01 -8.289033228010e-01 0.000000000000e+00
   endloop
 endfacet
 facet normal 0.000000000000e+00 0.000000000000e+00 -1.000000000000e+00
   outer loop
     vertex 1.199317996793e+01 -5.809039650547e-01 0.000000000000e+00
     vertex 1.160297850366e+01 -1.326245316482e+00 0.000000000000e+00
     vertex 1.132908794869e+01 -9.294463440875e-01 0.000000000000e+00
   endloop
 endfacet
 facet normal 0.000000000000e+00 -0.000000000000e+00 -1.000000000000e+00
   outer loop
     vertex 1.199317996793e+01 -5.809039650547e-01 0.000000000000e+00
     vertex 1.216436156479e+01 -8.289033228010e-01 0.000000000000e+00
     vertex 1.160297850366e+01 -1.326245316482e+00 0.000000000000e+00
   endloop
 endfacet
 facet normal 0.000000000000e+00 0.000000000000e+00 -1.000000000000e+00
   outer loop
     vertex 1.265674389120e+01 -1.168770303357e+00 0.000000000000e+00
     vertex 1.239079022591e+01 -1.870032485371e+00 0.000000000000e+00
     vertex 1.196387050654e+01 -1.645967731787e+00 0.000000000000e+00
   endloop
 endfacet
 facet normal -0.000000000000e+00 0.000000000000e+00 -1.000000000000e+00
   outer loop
     vertex 1.265674389120e+01 -1.168770303357e+00 0.000000000000e+00
     vertex 1.196387050654e+01 -1.645967731787e+00 0.000000000000e+00
     vertex 1.238991906659e+01 -1.028729832367e+00 0.000000000000e+00
   endloop
 endfacet
 facet normal 0.000000000000e+00 0.000000000000e+00 -1.000000000000e+00
   outer loop
     vertex 1.188632272822e+01 -2.991445803594e-01 0.000000000000e+00
     vertex 1.132908794869e+01 -9.294463440875e-01 0.000000000000e+00
     vertex 1.115811636515e+01 -4.786313285751e-01 0.000000000000e+00
   endloop
 endfacet
 facet normal 0.000000000000e+00 -0.000000000000e+00 -1.000000000000e+00
   outer loop
     vertex 1.188632272822e+01 -2.991445803594e-01 0.000000000000e+00
     vertex 1.199317996793e+01 -5.809039650547e-01 0.000000000000e+00
     vertex 1.132908794869e+01 -9.294463440875e-01 0.000000000000e+00
   endloop
 endfacet
 facet normal 0.000000000000e+00 0.000000000000e+00 -1.000000000000e+00
   outer loop
     vertex 1.294932914968e+01 -1.240886092623e+00 0.000000000000e+00
     vertex 1.285892663949e+01 -1.985417748196e+00 0.000000000000e+00
     vertex 1.239079022591e+01 -1.870032485371e+00 0.000000000000e+00
   endloop
 endfacet
 facet normal -0.000000000000e+00 0.000000000000e+00 -1.000000000000e+00
   outer loop
     vertex 1.294932914968e+01 -1.240886092623e+00 0.000000000000e+00
     vertex 1.239079022591e+01 -1.870032485371e+00 0.000000000000e+00
     vertex 1.265674389120e+01 -1.168770303357e+00 0.000000000000e+00
   endloop
 endfacet
 facet normal -0.000000000000e+00 0.000000000000e+00 -1.000000000000e+00
   outer loop
     vertex 1.185000000000e+01 1.263303874519e-15 0.000000000000e+00
     vertex 1.115811636515e+01 -4.786313285751e-01 0.000000000000e+00
     vertex 1.110000000000e+01 2.021286199230e-15 0.000000000000e+00
   endloop
 endfacet
 facet normal 0.000000000000e+00 -0.000000000000e+00 -1.000000000000e+00
   outer loop
     vertex 1.185000000000e+01 1.263303874519e-15 0.000000000000e+00
     vertex 1.188632272822e+01 -2.991445803594e-01 0.000000000000e+00
     vertex 1.115811636515e+01 -4.786313285751e-01 0.000000000000e+00
   endloop
 endfacet
 facet normal 0.000000000000e+00 -0.000000000000e+00 -1.000000000000e+00
   outer loop
     vertex 1.325067085032e+01 -1.240886092623e+00 0.000000000000e+00
     vertex 1.334107336051e+01 -1.985417748196e+00 0.000000000000e+00
     vertex 1.285892663949e+01 -1.985417748196e+00 0.000000000000e+00
   endloop
 endfacet
 facet normal -0.000000000000e+00 0.000000000000e+00 -1.000000000000e+00
   outer loop
     vertex 1.325067085032e+01 -1.240886092623e+00 0.000000000000e+00
     vertex 1.285892663949e+01 -1.985417748196e+00 0.000000000000e+00
     vertex 1.294932914968e+01 -1.240886092623e+00 0.000000000000e+00
   endloop
 endfacet
 facet normal -0.000000000000e+00 0.000000000000e+00 -1.000000000000e+00
   outer loop
     vertex 1.188632272822e+01 2.991445803594e-01 0.000000000000e+00
     vertex 1.110000000000e+01 2.021286199230e-15 0.000000000000e+00
     vertex 1.115811636515e+01 4.786313285751e-01 0.000000000000e+00
   endloop
 endfacet
 facet normal 0.000000000000e+00 0.000000000000e+00 -1.000000000000e+00
   outer loop
     vertex 1.188632272822e+01 2.991445803594e-01 0.000000000000e+00
     vertex 1.185000000000e+01 1.263303874519e-15 0.000000000000e+00
     vertex 1.110000000000e+01 2.021286199230e-15 0.000000000000e+00
   endloop
 endfacet
 facet normal 0.000000000000e+00 -0.000000000000e+00 -1.000000000000e+00
   outer loop
     vertex 1.354325610880e+01 -1.168770303357e+00 0.000000000000e+00
     vertex 1.380920977409e+01 -1.870032485371e+00 0.000000000000e+00
     vertex 1.334107336051e+01 -1.985417748196e+00 0.000000000000e+00
   endloop
 endfacet
 facet normal 0.000000000000e+00 0.000000000000e+00 -1.000000000000e+00
   outer loop
     vertex 1.354325610880e+01 -1.168770303357e+00 0.000000000000e+00
     vertex 1.334107336051e+01 -1.985417748196e+00 0.000000000000e+00
     vertex 1.325067085032e+01 -1.240886092623e+00 0.000000000000e+00
   endloop
 endfacet
 facet normal -0.000000000000e+00 0.000000000000e+00 -1.000000000000e+00
   outer loop
     vertex 1.199317996793e+01 5.809039650547e-01 0.000000000000e+00
     vertex 1.115811636515e+01 4.786313285751e-01 0.000000000000e+00
     vertex 1.132908794869e+01 9.294463440875e-01 0.000000000000e+00
   endloop
 endfacet
 facet normal 0.000000000000e+00 0.000000000000e+00 -1.000000000000e+00
   outer loop
     vertex 1.199317996793e+01 5.809039650547e-01 0.000000000000e+00
     vertex 1.188632272822e+01 2.991445803594e-01 0.000000000000e+00
     vertex 1.115811636515e+01 4.786313285751e-01 0.000000000000e+00
   endloop
 endfacet
 facet normal 0.000000000000e+00 -0.000000000000e+00 -1.000000000000e+00
   outer loop
     vertex 1.381008093341e+01 -1.028729832367e+00 0.000000000000e+00
     vertex 1.423612949346e+01 -1.645967731787e+00 0.000000000000e+00
     vertex 1.380920977409e+01 -1.870032485371e+00 0.000000000000e+00
   endloop
 endfacet
 facet normal 0.000000000000e+00 0.000000000000e+00 -1.000000000000e+00
   outer loop
     vertex 1.381008093341e+01 -1.028729832367e+00 0.000000000000e+00
     vertex 1.380920977409e+01 -1.870032485371e+00 0.000000000000e+00
     vertex 1.354325610880e+01 -1.168770303357e+00 0.000000000000e+00
   endloop
 endfacet
 facet normal 0.000000000000e+00 0.000000000000e+00 -1.000000000000e+00
   outer loop
     vertex 1.216436156479e+01 8.289033228010e-01 0.000000000000e+00
     vertex 1.132908794869e+01 9.294463440875e-01 0.000000000000e+00
     vertex 1.160297850366e+01 1.326245316482e+00 0.000000000000e+00
   endloop
 endfacet
 facet normal -0.000000000000e+00 0.000000000000e+00 -1.000000000000e+00
   outer loop
     vertex 1.216436156479e+01 8.289033228010e-01 0.000000000000e+00
     vertex 1.199317996793e+01 5.809039650547e-01 0.000000000000e+00
     vertex 1.132908794869e+01 9.294463440875e-01 0.000000000000e+00
   endloop
 endfacet
 facet normal -0.000000000000e+00 0.000000000000e+00 -1.000000000000e+00
   outer loop
     vertex 1.459702149634e+01 -1.326245316482e+00 0.000000000000e+00
     vertex 1.423612949346e+01 -1.645967731787e+00 0.000000000000e+00
     vertex 1.381008093341e+01 -1.028729832367e+00 0.000000000000e+00
   endloop
 endfacet
 facet normal 0.000000000000e+00 0.000000000000e+00 -1.000000000000e+00
   outer loop
     vertex 1.459702149634e+01 -1.326245316482e+00 0.000000000000e+00
     vertex 1.381008093341e+01 -1.028729832367e+00 0.000000000000e+00
     vertex 1.403563843521e+01 -8.289033228010e-01 0.000000000000e+00
   endloop
 endfacet
 facet normal 0.000000000000e+00 -0.000000000000e+00 -1.000000000000e+00
   outer loop
     vertex 1.196387050654e+01 1.645967731787e+00 0.000000000000e+00
     vertex 1.216436156479e+01 8.289033228010e-01 0.000000000000e+00
     vertex 1.160297850366e+01 1.326245316482e+00 0.000000000000e+00
   endloop
 endfacet
 facet normal 0.000000000000e+00 0.000000000000e+00 -1.000000000000e+00
   outer loop
     vertex 1.196387050654e+01 1.645967731787e+00 0.000000000000e+00
     vertex 1.238991906659e+01 1.028729832367e+00 0.000000000000e+00
     vertex 1.216436156479e+01 8.289033228010e-01 0.000000000000e+00
   endloop
 endfacet
 facet normal -0.000000000000e+00 0.000000000000e+00 -1.000000000000e+00
   outer loop
     vertex 1.487091205131e+01 -9.294463440875e-01 0.000000000000e+00
     vertex 1.459702149634e+01 -1.326245316482e+00 0.000000000000e+00
     vertex 1.403563843521e+01 -8.289033228010e-01 0.000000000000e+00
   endloop
 endfacet
 facet normal 0.000000000000e+00 0.000000000000e+00 -1.000000000000e+00
   outer loop
     vertex 1.487091205131e+01 -9.294463440875e-01 0.000000000000e+00
     vertex 1.403563843521e+01 -8.289033228010e-01 0.000000000000e+00
     vertex 1.420682003207e+01 -5.809039650547e-01 0.000000000000e+00
   endloop
 endfacet
 facet normal 0.000000000000e+00 0.000000000000e+00 -1.000000000000e+00
   outer loop
     vertex 1.239079022591e+01 1.870032485371e+00 0.000000000000e+00
     vertex 1.238991906659e+01 1.028729832367e+00 0.000000000000e+00
     vertex 1.196387050654e+01 1.645967731787e+00 0.000000000000e+00
   endloop
 endfacet
 facet normal 0.000000000000e+00 -0.000000000000e+00 -1.000000000000e+00
   outer loop
     vertex 1.239079022591e+01 1.870032485371e+00 0.000000000000e+00
     vertex 1.265674389120e+01 1.168770303357e+00 0.000000000000e+00
     vertex 1.238991906659e+01 1.028729832367e+00 0.000000000000e+00
   endloop
 endfacet
 facet normal 0.000000000000e+00 0.000000000000e+00 -1.000000000000e+00
   outer loop
     vertex 1.504188363485e+01 -4.786313285751e-01 0.000000000000e+00
     vertex 1.487091205131e+01 -9.294463440875e-01 0.000000000000e+00
     vertex 1.420682003207e+01 -5.809039650547e-01 0.000000000000e+00
   endloop
 endfacet
 facet normal -0.000000000000e+00 0.000000000000e+00 -1.000000000000e+00
   outer loop
     vertex 1.504188363485e+01 -4.786313285751e-01 0.000000000000e+00
     vertex 1.420682003207e+01 -5.809039650547e-01 0.000000000000e+00
     vertex 1.431367727178e+01 -2.991445803595e-01 0.000000000000e+00
   endloop
 endfacet
 facet normal 0.000000000000e+00 0.000000000000e+00 -1.000000000000e+00
   outer loop
     vertex 1.285892663949e+01 1.985417748196e+00 0.000000000000e+00
     vertex 1.265674389120e+01 1.168770303357e+00 0.000000000000e+00
     vertex 1.239079022591e+01 1.870032485371e+00 0.000000000000e+00
   endloop
 endfacet
 facet normal 0.000000000000e+00 -0.000000000000e+00 -1.000000000000e+00
   outer loop
     vertex 1.285892663949e+01 1.985417748196e+00 0.000000000000e+00
     vertex 1.294932914968e+01 1.240886092623e+00 0.000000000000e+00
     vertex 1.265674389120e+01 1.168770303357e+00 0.000000000000e+00
   endloop
 endfacet
 facet normal 0.000000000000e+00 0.000000000000e+00 -1.000000000000e+00
   outer loop
     vertex 1.510000000000e+01 -4.898587196589e-16 0.000000000000e+00
     vertex 1.435000000000e+01 -3.061616997868e-16 0.000000000000e+00
     vertex 1.431367727178e+01 2.991445803594e-01 0.000000000000e+00
   endloop
 endfacet
 facet normal 0.000000000000e+00 0.000000000000e+00 -1.000000000000e+00
   outer loop
     vertex 1.510000000000e+01 -4.898587196589e-16 0.000000000000e+00
     vertex 1.504188363485e+01 -4.786313285751e-01 0.000000000000e+00
     vertex 1.431367727178e+01 -2.991445803595e-01 0.000000000000e+00
   endloop
 endfacet
 facet normal -0.000000000000e+00 0.000000000000e+00 -1.000000000000e+00
   outer loop
     vertex 1.510000000000e+01 -4.898587196589e-16 0.000000000000e+00
     vertex 1.431367727178e+01 -2.991445803595e-01 0.000000000000e+00
     vertex 1.435000000000e+01 -3.061616997868e-16 0.000000000000e+00
   endloop
 endfacet
 facet normal 0.000000000000e+00 -0.000000000000e+00 -1.000000000000e+00
   outer loop
     vertex 1.334107336051e+01 1.985417748196e+00 0.000000000000e+00
     vertex 1.354325610880e+01 1.168770303357e+00 0.000000000000e+00
     vertex 1.325067085032e+01 1.240886092623e+00 0.000000000000e+00
   endloop
 endfacet
 facet normal 0.000000000000e+00 0.000000000000e+00 -1.000000000000e+00
   outer loop
     vertex 1.334107336051e+01 1.985417748196e+00 0.000000000000e+00
     vertex 1.325067085032e+01 1.240886092623e+00 0.000000000000e+00
     vertex 1.294932914968e+01 1.240886092623e+00 0.000000000000e+00
   endloop
 endfacet
 facet normal -0.000000000000e+00 0.000000000000e+00 -1.000000000000e+00
   outer loop
     vertex 1.334107336051e+01 1.985417748196e+00 0.000000000000e+00
     vertex 1.294932914968e+01 1.240886092623e+00 0.000000000000e+00
     vertex 1.285892663949e+01 1.985417748196e+00 0.000000000000e+00
   endloop
 endfacet
 facet normal 0.000000000000e+00 -0.000000000000e+00 -1.000000000000e+00
   outer loop
     vertex 1.504188363485e+01 4.786313285751e-01 0.000000000000e+00
     vertex 1.510000000000e+01 -4.898587196589e-16 0.000000000000e+00
     vertex 1.431367727178e+01 2.991445803594e-01 0.000000000000e+00
   endloop
 endfacet
 facet normal -0.000000000000e+00 0.000000000000e+00 -1.000000000000e+00
   outer loop
     vertex 1.380920977409e+01 1.870032485371e+00 0.000000000000e+00
     vertex 1.354325610880e+01 1.168770303357e+00 0.000000000000e+00
     vertex 1.334107336051e+01 1.985417748196e+00 0.000000000000e+00
   endloop
 endfacet
 facet normal 0.000000000000e+00 -0.000000000000e+00 -1.000000000000e+00
   outer loop
     vertex 1.487091205131e+01 9.294463440875e-01 0.000000000000e+00
     vertex 1.504188363485e+01 4.786313285751e-01 0.000000000000e+00
     vertex 1.431367727178e+01 2.991445803594e-01 0.000000000000e+00
   endloop
 endfacet
 facet normal 0.000000000000e+00 0.000000000000e+00 -1.000000000000e+00
   outer loop
     vertex 1.487091205131e+01 9.294463440875e-01 0.000000000000e+00
     vertex 1.431367727178e+01 2.991445803594e-01 0.000000000000e+00
     vertex 1.420682003207e+01 5.809039650547e-01 0.000000000000e+00
   endloop
 endfacet
 facet normal 0.000000000000e+00 0.000000000000e+00 -1.000000000000e+00
   outer loop
     vertex 1.487091205131e+01 9.294463440875e-01 0.000000000000e+00
     vertex 1.420682003207e+01 5.809039650547e-01 0.000000000000e+00
     vertex 1.403563843521e+01 8.289033228010e-01 0.000000000000e+00
   endloop
 endfacet
 facet normal 0.000000000000e+00 0.000000000000e+00 -1.000000000000e+00
   outer loop
     vertex 1.423612949346e+01 1.645967731787e+00 0.000000000000e+00
     vertex 1.403563843521e+01 8.289033228010e-01 0.000000000000e+00
     vertex 1.381008093341e+01 1.028729832367e+00 0.000000000000e+00
   endloop
 endfacet
 facet normal 0.000000000000e+00 0.000000000000e+00 -1.000000000000e+00
   outer loop
     vertex 1.423612949346e+01 1.645967731787e+00 0.000000000000e+00
     vertex 1.381008093341e+01 1.028729832367e+00 0.000000000000e+00
     vertex 1.354325610880e+01 1.168770303357e+00 0.000000000000e+00
   endloop
 endfacet
 facet normal -0.000000000000e+00 0.000000000000e+00 -1.000000000000e+00
   outer loop
     vertex 1.423612949346e+01 1.645967731787e+00 0.000000000000e+00
     vertex 1.354325610880e+01 1.168770303357e+00 0.000000000000e+00
     vertex 1.380920977409e+01 1.870032485371e+00 0.000000000000e+00
   endloop
 endfacet
 facet normal -0.000000000000e+00 0.000000000000e+00 -1.000000000000e+00
   outer loop
     vertex 1.459702149634e+01 1.326245316482e+00 0.000000000000e+00
     vertex 1.403563843521e+01 8.289033228010e-01 0.000000000000e+00
     vertex 1.423612949346e+01 1.645967731787e+00 0.000000000000e+00
   endloop
 endfacet
 facet normal 0.000000000000e+00 -0.000000000000e+00 -1.000000000000e+00
   outer loop
     vertex 1.459702149634e+01 1.326245316482e+00 0.000000000000e+00
     vertex 1.487091205131e+01 9.294463440875e-01 0.000000000000e+00
     vertex 1.403563843521e+01 8.289033228010e-01 0.000000000000e+00
   endloop
 endfacet
 facet normal -9.927088740981e-01 -1.205366802553e-01 0.000000000000e+00
   outer loop
     vertex 1.431367727178e+01 2.991445803594e-01 6.000000000000e+00
     vertex 1.435000000000e+01 -3.061616997868e-16 0.000000000000e+00
     vertex 1.435000000000e+01 -3.061616997868e-16 6.000000000000e+00
   endloop
 endfacet
 facet normal -9.927088740981e-01 -1.205366802553e-01 -0.000000000000e+00
   outer loop
     vertex 1.431367727178e+01 2.991445803594e-01 6.000000000000e+00
     vertex 1.431367727178e+01 2.991445803594e-01 0.000000000000e+00
     vertex 1.435000000000e+01 -3.061616997868e-16 0.000000000000e+00
   endloop
 endfacet
 facet normal -9.350162426854e-01 -3.546048870425e-01 -0.000000000000e+00
   outer loop
     vertex 1.420682003207e+01 5.809039650547e-01 6.000000000000e+00
     vertex 1.420682003207e+01 5.809039650547e-01 0.000000000000e+00
     vertex 1.431367727178e+01 2.991445803594e-01 0.000000000000e+00
   endloop
 endfacet
 facet normal -8.229838658937e-01 -5.680647467312e-01 -0.000000000000e+00
   outer loop
     vertex 1.420682003207e+01 5.809039650547e-01 6.000000000000e+00
     vertex 1.403563843521e+01 8.289033228010e-01 0.000000000000e+00
     vertex 1.420682003207e+01 5.809039650547e-01 0.000000000000e+00
   endloop
 endfacet
 facet normal -9.350162426854e-01 -3.546048870425e-01 0.000000000000e+00
   outer loop
     vertex 1.420682003207e+01 5.809039650547e-01 6.000000000000e+00
     vertex 1.431367727178e+01 2.991445803594e-01 0.000000000000e+00
     vertex 1.431367727178e+01 2.991445803594e-01 6.000000000000e+00
   endloop
 endfacet
 facet normal -8.229838658937e-01 -5.680647467312e-01 -0.000000000000e+00
   outer loop
     vertex 1.403563843521e+01 8.289033228010e-01 6.000000000000e+00
     vertex 1.403563843521e+01 8.289033228010e-01 0.000000000000e+00
     vertex 1.420682003207e+01 5.809039650547e-01 6.000000000000e+00
   endloop
 endfacet
 facet normal -6.631226582408e-01 -7.485107481711e-01 -0.000000000000e+00
   outer loop
     vertex 1.381008093341e+01 1.028729832367e+00 6.000000000000e+00
     vertex 1.381008093341e+01 1.028729832367e+00 0.000000000000e+00
     vertex 1.403563843521e+01 8.289033228010e-01 0.000000000000e+00
   endloop
 endfacet
 facet normal -4.647231720438e-01 -8.854560256532e-01 -0.000000000000e+00
   outer loop
     vertex 1.381008093341e+01 1.028729832367e+00 6.000000000000e+00
     vertex 1.354325610880e+01 1.168770303357e+00 0.000000000000e+00
     vertex 1.381008093341e+01 1.028729832367e+00 0.000000000000e+00
   endloop
 endfacet
 facet normal -6.631226582408e-01 -7.485107481711e-01 0.000000000000e+00
   outer loop
     vertex 1.381008093341e+01 1.028729832367e+00 6.000000000000e+00
     vertex 1.403563843521e+01 8.289033228010e-01 0.000000000000e+00
     vertex 1.403563843521e+01 8.289033228010e-01 6.000000000000e+00
   endloop
 endfacet
 facet normal -4.647231720438e-01 -8.854560256532e-01 -0.000000000000e+00
   outer loop
     vertex 1.354325610880e+01 1.168770303357e+00 6.000000000000e+00
     vertex 1.354325610880e+01 1.168770303357e+00 0.000000000000e+00
     vertex 1.381008093341e+01 1.028729832367e+00 6.000000000000e+00
   endloop
 endfacet
 facet normal -2.393156642876e-01 -9.709418174261e-01 -0.000000000000e+00
   outer loop
     vertex 1.325067085032e+01 1.240886092623e+00 6.000000000000e+00
     vertex 1.325067085032e+01 1.240886092623e+00 0.000000000000e+00
     vertex 1.354325610880e+01 1.168770303357e+00 0.000000000000e+00
   endloop
 endfacet
 facet normal -2.393156642876e-01 -9.709418174261e-01 0.000000000000e+00
   outer loop
     vertex 1.325067085032e+01 1.240886092623e+00 6.000000000000e+00
     vertex 1.354325610880e+01 1.168770303357e+00 0.000000000000e+00
     vertex 1.354325610880e+01 1.168770303357e+00 6.000000000000e+00
   endloop
 endfacet
 facet normal 0.000000000000e+00 -1.000000000000e+00 0.000000000000e+00
   outer loop
     vertex 1.294932914968e+01 1.240886092623e+00 6.000000000000e+00
     vertex 1.294932914968e+01 1.240886092623e+00 0.000000000000e+00
     vertex 1.325067085032e+01 1.240886092623e+00 0.000000000000e+00
   endloop
 endfacet
 facet normal 0.000000000000e+00 -1.000000000000e+00 0.000000000000e+00
   outer loop
     vertex 1.294932914968e+01 1.240886092623e+00 6.000000000000e+00
     vertex 1.325067085032e+01 1.240886092623e+00 0.000000000000e+00
     vertex 1.325067085032e+01 1.240886092623e+00 6.000000000000e+00
   endloop
 endfacet
 facet normal 2.393156642876e-01 -9.709418174261e-01 0.000000000000e+00
   outer loop
     vertex 1.265674389120e+01 1.168770303357e+00 6.000000000000e+00
     vertex 1.265674389120e+01 1.168770303357e+00 0.000000000000e+00
     vertex 1.294932914968e+01 1.240886092623e+00 0.000000000000e+00
   endloop
 endfacet
 facet normal 4.647231720438e-01 -8.854560256532e-01 0.000000000000e+00
   outer loop
     vertex 1.265674389120e+01 1.168770303357e+00 6.000000000000e+00
     vertex 1.238991906659e+01 1.028729832367e+00 0.000000000000e+00
     vertex 1.265674389120e+01 1.168770303357e+00 0.000000000000e+00
   endloop
 endfacet
 facet normal 2.393156642876e-01 -9.709418174261e-01 0.000000000000e+00
   outer loop
     vertex 1.265674389120e+01 1.168770303357e+00 6.000000000000e+00
     vertex 1.294932914968e+01 1.240886092623e+00 0.000000000000e+00
     vertex 1.294932914968e+01 1.240886092623e+00 6.000000000000e+00
   endloop
 endfacet
 facet normal 4.647231720438e-01 -8.854560256532e-01 0.000000000000e+00
   outer loop
     vertex 1.238991906659e+01 1.028729832367e+00 6.000000000000e+00
     vertex 1.238991906659e+01 1.028729832367e+00 0.000000000000e+00
     vertex 1.265674389120e+01 1.168770303357e+00 6.000000000000e+00
   endloop
 endfacet
 facet normal 6.631226582408e-01 -7.485107481711e-01 0.000000000000e+00
   outer loop
     vertex 1.216436156479e+01 8.289033228010e-01 6.000000000000e+00
     vertex 1.216436156479e+01 8.289033228010e-01 0.000000000000e+00
     vertex 1.238991906659e+01 1.028729832367e+00 0.000000000000e+00
   endloop
 endfacet
 facet normal 6.631226582408e-01 -7.485107481711e-01 0.000000000000e+00
   outer loop
     vertex 1.216436156479e+01 8.289033228010e-01 6.000000000000e+00
     vertex 1.238991906659e+01 1.028729832367e+00 0.000000000000e+00
     vertex 1.238991906659e+01 1.028729832367e+00 6.000000000000e+00
   endloop
 endfacet
 facet normal 8.229838658937e-01 -5.680647467312e-01 0.000000000000e+00
   outer loop
     vertex 1.199317996793e+01 5.809039650547e-01 6.000000000000e+00
     vertex 1.199317996793e+01 5.809039650547e-01 0.000000000000e+00
     vertex 1.216436156479e+01 8.289033228010e-01 0.000000000000e+00
   endloop
 endfacet
 facet normal 9.350162426854e-01 -3.546048870425e-01 0.000000000000e+00
   outer loop
     vertex 1.199317996793e+01 5.809039650547e-01 6.000000000000e+00
     vertex 1.188632272822e+01 2.991445803594e-01 0.000000000000e+00
     vertex 1.199317996793e+01 5.809039650547e-01 0.000000000000e+00
   endloop
 endfacet
 facet normal 8.229838658937e-01 -5.680647467312e-01 0.000000000000e+00
   outer loop
     vertex 1.199317996793e+01 5.809039650547e-01 6.000000000000e+00
     vertex 1.216436156479e+01 8.289033228010e-01 0.000000000000e+00
     vertex 1.216436156479e+01 8.289033228010e-01 6.000000000000e+00
   endloop
 endfacet
 facet normal 9.350162426854e-01 -3.546048870425e-01 0.000000000000e+00
   outer loop
     vertex 1.188632272822e+01 2.991445803594e-01 6.000000000000e+00
     vertex 1.188632272822e+01 2.991445803594e-01 0.000000000000e+00
     vertex 1.199317996793e+01 5.809039650547e-01 6.000000000000e+00
   endloop
 endfacet
 facet normal 9.927088740981e-01 -1.205366802553e-01 0.000000000000e+00
   outer loop
     vertex 1.188632272822e+01 2.991445803594e-01 6.000000000000e+00
     vertex 1.185000000000e+01 1.263303874519e-15 0.000000000000e+00
     vertex 1.188632272822e+01 2.991445803594e-01 0.000000000000e+00
   endloop
 endfacet
 facet normal 9.927088740981e-01 -1.205366802553e-01 0.000000000000e+00
   outer loop
     vertex 1.185000000000e+01 1.263303874519e-15 6.000000000000e+00
     vertex 1.185000000000e+01 1.263303874519e-15 0.000000000000e+00
     vertex 1.188632272822e+01 2.991445803594e-01 6.000000000000e+00
   endloop
 endfacet
 facet normal 9.927088740981e-01 1.205366802553e-01 0.000000000000e+00
   outer loop
     vertex 1.188632272822e+01 -2.991445803594e-01 6.000000000000e+00
     vertex 1.185000000000e+01 1.263303874519e-15 0.000000000000e+00
     vertex 1.185000000000e+01 1.263303874519e-15 6.000000000000e+00
   endloop
 endfacet
 facet normal 9.927088740981e-01 1.205366802553e-01 0.000000000000e+00
   outer loop
     vertex 1.188632272822e+01 -2.991445803594e-01 6.000000000000e+00
     vertex 1.188632272822e+01 -2.991445803594e-01 0.000000000000e+00
     vertex 1.185000000000e+01 1.263303874519e-15 0.000000000000e+00
   endloop
 endfacet
 facet normal 9.350162426854e-01 3.546048870425e-01 0.000000000000e+00
   outer loop
     vertex 1.188632272822e+01 -2.991445803594e-01 6.000000000000e+00
     vertex 1.199317996793e+01 -5.809039650547e-01 0.000000000000e+00
     vertex 1.188632272822e+01 -2.991445803594e-01 0.000000000000e+00
   endloop
 endfacet
 facet normal 9.350162426854e-01 3.546048870425e-01 0.000000000000e+00
   outer loop
     vertex 1.199317996793e+01 -5.809039650547e-01 6.000000000000e+00
     vertex 1.199317996793e+01 -5.809039650547e-01 0.000000000000e+00
     vertex 1.188632272822e+01 -2.991445803594e-01 6.000000000000e+00
   endloop
 endfacet
 facet normal 8.229838658937e-01 5.680647467312e-01 0.000000000000e+00
   outer loop
     vertex 1.216436156479e+01 -8.289033228010e-01 6.000000000000e+00
     vertex 1.199317996793e+01 -5.809039650547e-01 0.000000000000e+00
     vertex 1.199317996793e+01 -5.809039650547e-01 6.000000000000e+00
   endloop
 endfacet
 facet normal 8.229838658937e-01 5.680647467312e-01 0.000000000000e+00
   outer loop
     vertex 1.216436156479e+01 -8.289033228010e-01 6.000000000000e+00
     vertex 1.216436156479e+01 -8.289033228010e-01 0.000000000000e+00
     vertex 1.199317996793e+01 -5.809039650547e-01 0.000000000000e+00
   endloop
 endfacet
 facet normal 6.631226582408e-01 7.485107481711e-01 0.000000000000e+00
   outer loop
     vertex 1.238991906659e+01 -1.028729832367e+00 6.000000000000e+00
     vertex 1.216436156479e+01 -8.289033228010e-01 0.000000000000e+00
     vertex 1.216436156479e+01 -8.289033228010e-01 6.000000000000e+00
   endloop
 endfacet
 facet normal 6.631226582408e-01 7.485107481711e-01 0.000000000000e+00
   outer loop
     vertex 1.238991906659e+01 -1.028729832367e+00 6.000000000000e+00
     vertex 1.238991906659e+01 -1.028729832367e+00 0.000000000000e+00
     vertex 1.216436156479e+01 -8.289033228010e-01 0.000000000000e+00
   endloop
 endfacet
 facet normal 4.647231720438e-01 8.854560256532e-01 0.000000000000e+00
   outer loop
     vertex 1.238991906659e+01 -1.028729832367e+00 6.000000000000e+00
     vertex 1.265674389120e+01 -1.168770303357e+00 0.000000000000e+00
     vertex 1.238991906659e+01 -1.028729832367e+00 0.000000000000e+00
   endloop
 endfacet
 facet normal 4.647231720438e-01 8.854560256532e-01 0.000000000000e+00
   outer loop
     vertex 1.265674389120e+01 -1.168770303357e+00 6.000000000000e+00
     vertex 1.265674389120e+01 -1.168770303357e+00 0.000000000000e+00
     vertex 1.238991906659e+01 -1.028729832367e+00 6.000000000000e+00
   endloop
 endfacet
 facet normal 2.393156642876e-01 9.709418174261e-01 0.000000000000e+00
   outer loop
     vertex 1.294932914968e+01 -1.240886092623e+00 6.000000000000e+00
     vertex 1.265674389120e+01 -1.168770303357e+00 0.000000000000e+00
     vertex 1.265674389120e+01 -1.168770303357e+00 6.000000000000e+00
   endloop
 endfacet
 facet normal 2.393156642876e-01 9.709418174261e-01 0.000000000000e+00
   outer loop
     vertex 1.294932914968e+01 -1.240886092623e+00 6.000000000000e+00
     vertex 1.294932914968e+01 -1.240886092623e+00 0.000000000000e+00
     vertex 1.265674389120e+01 -1.168770303357e+00 0.000000000000e+00
   endloop
 endfacet
 facet normal 2.947412913044e-15 1.000000000000e+00 0.000000000000e+00
   outer loop
     vertex 1.294932914968e+01 -1.240886092623e+00 6.000000000000e+00
     vertex 1.325067085032e+01 -1.240886092623e+00 0.000000000000e+00
     vertex 1.294932914968e+01 -1.240886092623e+00 0.000000000000e+00
   endloop
 endfacet
 facet normal 2.947412913044e-15 1.000000000000e+00 0.000000000000e+00
   outer loop
     vertex 1.325067085032e+01 -1.240886092623e+00 6.000000000000e+00
     vertex 1.325067085032e+01 -1.240886092623e+00 0.000000000000e+00
     vertex 1.294932914968e+01 -1.240886092623e+00 6.000000000000e+00
   endloop
 endfacet
 facet normal -2.393156642876e-01 9.709418174261e-01 0.000000000000e+00
   outer loop
     vertex 1.325067085032e+01 -1.240886092623e+00 6.000000000000e+00
     vertex 1.354325610880e+01 -1.168770303357e+00 0.000000000000e+00
     vertex 1.325067085032e+01 -1.240886092623e+00 0.000000000000e+00
   endloop
 endfacet
 facet normal -2.393156642876e-01 9.709418174261e-01 0.000000000000e+00
   outer loop
     vertex 1.354325610880e+01 -1.168770303357e+00 6.000000000000e+00
     vertex 1.354325610880e+01 -1.168770303357e+00 0.000000000000e+00
     vertex 1.325067085032e+01 -1.240886092623e+00 6.000000000000e+00
   endloop
 endfacet
 facet normal -4.647231720438e-01 8.854560256532e-01 0.000000000000e+00
   outer loop
     vertex 1.381008093341e+01 -1.028729832367e+00 6.000000000000e+00
     vertex 1.354325610880e+01 -1.168770303357e+00 0.000000000000e+00
     vertex 1.354325610880e+01 -1.168770303357e+00 6.000000000000e+00
   endloop
 endfacet
 facet normal -4.647231720438e-01 8.854560256532e-01 0.000000000000e+00
   outer loop
     vertex 1.381008093341e+01 -1.028729832367e+00 6.000000000000e+00
     vertex 1.381008093341e+01 -1.028729832367e+00 0.000000000000e+00
     vertex 1.354325610880e+01 -1.168770303357e+00 0.000000000000e+00
   endloop
 endfacet
 facet normal -6.631226582408e-01 7.485107481711e-01 0.000000000000e+00
   outer loop
     vertex 1.381008093341e+01 -1.028729832367e+00 6.000000000000e+00
     vertex 1.403563843521e+01 -8.289033228010e-01 0.000000000000e+00
     vertex 1.381008093341e+01 -1.028729832367e+00 0.000000000000e+00
   endloop
 endfacet
 facet normal -6.631226582408e-01 7.485107481711e-01 0.000000000000e+00
   outer loop
     vertex 1.403563843521e+01 -8.289033228010e-01 6.000000000000e+00
     vertex 1.403563843521e+01 -8.289033228010e-01 0.000000000000e+00
     vertex 1.381008093341e+01 -1.028729832367e+00 6.000000000000e+00
   endloop
 endfacet
 facet normal -8.229838658937e-01 5.680647467312e-01 0.000000000000e+00
   outer loop
     vertex 1.420682003207e+01 -5.809039650547e-01 6.000000000000e+00
     vertex 1.420682003207e+01 -5.809039650547e-01 0.000000000000e+00
     vertex 1.403563843521e+01 -8.289033228010e-01 0.000000000000e+00
   endloop
 endfacet
 facet normal -9.350162426854e-01 3.546048870425e-01 0.000000000000e+00
   outer loop
     vertex 1.420682003207e+01 -5.809039650547e-01 6.000000000000e+00
     vertex 1.431367727178e+01 -2.991445803595e-01 0.000000000000e+00
     vertex 1.420682003207e+01 -5.809039650547e-01 0.000000000000e+00
   endloop
 endfacet
 facet normal -8.229838658937e-01 5.680647467312e-01 0.000000000000e+00
   outer loop
     vertex 1.420682003207e+01 -5.809039650547e-01 6.000000000000e+00
     vertex 1.403563843521e+01 -8.289033228010e-01 0.000000000000e+00
     vertex 1.403563843521e+01 -8.289033228010e-01 6.000000000000e+00
   endloop
 endfacet
 facet normal -9.350162426854e-01 3.546048870425e-01 0.000000000000e+00
   outer loop
     vertex 1.431367727178e+01 -2.991445803595e-01 6.000000000000e+00
     vertex 1.431367727178e+01 -2.991445803595e-01 0.000000000000e+00
     vertex 1.420682003207e+01 -5.809039650547e-01 6.000000000000e+00
   endloop
 endfacet
 facet normal -9.927088740981e-01 1.205366802553e-01 0.000000000000e+00
   outer loop
     vertex 1.435000000000e+01 -3.061616997868e-16 6.000000000000e+00
     vertex 1.435000000000e+01 -3.061616997868e-16 0.000000000000e+00
     vertex 1.431367727178e+01 -2.991445803595e-01 0.000000000000e+00
   endloop
 endfacet
 facet normal -9.927088740981e-01 1.205366802553e-01 0.000000000000e+00
   outer loop
     vertex 1.435000000000e+01 -3.061616997868e-16 6.000000000000e+00
     vertex 1.431367727178e+01 -2.991445803595e-01 0.000000000000e+00
     vertex 1.431367727178e+01 -2.991445803595e-01 6.000000000000e+00
   endloop
 endfacet
 facet normal -1.000000000000e+00 0.000000000000e+00 0.000000000000e+00
   outer loop
     vertex -3.100000000000e+00 -4.600000000000e+00 9.000000000000e+00
     vertex -3.100000000000e+00 4.600000000000e+00 7.600000000000e+00
     vertex -3.100000000000e+00 -4.600000000000e+00 7.600000000000e+00
   endloop
 endfacet
 facet normal -1.000000000000e+00 0.000000000000e+00 0.000000000000e+00
   outer loop
     vertex -3.100000000000e+00 -4.600000000000e+00 9.000000000000e+00
     vertex -3.100000000000e+00 4.600000000000e+00 9.000000000000e+00
     vertex -3.100000000000e+00 4.600000000000e+00 7.600000000000e+00
   endloop
 endfacet
 facet normal 1.000000000000e+00 0.000000000000e+00 0.000000000000e+00
   outer loop
     vertex 1.300000000000e+00 -4.600000000000e+00 9.000000000000e+00
     vertex 1.300000000000e+00 -4.600000000000e+00 7.600000000000e+00
     vertex 1.300000000000e+00 4.600000000000e+00 7.600000000000e+00
   endloop
 endfacet
 facet normal 1.000000000000e+00 -0.000000000000e+00 0.000000000000e+00
   outer loop
     vertex 1.300000000000e+00 -4.600000000000e+00 9.000000000000e+00
     vertex 1.300000000000e+00 4.600000000000e+00 7.600000000000e+00
     vertex 1.300000000000e+00 4.600000000000e+00 9.000000000000e+00
   endloop
 endfacet
 facet normal 0.000000000000e+00 -1.000000000000e+00 -0.000000000000e+00
   outer loop
     vertex 1.300000000000e+00 -4.600000000000e+00 9.000000000000e+00
     vertex -3.100000000000e+00 -4.600000000000e+00 7.600000000000e+00
     vertex 1.300000000000e+00 -4.600000000000e+00 7.600000000000e+00
   endloop
 endfacet
 facet normal -0.000000000000e+00 -1.000000000000e+00 0.000000000000e+00
   outer loop
     vertex 1.300000000000e+00 -4.600000000000e+00 9.000000000000e+00
     vertex -3.100000000000e+00 -4.600000000000e+00 9.000000000000e+00
     vertex -3.100000000000e+00 -4.600000000000e+00 7.600000000000e+00
   endloop
 endfacet
 facet normal 0.000000000000e+00 1.000000000000e+00 0.000000000000e+00
   outer loop
     vertex 1.300000000000e+00 4.600000000000e+00 9.000000000000e+00
     vertex 1.300000000000e+00 4.600000000000e+00 7.600000000000e+00
     vertex -3.100000000000e+00 4.600000000000e+00 7.600000000000e+00
   endloop
 endfacet
 facet normal 0.000000000000e+00 1.000000000000e+00 0.000000000000e+00
   outer loop
     vertex 1.300000000000e+00 4.600000000000e+00 9.000000000000e+00
     vertex -3.100000000000e+00 4.600000000000e+00 7.600000000000e+00
     vertex -3.100000000000e+00 4.600000000000e+00 9.000000000000e+00
   endloop
 endfacet
 facet normal -0.000000000000e+00 0.000000000000e+00 -1.000000000000e+00
   outer loop
     vertex 1.300000000000e+00 4.600000000000e+00 7.600000000000e+00
     vertex -3.100000000000e+00 -4.600000000000e+00 7.600000000000e+00
     vertex -3.100000000000e+00 4.600000000000e+00 7.600000000000e+00
   endloop
 endfacet
 facet normal 0.000000000000e+00 -0.000000000000e+00 -1.000000000000e+00
   outer loop
     vertex 1.300000000000e+00 4.600000000000e+00 7.600000000000e+00
     vertex 1.300000000000e+00 -4.600000000000e+00 7.600000000000e+00
     vertex -3.100000000000e+00 -4.600000000000e+00 7.600000000000e+00
   endloop
 endfacet
 facet normal 0.000000000000e+00 0.000000000000e+00 1.000000000000e+00
   outer loop
     vertex 1.300000000000e+00 4.600000000000e+00 9.000000000000e+00
     vertex -3.100000000000e+00 4.600000000000e+00 9.000000000000e+00
     vertex -3.100000000000e+00 -4.600000000000e+00 9.000000000000e+00
   endloop
 endfacet
 facet normal 0.000000000000e+00 0.000000000000e+00 1.000000000000e+00
   outer loop
     vertex 1.300000000000e+00 4.600000000000e+00 9.000000000000e+00
     vertex -3.100000000000e+00 -4.600000000000e+00 9.000000000000e+00
     vertex 1.300000000000e+00 -4.600000000000e+00 9.000000000000e+00
   endloop
 endfacet
 facet normal -1.000000000000e+00 0.000000000000e+00 0.000000000000e+00
   outer loop
     vertex -3.700000000000e+00 -3.695000000000e+00 7.850000000000e+00
     vertex -3.700000000000e+00 -3.455000000000e+00 7.600000000000e+00
     vertex -3.700000000000e+00 -3.695000000000e+00 7.600000000000e+00
   endloop
 endfacet
 facet normal -1.000000000000e+00 0.000000000000e+00 0.000000000000e+00
   outer loop
     vertex -3.700000000000e+00 -3.695000000000e+00 7.850000000000e+00
     vertex -3.700000000000e+00 -3.455000000000e+00 7.850000000000e+00
     vertex -3.700000000000e+00 -3.455000000000e+00 7.600000000000e+00
   endloop
 endfacet
 facet normal 1.000000000000e+00 0.000000000000e+00 0.000000000000e+00
   outer loop
     vertex -3.100000000000e+00 -3.695000000000e+00 7.850000000000e+00
     vertex -3.100000000000e+00 -3.695000000000e+00 7.600000000000e+00
     vertex -3.100000000000e+00 -3.455000000000e+00 7.600000000000e+00
   endloop
 endfacet
 facet normal 1.000000000000e+00 -0.000000000000e+00 0.000000000000e+00
   outer loop
     vertex -3.100000000000e+00 -3.695000000000e+00 7.850000000000e+00
     vertex -3.100000000000e+00 -3.455000000000e+00 7.600000000000e+00
     vertex -3.100000000000e+00 -3.455000000000e+00 7.850000000000e+00
   endloop
 endfacet
 facet normal 0.000000000000e+00 -1.000000000000e+00 -0.000000000000e+00
   outer loop
     vertex -3.100000000000e+00 -3.695000000000e+00 7.850000000000e+00
     vertex -3.700000000000e+00 -3.695000000000e+00 7.600000000000e+00
     vertex -3.100000000000e+00 -3.695000000000e+00 7.600000000000e+00
   endloop
 endfacet
 facet normal -0.000000000000e+00 -1.000000000000e+00 0.000000000000e+00
   outer loop
     vertex -3.100000000000e+00 -3.695000000000e+00 7.850000000000e+00
     vertex -3.700000000000e+00 -3.695000000000e+00 7.850000000000e+00
     vertex -3.700000000000e+00 -3.695000000000e+00 7.600000000000e+00
   endloop
 endfacet
 facet normal 0.000000000000e+00 1.000000000000e+00 0.000000000000e+00
   outer loop
     vertex -3.100000000000e+00 -3.455000000000e+00 7.850000000000e+00
     vertex -3.100000000000e+00 -3.455000000000e+00 7.600000000000e+00
     vertex -3.700000000000e+00 -3.455000000000e+00 7.600000000000e+00
   endloop
 endfacet
 facet normal 0.000000000000e+00 1.000000000000e+00 0.000000000000e+00
   outer loop
     vertex -3.100000000000e+00 -3.455000000000e+00 7.850000000000e+00
     vertex -3.700000000000e+00 -3.455000000000e+00 7.600000000000e+00
     vertex -3.700000000000e+00 -3.455000000000e+00 7.850000000000e+00
   endloop
 endfacet
 facet normal -0.000000000000e+00 0.000000000000e+00 -1.000000000000e+00
   outer loop
     vertex -3.100000000000e+00 -3.455000000000e+00 7.600000000000e+00
     vertex -3.700000000000e+00 -3.695000000000e+00 7.600000000000e+00
     vertex -3.700000000000e+00 -3.455000000000e+00 7.600000000000e+00
   endloop
 endfacet
 facet normal 0.000000000000e+00 -0.000000000000e+00 -1.000000000000e+00
   outer loop
     vertex -3.100000000000e+00 -3.455000000000e+00 7.600000000000e+00
     vertex -3.100000000000e+00 -3.695000000000e+00 7.600000000000e+00
     vertex -3.700000000000e+00 -3.695000000000e+00 7.600000000000e+00
   endloop
 endfacet
 facet normal 0.000000000000e+00 0.000000000000e+00 1.000000000000e+00
   outer loop
     vertex -3.100000000000e+00 -3.455000000000e+00 7.850000000000e+00
     vertex -3.700000000000e+00 -3.455000000000e+00 7.850000000000e+00
     vertex -3.700000000000e+00 -3.695000000000e+00 7.850000000000e+00
   endloop
 endfacet
 facet normal 0.000000000000e+00 0.000000000000e+00 1.000000000000e+00
   outer loop
     vertex -3.100000000000e+00 -3.455000000000e+00 7.850000000000e+00
     vertex -3.700000000000e+00 -3.695000000000e+00 7.850000000000e+00
     vertex -3.100000000000e+00 -3.695000000000e+00 7.850000000000e+00
   endloop
 endfacet
 facet normal -1.000000000000e+00 0.000000000000e+00 0.000000000000e+00
   outer loop
     vertex 1.300000000000e+00 -3.695000000000e+00 7.850000000000e+00
     vertex 1.300000000000e+00 -3.455000000000e+00 7.600000000000e+00
     vertex 1.300000000000e+00 -3.695000000000e+00 7.600000000000e+00
   endloop
 endfacet
 facet normal -1.000000000000e+00 0.000000000000e+00 0.000000000000e+00
   outer loop
     vertex 1.300000000000e+00 -3.695000000000e+00 7.850000000000e+00
     vertex 1.300000000000e+00 -3.455000000000e+00 7.850000000000e+00
     vertex 1.300000000000e+00 -3.455000000000e+00 7.600000000000e+00
   endloop
 endfacet
 facet normal 1.000000000000e+00 0.000000000000e+00 0.000000000000e+00
   outer loop
     vertex 1.900000000000e+00 -3.695000000000e+00 7.850000000000e+00
     vertex 1.900000000000e+00 -3.695000000000e+00 7.600000000000e+00
     vertex 1.900000000000e+00 -3.455000000000e+00 7.600000000000e+00
   endloop
 endfacet
 facet normal 1.000000000000e+00 -0.000000000000e+00 0.000000000000e+00
   outer loop
     vertex 1.900000000000e+00 -3.695000000000e+00 7.850000000000e+00
     vertex 1.900000000000e+00 -3.455000000000e+00 7.600000000000e+00
     vertex 1.900000000000e+00 -3.455000000000e+00 7.850000000000e+00
   endloop
 endfacet
 facet normal 0.000000000000e+00 -1.000000000000e+00 -0.000000000000e+00
   outer loop
     vertex 1.900000000000e+00 -3.695000000000e+00 7.850000000000e+00
     vertex 1.300000000000e+00 -3.695000000000e+00 7.600000000000e+00
     vertex 1.900000000000e+00 -3.695000000000e+00 7.600000000000e+00
   endloop
 endfacet
 facet normal -0.000000000000e+00 -1.000000000000e+00 0.000000000000e+00
   outer loop
     vertex 1.900000000000e+00 -3.695000000000e+00 7.850000000000e+00
     vertex 1.300000000000e+00 -3.695000000000e+00 7.850000000000e+00
     vertex 1.300000000000e+00 -3.695000000000e+00 7.600000000000e+00
   endloop
 endfacet
 facet normal 0.000000000000e+00 1.000000000000e+00 0.000000000000e+00
   outer loop
     vertex 1.900000000000e+00 -3.455000000000e+00 7.850000000000e+00
     vertex 1.900000000000e+00 -3.455000000000e+00 7.600000000000e+00
     vertex 1.300000000000e+00 -3.455000000000e+00 7.600000000000e+00
   endloop
 endfacet
 facet normal 0.000000000000e+00 1.000000000000e+00 0.000000000000e+00
   outer loop
     vertex 1.900000000000e+00 -3.455000000000e+00 7.850000000000e+00
     vertex 1.300000000000e+00 -3.455000000000e+00 7.600000000000e+00
     vertex 1.300000000000e+00 -3.455000000000e+00 7.850000000000e+00
   endloop
 endfacet
 facet normal -0.000000000000e+00 0.000000000000e+00 -1.000000000000e+00
   outer loop
     vertex 1.900000000000e+00 -3.455000000000e+00 7.600000000000e+00
     vertex 1.300000000000e+00 -3.695000000000e+00 7.600000000000e+00
     vertex 1.300000000000e+00 -3.455000000000e+00 7.600000000000e+00
   endloop
 endfacet
 facet normal 0.000000000000e+00 -0.000000000000e+00 -1.000000000000e+00
   outer loop
     vertex 1.900000000000e+00 -3.455000000000e+00 7.600000000000e+00
     vertex 1.900000000000e+00 -3.695000000000e+00 7.600000000000e+00
     vertex 1.300000000000e+00 -3.695000000000e+00 7.600000000000e+00
   endloop
 endfacet
 facet normal 0.000000000000e+00 0.000000000000e+00 1.000000000000e+00
   outer loop
     vertex 1.900000000000e+00 -3.455000000000e+00 7.850000000000e+00
     vertex 1.300000000000e+00 -3.455000000000e+00 7.850000000000e+00
     vertex 1.300000000000e+00 -3.695000000000e+00 7.850000000000e+00
   endloop
 endfacet
 facet normal 0.000000000000e+00 0.000000000000e+00 1.000000000000e+00
   outer loop
     vertex 1.900000000000e+00 -3.455000000000e+00 7.850000000000e+00
     vertex 1.300000000000e+00 -3.695000000000e+00 7.850000000000e+00
     vertex 1.900000000000e+00 -3.695000000000e+00 7.850000000000e+00
   endloop
 endfacet
 facet normal -1.000000000000e+00 0.000000000000e+00 0.000000000000e+00
   outer loop
     vertex -3.700000000000e+00 -3.145000000000e+00 7.850000000000e+00
     vertex -3.700000000000e+00 -2.905000000000e+00 7.600000000000e+00
     vertex -3.700000000000e+00 -3.145000000000e+00 7.600000000000e+00
   endloop
 endfacet
 facet normal -1.000000000000e+00 0.000000000000e+00 0.000000000000e+00
   outer loop
     vertex -3.700000000000e+00 -3.145000000000e+00 7.850000000000e+00
     vertex -3.700000000000e+00 -2.905000000000e+00 7.850000000000e+00
     vertex -3.700000000000e+00 -2.905000000000e+00 7.600000000000e+00
   endloop
 endfacet
 facet normal 1.000000000000e+00 0.000000000000e+00 0.000000000000e+00
   outer loop
     vertex -3.100000000000e+00 -3.145000000000e+00 7.850000000000e+00
     vertex -3.100000000000e+00 -3.145000000000e+00 7.600000000000e+00
     vertex -3.100000000000e+00 -2.905000000000e+00 7.600000000000e+00
   endloop
 endfacet
 facet normal 1.000000000000e+00 -0.000000000000e+00 0.000000000000e+00
   outer loop
     vertex -3.100000000000e+00 -3.145000000000e+00 7.850000000000e+00
     vertex -3.100000000000e+00 -2.905000000000e+00 7.600000000000e+00
     vertex -3.100000000000e+00 -2.905000000000e+00 7.850000000000e+00
   endloop
 endfacet
 facet normal 0.000000000000e+00 -1.000000000000e+00 -0.000000000000e+00
   outer loop
     vertex -3.100000000000e+00 -3.145000000000e+00 7.850000000000e+00
     vertex -3.700000000000e+00 -3.145000000000e+00 7.600000000000e+00
     vertex -3.100000000000e+00 -3.145000000000e+00 7.600000000000e+00
   endloop
 endfacet
 facet normal -0.000000000000e+00 -1.000000000000e+00 0.000000000000e+00
   outer loop
     vertex -3.100000000000e+00 -3.145000000000e+00 7.850000000000e+00
     vertex -3.700000000000e+00 -3.145000000000e+00 7.850000000000e+00
     vertex -3.700000000000e+00 -3.145000000000e+00 7.600000000000e+00
   endloop
 endfacet
 facet normal 0.000000000000e+00 1.000000000000e+00 0.000000000000e+00
   outer loop
     vertex -3.100000000000e+00 -2.905000000000e+00 7.850000000000e+00
     vertex -3.100000000000e+00 -2.905000000000e+00 7.600000000000e+00
     vertex -3.700000000000e+00 -2.905000000000e+00 7.600000000000e+00
   endloop
 endfacet
 facet normal 0.000000000000e+00 1.000000000000e+00 0.000000000000e+00
   outer loop
     vertex -3.100000000000e+00 -2.905000000000e+00 7.850000000000e+00
     vertex -3.700000000000e+00 -2.905000000000e+00 7.600000000000e+00
     vertex -3.700000000000e+00 -2.905000000000e+00 7.850000000000e+00
   endloop
 endfacet
 facet normal -0.000000000000e+00 0.000000000000e+00 -1.000000000000e+00
   outer loop
     vertex -3.100000000000e+00 -2.905000000000e+00 7.600000000000e+00
     vertex -3.700000000000e+00 -3.145000000000e+00 7.600000000000e+00
     vertex -3.700000000000e+00 -2.905000000000e+00 7.600000000000e+00
   endloop
 endfacet
 facet normal 0.000000000000e+00 -0.000000000000e+00 -1.000000000000e+00
   outer loop
     vertex -3.100000000000e+00 -2.905000000000e+00 7.600000000000e+00
     vertex -3.100000000000e+00 -3.145000000000e+00 7.600000000000e+00
     vertex -3.700000000000e+00 -3.145000000000e+00 7.600000000000e+00
   endloop
 endfacet
 facet normal 0.000000000000e+00 0.000000000000e+00 1.000000000000e+00
   outer loop
     vertex -3.100000000000e+00 -2.905000000000e+00 7.850000000000e+00
     vertex -3.700000000000e+00 -2.905000000000e+00 7.850000000000e+00
     vertex -3.700000000000e+00 -3.145000000000e+00 7.850000000000e+00
   endloop
 endfacet
 facet normal 0.000000000000e+00 0.000000000000e+00 1.000000000000e+00
   outer loop
     vertex -3.100000000000e+00 -2.905000000000e+00 7.850000000000e+00
     vertex -3.700000000000e+00 -3.145000000000e+00 7.850000000000e+00
     vertex -3.100000000000e+00 -3.145000000000e+00 7.850000000000e+00
   endloop
 endfacet
 facet normal -1.000000000000e+00 0.000000000000e+00 0.000000000000e+00
   outer loop
     vertex 1.300000000000e+00 -3.145000000000e+00 7.850000000000e+00
     vertex 1.300000000000e+00 -2.905000000000e+00 7.600000000000e+00
     vertex 1.300000000000e+00 -3.145000000000e+00 7.600000000000e+00
   endloop
 endfacet
 facet normal -1.000000000000e+00 0.000000000000e+00 0.000000000000e+00
   outer loop
     vertex 1.300000000000e+00 -3.145000000000e+00 7.850000000000e+00
     vertex 1.300000000000e+00 -2.905000000000e+00 7.850000000000e+00
     vertex 1.300000000000e+00 -2.905000000000e+00 7.600000000000e+00
   endloop
 endfacet
 facet normal 1.000000000000e+00 0.000000000000e+00 0.000000000000e+00
   outer loop
     vertex 1.900000000000e+00 -3.145000000000e+00 7.850000000000e+00
     vertex 1.900000000000e+00 -3.145000000000e+00 7.600000000000e+00
     vertex 1.900000000000e+00 -2.905000000000e+00 7.600000000000e+00
   endloop
 endfacet
 facet normal 1.000000000000e+00 -0.000000000000e+00 0.000000000000e+00
   outer loop
     vertex 1.900000000000e+00 -3.145000000000e+00 7.850000000000e+00
     vertex 1.900000000000e+00 -2.905000000000e+00 7.600000000000e+00
     vertex 1.900000000000e+00 -2.905000000000e+00 7.850000000000e+00
   endloop
 endfacet
 facet normal 0.000000000000e+00 -1.000000000000e+00 -0.000000000000e+00
   outer loop
     vertex 1.900000000000e+00 -3.145000000000e+00 7.850000000000e+00
     vertex 1.300000000000e+00 -3.145000000000e+00 7.600000000000e+00
     vertex 1.900000000000e+00 -3.145000000000e+00 7.600000000000e+00
   endloop
 endfacet
 facet normal -0.000000000000e+00 -1.000000000000e+00 0.000000000000e+00
   outer loop
     vertex 1.900000000000e+00 -3.145000000000e+00 7.850000000000e+00
     vertex 1.300000000000e+00 -3.145000000000e+00 7.850000000000e+00
     vertex 1.300000000000e+00 -3.145000000000e+00 7.600000000000e+00
   endloop
 endfacet
 facet normal 0.000000000000e+00 1.000000000000e+00 0.000000000000e+00
   outer loop
     vertex 1.900000000000e+00 -2.905000000000e+00 7.850000000000e+00
     vertex 1.900000000000e+00 -2.905000000000e+00 7.600000000000e+00
     vertex 1.300000000000e+00 -2.905000000000e+00 7.600000000000e+00
   endloop
 endfacet
 facet normal 0.000000000000e+00 1.000000000000e+00 0.000000000000e+00
   outer loop
     vertex 1.900000000000e+00 -2.905000000000e+00 7.850000000000e+00
     vertex 1.300000000000e+00 -2.905000000000e+00 7.600000000000e+00
     vertex 1.300000000000e+00 -2.905000000000e+00 7.850000000000e+00
   endloop
 endfacet
 facet normal -0.000000000000e+00 0.000000000000e+00 -1.000000000000e+00
   outer loop
     vertex 1.900000000000e+00 -2.905000000000e+00 7.600000000000e+00
     vertex 1.300000000000e+00 -3.145000000000e+00 7.600000000000e+00
     vertex 1.300000000000e+00 -2.905000000000e+00 7.600000000000e+00
   endloop
 endfacet
 facet normal 0.000000000000e+00 -0.000000000000e+00 -1.000000000000e+00
   outer loop
     vertex 1.900000000000e+00 -2.905000000000e+00 7.600000000000e+00
     vertex 1.900000000000e+00 -3.145000000000e+00 7.600000000000e+00
     vertex 1.300000000000e+00 -3.145000000000e+00 7.600000000000e+00
   endloop
 endfacet
 facet normal 0.000000000000e+00 0.000000000000e+00 1.000000000000e+00
   outer loop
     vertex 1.900000000000e+00 -2.905000000000e+00 7.850000000000e+00
     vertex 1.300000000000e+00 -2.905000000000e+00 7.850000000000e+00
     vertex 1.300000000000e+00 -3.145000000000e+00 7.850000000000e+00
   endloop
 endfacet
 facet normal 0.000000000000e+00 0.000000000000e+00 1.000000000000e+00
   outer loop
     vertex 1.900000000000e+00 -2.905000000000e+00 7.850000000000e+00
     vertex 1.300000000000e+00 -3.145000000000e+00 7.850000000000e+00
     vertex 1.900000000000e+00 -3.145000000000e+00 7.850000000000e+00
   endloop
 endfacet
 facet normal -1.000000000000e+00 0.000000000000e+00 0.000000000000e+00
   outer loop
     vertex -3.700000000000e+00 -2.595000000000e+00 7.850000000000e+00
     vertex -3.700000000000e+00 -2.355000000000e+00 7.600000000000e+00
     vertex -3.700000000000e+00 -2.595000000000e+00 7.600000000000e+00
   endloop
 endfacet
 facet normal -1.000000000000e+00 0.000000000000e+00 0.000000000000e+00
   outer loop
     vertex -3.700000000000e+00 -2.595000000000e+00 7.850000000000e+00
     vertex -3.700000000000e+00 -2.355000000000e+00 7.850000000000e+00
     vertex -3.700000000000e+00 -2.355000000000e+00 7.600000000000e+00
   endloop
 endfacet
 facet normal 1.000000000000e+00 0.000000000000e+00 0.000000000000e+00
   outer loop
     vertex -3.100000000000e+00 -2.595000000000e+00 7.850000000000e+00
     vertex -3.100000000000e+00 -2.595000000000e+00 7.600000000000e+00
     vertex -3.100000000000e+00 -2.355000000000e+00 7.600000000000e+00
   endloop
 endfacet
 facet normal 1.000000000000e+00 -0.000000000000e+00 0.000000000000e+00
   outer loop
     vertex -3.100000000000e+00 -2.595000000000e+00 7.850000000000e+00
     vertex -3.100000000000e+00 -2.355000000000e+00 7.600000000000e+00
     vertex -3.100000000000e+00 -2.355000000000e+00 7.850000000000e+00
   endloop
 endfacet
 facet normal 0.000000000000e+00 -1.000000000000e+00 -0.000000000000e+00
   outer loop
     vertex -3.100000000000e+00 -2.595000000000e+00 7.850000000000e+00
     vertex -3.700000000000e+00 -2.595000000000e+00 7.600000000000e+00
     vertex -3.100000000000e+00 -2.595000000000e+00 7.600000000000e+00
   endloop
 endfacet
 facet normal -0.000000000000e+00 -1.000000000000e+00 0.000000000000e+00
   outer loop
     vertex -3.100000000000e+00 -2.595000000000e+00 7.850000000000e+00
     vertex -3.700000000000e+00 -2.595000000000e+00 7.850000000000e+00
     vertex -3.700000000000e+00 -2.595000000000e+00 7.600000000000e+00
   endloop
 endfacet
 facet normal 0.000000000000e+00 1.000000000000e+00 0.000000000000e+00
   outer loop
     vertex -3.100000000000e+00 -2.355000000000e+00 7.850000000000e+00
     vertex -3.100000000000e+00 -2.355000000000e+00 7.600000000000e+00
     vertex -3.700000000000e+00 -2.355000000000e+00 7.600000000000e+00
   endloop
 endfacet
 facet normal 0.000000000000e+00 1.000000000000e+00 0.000000000000e+00
   outer loop
     vertex -3.100000000000e+00 -2.355000000000e+00 7.850000000000e+00
     vertex -3.700000000000e+00 -2.355000000000e+00 7.600000000000e+00
     vertex -3.700000000000e+00 -2.355000000000e+00 7.850000000000e+00
   endloop
 endfacet
 facet normal -0.000000000000e+00 0.000000000000e+00 -1.000000000000e+00
   outer loop
     vertex -3.100000000000e+00 -2.355000000000e+00 7.600000000000e+00
     vertex -3.700000000000e+00 -2.595000000000e+00 7.600000000000e+00
     vertex -3.700000000000e+00 -2.355000000000e+00 7.600000000000e+00
   endloop
 endfacet
 facet normal 0.000000000000e+00 -0.000000000000e+00 -1.000000000000e+00
   outer loop
     vertex -3.100000000000e+00 -2.355000000000e+00 7.600000000000e+00
     vertex -3.100000000000e+00 -2.595000000000e+00 7.600000000000e+00
     vertex -3.700000000000e+00 -2.595000000000e+00 7.600000000000e+00
   endloop
 endfacet
 facet normal 0.000000000000e+00 0.000000000000e+00 1.000000000000e+00
   outer loop
     vertex -3.100000000000e+00 -2.355000000000e+00 7.850000000000e+00
     vertex -3.700000000000e+00 -2.355000000000e+00 7.850000000000e+00
     vertex -3.700000000000e+00 -2.595000000000e+00 7.850000000000e+00
   endloop
 endfacet
 facet normal 0.000000000000e+00 0.000000000000e+00 1.000000000000e+00
   outer loop
     vertex -3.100000000000e+00 -2.355000000000e+00 7.850000000000e+00
     vertex -3.700000000000e+00 -2.595000000000e+00 7.850000000000e+00
     vertex -3.100000000000e+00 -2.595000000000e+00 7.850000000000e+00
   endloop
 endfacet
 facet normal -1.000000000000e+00 0.000000000000e+00 0.000000000000e+00
   outer loop
     vertex 1.300000000000e+00 -2.595000000000e+00 7.850000000000e+00
     vertex 1.300000000000e+00 -2.355000000000e+00 7.600000000000e+00
     vertex 1.300000000000e+00 -2.595000000000e+00 7.600000000000e+00
   endloop
 endfacet
 facet normal -1.000000000000e+00 0.000000000000e+00 0.000000000000e+00
   outer loop
     vertex 1.300000000000e+00 -2.595000000000e+00 7.850000000000e+00
     vertex 1.300000000000e+00 -2.355000000000e+00 7.850000000000e+00
     vertex 1.300000000000e+00 -2.355000000000e+00 7.600000000000e+00
   endloop
 endfacet
 facet normal 1.000000000000e+00 0.000000000000e+00 0.000000000000e+00
   outer loop
     vertex 1.900000000000e+00 -2.595000000000e+00 7.850000000000e+00
     vertex 1.900000000000e+00 -2.595000000000e+00 7.600000000000e+00
     vertex 1.900000000000e+00 -2.355000000000e+00 7.600000000000e+00
   endloop
 endfacet
 facet normal 1.000000000000e+00 -0.000000000000e+00 0.000000000000e+00
   outer loop
     vertex 1.900000000000e+00 -2.595000000000e+00 7.850000000000e+00
     vertex 1.900000000000e+00 -2.355000000000e+00 7.600000000000e+00
     vertex 1.900000000000e+00 -2.355000000000e+00 7.850000000000e+00
   endloop
 endfacet
 facet normal 0.000000000000e+00 -1.000000000000e+00 -0.000000000000e+00
   outer loop
     vertex 1.900000000000e+00 -2.595000000000e+00 7.850000000000e+00
     vertex 1.300000000000e+00 -2.595000000000e+00 7.600000000000e+00
     vertex 1.900000000000e+00 -2.595000000000e+00 7.600000000000e+00
   endloop
 endfacet
 facet normal -0.000000000000e+00 -1.000000000000e+00 0.000000000000e+00
   outer loop
     vertex 1.900000000000e+00 -2.595000000000e+00 7.850000000000e+00
     vertex 1.300000000000e+00 -2.595000000000e+00 7.850000000000e+00
     vertex 1.300000000000e+00 -2.595000000000e+00 7.600000000000e+00
   endloop
 endfacet
 facet normal 0.000000000000e+00 1.000000000000e+00 0.000000000000e+00
   outer loop
     vertex 1.900000000000e+00 -2.355000000000e+00 7.850000000000e+00
     vertex 1.900000000000e+00 -2.355000000000e+00 7.600000000000e+00
     vertex 1.300000000000e+00 -2.355000000000e+00 7.600000000000e+00
   endloop
 endfacet
 facet normal 0.000000000000e+00 1.000000000000e+00 0.000000000000e+00
   outer loop
     vertex 1.900000000000e+00 -2.355000000000e+00 7.850000000000e+00
     vertex 1.300000000000e+00 -2.355000000000e+00 7.600000000000e+00
     vertex 1.300000000000e+00 -2.355000000000e+00 7.850000000000e+00
   endloop
 endfacet
 facet normal -0.000000000000e+00 0.000000000000e+00 -1.000000000000e+00
   outer loop
     vertex 1.900000000000e+00 -2.355000000000e+00 7.600000000000e+00
     vertex 1.300000000000e+00 -2.595000000000e+00 7.600000000000e+00
     vertex 1.300000000000e+00 -2.355000000000e+00 7.600000000000e+00
   endloop
 endfacet
 facet normal 0.000000000000e+00 -0.000000000000e+00 -1.000000000000e+00
   outer loop
     vertex 1.900000000000e+00 -2.355000000000e+00 7.600000000000e+00
     vertex 1.900000000000e+00 -2.595000000000e+00 7.600000000000e+00
     vertex 1.300000000000e+00 -2.595000000000e+00 7.600000000000e+00
   endloop
 endfacet
 facet normal 0.000000000000e+00 0.000000000000e+00 1.000000000000e+00
   outer loop
     vertex 1.900000000000e+00 -2.355000000000e+00 7.850000000000e+00
     vertex 1.300000000000e+00 -2.355000000000e+00 7.850000000000e+00
     vertex 1.300000000000e+00 -2.595000000000e+00 7.850000000000e+00
   endloop
 endfacet
 facet normal 0.000000000000e+00 0.000000000000e+00 1.000000000000e+00
   outer loop
     vertex 1.900000000000e+00 -2.355000000000e+00 7.850000000000e+00
     vertex 1.300000000000e+00 -2.595000000000e+00 7.850000000000e+00
     vertex 1.900000000000e+00 -2.595000000000e+00 7.850000000000e+00
   endloop
 endfacet
 facet normal -1.000000000000e+00 0.000000000000e+00 0.000000000000e+00
   outer loop
     vertex -3.700000000000e+00 -2.045000000000e+00 7.850000000000e+00
     vertex -3.700000000000e+00 -1.805000000000e+00 7.600000000000e+00
     vertex -3.700000000000e+00 -2.045000000000e+00 7.600000000000e+00
   endloop
 endfacet
 facet normal -1.000000000000e+00 0.000000000000e+00 0.000000000000e+00
   outer loop
     vertex -3.700000000000e+00 -2.045000000000e+00 7.850000000000e+00
     vertex -3.700000000000e+00 -1.805000000000e+00 7.850000000000e+00
     vertex -3.700000000000e+00 -1.805000000000e+00 7.600000000000e+00
   endloop
 endfacet
 facet normal 1.000000000000e+00 0.000000000000e+00 0.000000000000e+00
   outer loop
     vertex -3.100000000000e+00 -2.045000000000e+00 7.850000000000e+00
     vertex -3.100000000000e+00 -2.045000000000e+00 7.600000000000e+00
     vertex -3.100000000000e+00 -1.805000000000e+00 7.600000000000e+00
   endloop
 endfacet
 facet normal 1.000000000000e+00 -0.000000000000e+00 0.000000000000e+00
   outer loop
     vertex -3.100000000000e+00 -2.045000000000e+00 7.850000000000e+00
     vertex -3.100000000000e+00 -1.805000000000e+00 7.600000000000e+00
     vertex -3.100000000000e+00 -1.805000000000e+00 7.850000000000e+00
   endloop
 endfacet
 facet normal 0.000000000000e+00 -1.000000000000e+00 -0.000000000000e+00
   outer loop
     vertex -3.100000000000e+00 -2.045000000000e+00 7.850000000000e+00
     vertex -3.700000000000e+00 -2.045000000000e+00 7.600000000000e+00
     vertex -3.100000000000e+00 -2.045000000000e+00 7.600000000000e+00
   endloop
 endfacet
 facet normal -0.000000000000e+00 -1.000000000000e+00 0.000000000000e+00
   outer loop
     vertex -3.100000000000e+00 -2.045000000000e+00 7.850000000000e+00
     vertex -3.700000000000e+00 -2.045000000000e+00 7.850000000000e+00
     vertex -3.700000000000e+00 -2.045000000000e+00 7.600000000000e+00
   endloop
 endfacet
 facet normal 0.000000000000e+00 1.000000000000e+00 0.000000000000e+00
   outer loop
     vertex -3.100000000000e+00 -1.805000000000e+00 7.850000000000e+00
     vertex -3.100000000000e+00 -1.805000000000e+00 7.600000000000e+00
     vertex -3.700000000000e+00 -1.805000000000e+00 7.600000000000e+00
   endloop
 endfacet
 facet normal 0.000000000000e+00 1.000000000000e+00 0.000000000000e+00
   outer loop
     vertex -3.100000000000e+00 -1.805000000000e+00 7.850000000000e+00
     vertex -3.700000000000e+00 -1.805000000000e+00 7.600000000000e+00
     vertex -3.700000000000e+00 -1.805000000000e+00 7.850000000000e+00
   endloop
 endfacet
 facet normal -0.000000000000e+00 0.000000000000e+00 -1.000000000000e+00
   outer loop
     vertex -3.100000000000e+00 -1.805000000000e+00 7.600000000000e+00
     vertex -3.700000000000e+00 -2.045000000000e+00 7.600000000000e+00
     vertex -3.700000000000e+00 -1.805000000000e+00 7.600000000000e+00
   endloop
 endfacet
 facet normal 0.000000000000e+00 -0.000000000000e+00 -1.000000000000e+00
   outer loop
     vertex -3.100000000000e+00 -1.805000000000e+00 7.600000000000e+00
     vertex -3.100000000000e+00 -2.045000000000e+00 7.600000000000e+00
     vertex -3.700000000000e+00 -2.045000000000e+00 7.600000000000e+00
   endloop
 endfacet
 facet normal 0.000000000000e+00 0.000000000000e+00 1.000000000000e+00
   outer loop
     vertex -3.100000000000e+00 -1.805000000000e+00 7.850000000000e+00
     vertex -3.700000000000e+00 -1.805000000000e+00 7.850000000000e+00
     vertex -3.700000000000e+00 -2.045000000000e+00 7.850000000000e+00
   endloop
 endfacet
 facet normal 0.000000000000e+00 0.000000000000e+00 1.000000000000e+00
   outer loop
     vertex -3.100000000000e+00 -1.805000000000e+00 7.850000000000e+00
     vertex -3.700000000000e+00 -2.045000000000e+00 7.850000000000e+00
     vertex -3.100000000000e+00 -2.045000000000e+00 7.850000000000e+00
   endloop
 endfacet
 facet normal -1.000000000000e+00 0.000000000000e+00 0.000000000000e+00
   outer loop
     vertex 1.300000000000e+00 -2.045000000000e+00 7.850000000000e+00
     vertex 1.300000000000e+00 -1.805000000000e+00 7.600000000000e+00
     vertex 1.300000000000e+00 -2.045000000000e+00 7.600000000000e+00
   endloop
 endfacet
 facet normal -1.000000000000e+00 0.000000000000e+00 0.000000000000e+00
   outer loop
     vertex 1.300000000000e+00 -2.045000000000e+00 7.850000000000e+00
     vertex 1.300000000000e+00 -1.805000000000e+00 7.850000000000e+00
     vertex 1.300000000000e+00 -1.805000000000e+00 7.600000000000e+00
   endloop
 endfacet
 facet normal 1.000000000000e+00 0.000000000000e+00 0.000000000000e+00
   outer loop
     vertex 1.900000000000e+00 -2.045000000000e+00 7.850000000000e+00
     vertex 1.900000000000e+00 -2.045000000000e+00 7.600000000000e+00
     vertex 1.900000000000e+00 -1.805000000000e+00 7.600000000000e+00
   endloop
 endfacet
 facet normal 1.000000000000e+00 -0.000000000000e+00 0.000000000000e+00
   outer loop
     vertex 1.900000000000e+00 -2.045000000000e+00 7.850000000000e+00
     vertex 1.900000000000e+00 -1.805000000000e+00 7.600000000000e+00
     vertex 1.900000000000e+00 -1.805000000000e+00 7.850000000000e+00
   endloop
 endfacet
 facet normal 0.000000000000e+00 -1.000000000000e+00 -0.000000000000e+00
   outer loop
     vertex 1.900000000000e+00 -2.045000000000e+00 7.850000000000e+00
     vertex 1.300000000000e+00 -2.045000000000e+00 7.600000000000e+00
     vertex 1.900000000000e+00 -2.045000000000e+00 7.600000000000e+00
   endloop
 endfacet
 facet normal -0.000000000000e+00 -1.000000000000e+00 0.000000000000e+00
   outer loop
     vertex 1.900000000000e+00 -2.045000000000e+00 7.850000000000e+00
     vertex 1.300000000000e+00 -2.045000000000e+00 7.850000000000e+00
     vertex 1.300000000000e+00 -2.045000000000e+00 7.600000000000e+00
   endloop
 endfacet
 facet normal 0.000000000000e+00 1.000000000000e+00 0.000000000000e+00
   outer loop
     vertex 1.900000000000e+00 -1.805000000000e+00 7.850000000000e+00
     vertex 1.900000000000e+00 -1.805000000000e+00 7.600000000000e+00
     vertex 1.300000000000e+00 -1.805000000000e+00 7.600000000000e+00
   endloop
 endfacet
 facet normal 0.000000000000e+00 1.000000000000e+00 0.000000000000e+00
   outer loop
     vertex 1.900000000000e+00 -1.805000000000e+00 7.850000000000e+00
     vertex 1.300000000000e+00 -1.805000000000e+00 7.600000000000e+00
     vertex 1.300000000000e+00 -1.805000000000e+00 7.850000000000e+00
   endloop
 endfacet
 facet normal -0.000000000000e+00 0.000000000000e+00 -1.000000000000e+00
   outer loop
     vertex 1.900000000000e+00 -1.805000000000e+00 7.600000000000e+00
     vertex 1.300000000000e+00 -2.045000000000e+00 7.600000000000e+00
     vertex 1.300000000000e+00 -1.805000000000e+00 7.600000000000e+00
   endloop
 endfacet
 facet normal 0.000000000000e+00 -0.000000000000e+00 -1.000000000000e+00
   outer loop
     vertex 1.900000000000e+00 -1.805000000000e+00 7.600000000000e+00
     vertex 1.900000000000e+00 -2.045000000000e+00 7.600000000000e+00
     vertex 1.300000000000e+00 -2.045000000000e+00 7.600000000000e+00
   endloop
 endfacet
 facet normal 0.000000000000e+00 0.000000000000e+00 1.000000000000e+00
   outer loop
     vertex 1.900000000000e+00 -1.805000000000e+00 7.850000000000e+00
     vertex 1.300000000000e+00 -1.805000000000e+00 7.850000000000e+00
     vertex 1.300000000000e+00 -2.045000000000e+00 7.850000000000e+00
   endloop
 endfacet
 facet normal 0.000000000000e+00 0.000000000000e+00 1.000000000000e+00
   outer loop
     vertex 1.900000000000e+00 -1.805000000000e+00 7.850000000000e+00
     vertex 1.300000000000e+00 -2.045000000000e+00 7.850000000000e+00
     vertex 1.900000000000e+00 -2.045000000000e+00 7.850000000000e+00
   endloop
 endfacet
 facet normal -1.000000000000e+00 0.000000000000e+00 0.000000000000e+00
   outer loop
     vertex -3.700000000000e+00 -1.495000000000e+00 7.850000000000e+00
     vertex -3.700000000000e+00 -1.255000000000e+00 7.600000000000e+00
     vertex -3.700000000000e+00 -1.495000000000e+00 7.600000000000e+00
   endloop
 endfacet
 facet normal -1.000000000000e+00 0.000000000000e+00 0.000000000000e+00
   outer loop
     vertex -3.700000000000e+00 -1.495000000000e+00 7.850000000000e+00
     vertex -3.700000000000e+00 -1.255000000000e+00 7.850000000000e+00
     vertex -3.700000000000e+00 -1.255000000000e+00 7.600000000000e+00
   endloop
 endfacet
 facet normal 1.000000000000e+00 0.000000000000e+00 0.000000000000e+00
   outer loop
     vertex -3.100000000000e+00 -1.495000000000e+00 7.850000000000e+00
     vertex -3.100000000000e+00 -1.495000000000e+00 7.600000000000e+00
     vertex -3.100000000000e+00 -1.255000000000e+00 7.600000000000e+00
   endloop
 endfacet
 facet normal 1.000000000000e+00 -0.000000000000e+00 0.000000000000e+00
   outer loop
     vertex -3.100000000000e+00 -1.495000000000e+00 7.850000000000e+00
     vertex -3.100000000000e+00 -1.255000000000e+00 7.600000000000e+00
     vertex -3.100000000000e+00 -1.255000000000e+00 7.850000000000e+00
   endloop
 endfacet
 facet normal 0.000000000000e+00 -1.000000000000e+00 -0.000000000000e+00
   outer loop
     vertex -3.100000000000e+00 -1.495000000000e+00 7.850000000000e+00
     vertex -3.700000000000e+00 -1.495000000000e+00 7.600000000000e+00
     vertex -3.100000000000e+00 -1.495000000000e+00 7.600000000000e+00
   endloop
 endfacet
 facet normal -0.000000000000e+00 -1.000000000000e+00 0.000000000000e+00
   outer loop
     vertex -3.100000000000e+00 -1.495000000000e+00 7.850000000000e+00
     vertex -3.700000000000e+00 -1.495000000000e+00 7.850000000000e+00
     vertex -3.700000000000e+00 -1.495000000000e+00 7.600000000000e+00
   endloop
 endfacet
 facet normal 0.000000000000e+00 1.000000000000e+00 0.000000000000e+00
   outer loop
     vertex -3.100000000000e+00 -1.255000000000e+00 7.850000000000e+00
     vertex -3.100000000000e+00 -1.255000000000e+00 7.600000000000e+00
     vertex -3.700000000000e+00 -1.255000000000e+00 7.600000000000e+00
   endloop
 endfacet
 facet normal 0.000000000000e+00 1.000000000000e+00 0.000000000000e+00
   outer loop
     vertex -3.100000000000e+00 -1.255000000000e+00 7.850000000000e+00
     vertex -3.700000000000e+00 -1.255000000000e+00 7.600000000000e+00
     vertex -3.700000000000e+00 -1.255000000000e+00 7.850000000000e+00
   endloop
 endfacet
 facet normal -0.000000000000e+00 0.000000000000e+00 -1.000000000000e+00
   outer loop
     vertex -3.100000000000e+00 -1.255000000000e+00 7.600000000000e+00
     vertex -3.700000000000e+00 -1.495000000000e+00 7.600000000000e+00
     vertex -3.700000000000e+00 -1.255000000000e+00 7.600000000000e+00
   endloop
 endfacet
 facet normal 0.000000000000e+00 -0.000000000000e+00 -1.000000000000e+00
   outer loop
     vertex -3.100000000000e+00 -1.255000000000e+00 7.600000000000e+00
     vertex -3.100000000000e+00 -1.495000000000e+00 7.600000000000e+00
     vertex -3.700000000000e+00 -1.495000000000e+00 7.600000000000e+00
   endloop
 endfacet
 facet normal 0.000000000000e+00 0.000000000000e+00 1.000000000000e+00
   outer loop
     vertex -3.100000000000e+00 -1.255000000000e+00 7.850000000000e+00
     vertex -3.700000000000e+00 -1.255000000000e+00 7.850000000000e+00
     vertex -3.700000000000e+00 -1.495000000000e+00 7.850000000000e+00
   endloop
 endfacet
 facet normal 0.000000000000e+00 0.000000000000e+00 1.000000000000e+00
   outer loop
     vertex -3.100000000000e+00 -1.255000000000e+00 7.850000000000e+00
     vertex -3.700000000000e+00 -1.495000000000e+00 7.850000000000e+00
     vertex -3.100000000000e+00 -1.495000000000e+00 7.850000000000e+00
   endloop
 endfacet
 facet normal -1.000000000000e+00 0.000000000000e+00 0.000000000000e+00
   outer loop
     vertex 1.300000000000e+00 -1.495000000000e+00 7.850000000000e+00
     vertex 1.300000000000e+00 -1.255000000000e+00 7.600000000000e+00
     vertex 1.300000000000e+00 -1.495000000000e+00 7.600000000000e+00
   endloop
 endfacet
 facet normal -1.000000000000e+00 0.000000000000e+00 0.000000000000e+00
   outer loop
     vertex 1.300000000000e+00 -1.495000000000e+00 7.850000000000e+00
     vertex 1.300000000000e+00 -1.255000000000e+00 7.850000000000e+00
     vertex 1.300000000000e+00 -1.255000000000e+00 7.600000000000e+00
   endloop
 endfacet
 facet normal 1.000000000000e+00 0.000000000000e+00 0.000000000000e+00
   outer loop
     vertex 1.900000000000e+00 -1.495000000000e+00 7.850000000000e+00
     vertex 1.900000000000e+00 -1.495000000000e+00 7.600000000000e+00
     vertex 1.900000000000e+00 -1.255000000000e+00 7.600000000000e+00
   endloop
 endfacet
 facet normal 1.000000000000e+00 -0.000000000000e+00 0.000000000000e+00
   outer loop
     vertex 1.900000000000e+00 -1.495000000000e+00 7.850000000000e+00
     vertex 1.900000000000e+00 -1.255000000000e+00 7.600000000000e+00
     vertex 1.900000000000e+00 -1.255000000000e+00 7.850000000000e+00
   endloop
 endfacet
 facet normal 0.000000000000e+00 -1.000000000000e+00 -0.000000000000e+00
   outer loop
     vertex 1.900000000000e+00 -1.495000000000e+00 7.850000000000e+00
     vertex 1.300000000000e+00 -1.495000000000e+00 7.600000000000e+00
     vertex 1.900000000000e+00 -1.495000000000e+00 7.600000000000e+00
   endloop
 endfacet
 facet normal -0.000000000000e+00 -1.000000000000e+00 0.000000000000e+00
   outer loop
     vertex 1.900000000000e+00 -1.495000000000e+00 7.850000000000e+00
     vertex 1.300000000000e+00 -1.495000000000e+00 7.850000000000e+00
     vertex 1.300000000000e+00 -1.495000000000e+00 7.600000000000e+00
   endloop
 endfacet
 facet normal 0.000000000000e+00 1.000000000000e+00 0.000000000000e+00
   outer loop
     vertex 1.900000000000e+00 -1.255000000000e+00 7.850000000000e+00
     vertex 1.900000000000e+00 -1.255000000000e+00 7.600000000000e+00
     vertex 1.300000000000e+00 -1.255000000000e+00 7.600000000000e+00
   endloop
 endfacet
 facet normal 0.000000000000e+00 1.000000000000e+00 0.000000000000e+00
   outer loop
     vertex 1.900000000000e+00 -1.255000000000e+00 7.850000000000e+00
     vertex 1.300000000000e+00 -1.255000000000e+00 7.600000000000e+00
     vertex 1.300000000000e+00 -1.255000000000e+00 7.850000000000e+00
   endloop
 endfacet
 facet normal -0.000000000000e+00 0.000000000000e+00 -1.000000000000e+00
   outer loop
     vertex 1.900000000000e+00 -1.255000000000e+00 7.600000000000e+00
     vertex 1.300000000000e+00 -1.495000000000e+00 7.600000000000e+00
     vertex 1.300000000000e+00 -1.255000000000e+00 7.600000000000e+00
   endloop
 endfacet
 facet normal 0.000000000000e+00 -0.000000000000e+00 -1.000000000000e+00
   outer loop
     vertex 1.900000000000e+00 -1.255000000000e+00 7.600000000000e+00
     vertex 1.900000000000e+00 -1.495000000000e+00 7.600000000000e+00
     vertex 1.300000000000e+00 -1.495000000000e+00 7.600000000000e+00
   endloop
 endfacet
 facet normal 0.000000000000e+00 0.000000000000e+00 1.000000000000e+00
   outer loop
     vertex 1.900000000000e+00 -1.255000000000e+00 7.850000000000e+00
     vertex 1.300000000000e+00 -1.255000000000e+00 7.850000000000e+00
     vertex 1.300000000000e+00 -1.495000000000e+00 7.850000000000e+00
   endloop
 endfacet
 facet normal 0.000000000000e+00 0.000000000000e+00 1.000000000000e+00
   outer loop
     vertex 1.900000000000e+00 -1.255000000000e+00 7.850000000000e+00
     vertex 1.300000000000e+00 -1.495000000000e+00 7.850000000000e+00
     vertex 1.900000000000e+00 -1.495000000000e+00 7.850000000000e+00
   endloop
 endfacet
 facet normal -1.000000000000e+00 0.000000000000e+00 0.000000000000e+00
   outer loop
     vertex -3.700000000000e+00 -9.450000000000e-01 7.850000000000e+00
     vertex -3.700000000000e+00 -7.050000000000e-01 7.600000000000e+00
     vertex -3.700000000000e+00 -9.450000000000e-01 7.600000000000e+00
   endloop
 endfacet
 facet normal -1.000000000000e+00 0.000000000000e+00 0.000000000000e+00
   outer loop
     vertex -3.700000000000e+00 -9.450000000000e-01 7.850000000000e+00
     vertex -3.700000000000e+00 -7.050000000000e-01 7.850000000000e+00
     vertex -3.700000000000e+00 -7.050000000000e-01 7.600000000000e+00
   endloop
 endfacet
 facet normal 1.000000000000e+00 0.000000000000e+00 0.000000000000e+00
   outer loop
     vertex -3.100000000000e+00 -9.450000000000e-01 7.850000000000e+00
     vertex -3.100000000000e+00 -9.450000000000e-01 7.600000000000e+00
     vertex -3.100000000000e+00 -7.050000000000e-01 7.600000000000e+00
   endloop
 endfacet
 facet normal 1.000000000000e+00 -0.000000000000e+00 0.000000000000e+00
   outer loop
     vertex -3.100000000000e+00 -9.450000000000e-01 7.850000000000e+00
     vertex -3.100000000000e+00 -7.050000000000e-01 7.600000000000e+00
     vertex -3.100000000000e+00 -7.050000000000e-01 7.850000000000e+00
   endloop
 endfacet
 facet normal 0.000000000000e+00 -1.000000000000e+00 -0.000000000000e+00
   outer loop
     vertex -3.100000000000e+00 -9.450000000000e-01 7.850000000000e+00
     vertex -3.700000000000e+00 -9.450000000000e-01 7.600000000000e+00
     vertex -3.100000000000e+00 -9.450000000000e-01 7.600000000000e+00
   endloop
 endfacet
 facet normal -0.000000000000e+00 -1.000000000000e+00 0.000000000000e+00
   outer loop
     vertex -3.100000000000e+00 -9.450000000000e-01 7.850000000000e+00
     vertex -3.700000000000e+00 -9.450000000000e-01 7.850000000000e+00
     vertex -3.700000000000e+00 -9.450000000000e-01 7.600000000000e+00
   endloop
 endfacet
 facet normal 0.000000000000e+00 1.000000000000e+00 0.000000000000e+00
   outer loop
     vertex -3.100000000000e+00 -7.050000000000e-01 7.850000000000e+00
     vertex -3.100000000000e+00 -7.050000000000e-01 7.600000000000e+00
     vertex -3.700000000000e+00 -7.050000000000e-01 7.600000000000e+00
   endloop
 endfacet
 facet normal 0.000000000000e+00 1.000000000000e+00 0.000000000000e+00
   outer loop
     vertex -3.100000000000e+00 -7.050000000000e-01 7.850000000000e+00
     vertex -3.700000000000e+00 -7.050000000000e-01 7.600000000000e+00
     vertex -3.700000000000e+00 -7.050000000000e-01 7.850000000000e+00
   endloop
 endfacet
 facet normal -0.000000000000e+00 0.000000000000e+00 -1.000000000000e+00
   outer loop
     vertex -3.100000000000e+00 -7.050000000000e-01 7.600000000000e+00
     vertex -3.700000000000e+00 -9.450000000000e-01 7.600000000000e+00
     vertex -3.700000000000e+00 -7.050000000000e-01 7.600000000000e+00
   endloop
 endfacet
 facet normal 0.000000000000e+00 -0.000000000000e+00 -1.000000000000e+00
   outer loop
     vertex -3.100000000000e+00 -7.050000000000e-01 7.600000000000e+00
     vertex -3.100000000000e+00 -9.450000000000e-01 7.600000000000e+00
     vertex -3.700000000000e+00 -9.450000000000e-01 7.600000000000e+00
   endloop
 endfacet
 facet normal 0.000000000000e+00 0.000000000000e+00 1.000000000000e+00
   outer loop
     vertex -3.100000000000e+00 -7.050000000000e-01 7.850000000000e+00
     vertex -3.700000000000e+00 -7.050000000000e-01 7.850000000000e+00
     vertex -3.700000000000e+00 -9.450000000000e-01 7.850000000000e+00
   endloop
 endfacet
 facet normal 0.000000000000e+00 0.000000000000e+00 1.000000000000e+00
   outer loop
     vertex -3.100000000000e+00 -7.050000000000e-01 7.850000000000e+00
     vertex -3.700000000000e+00 -9.450000000000e-01 7.850000000000e+00
     vertex -3.100000000000e+00 -9.450000000000e-01 7.850000000000e+00
   endloop
 endfacet
 facet normal -1.000000000000e+00 0.000000000000e+00 0.000000000000e+00
   outer loop
     vertex 1.300000000000e+00 -9.450000000000e-01 7.850000000000e+00
     vertex 1.300000000000e+00 -7.050000000000e-01 7.600000000000e+00
     vertex 1.300000000000e+00 -9.450000000000e-01 7.600000000000e+00
   endloop
 endfacet
 facet normal -1.000000000000e+00 0.000000000000e+00 0.000000000000e+00
   outer loop
     vertex 1.300000000000e+00 -9.450000000000e-01 7.850000000000e+00
     vertex 1.300000000000e+00 -7.050000000000e-01 7.850000000000e+00
     vertex 1.300000000000e+00 -7.050000000000e-01 7.600000000000e+00
   endloop
 endfacet
 facet normal 1.000000000000e+00 0.000000000000e+00 0.000000000000e+00
   outer loop
     vertex 1.900000000000e+00 -9.450000000000e-01 7.850000000000e+00
     vertex 1.900000000000e+00 -9.450000000000e-01 7.600000000000e+00
     vertex 1.900000000000e+00 -7.050000000000e-01 7.600000000000e+00
   endloop
 endfacet
 facet normal 1.000000000000e+00 -0.000000000000e+00 0.000000000000e+00
   outer loop
     vertex 1.900000000000e+00 -9.450000000000e-01 7.850000000000e+00
     vertex 1.900000000000e+00 -7.050000000000e-01 7.600000000000e+00
     vertex 1.900000000000e+00 -7.050000000000e-01 7.850000000000e+00
   endloop
 endfacet
 facet normal 0.000000000000e+00 -1.000000000000e+00 -0.000000000000e+00
   outer loop
     vertex 1.900000000000e+00 -9.450000000000e-01 7.850000000000e+00
     vertex 1.300000000000e+00 -9.450000000000e-01 7.600000000000e+00
     vertex 1.900000000000e+00 -9.450000000000e-01 7.600000000000e+00
   endloop
 endfacet
 facet normal -0.000000000000e+00 -1.000000000000e+00 0.000000000000e+00
   outer loop
     vertex 1.900000000000e+00 -9.450000000000e-01 7.850000000000e+00
     vertex 1.300000000000e+00 -9.450000000000e-01 7.850000000000e+00
     vertex 1.300000000000e+00 -9.450000000000e-01 7.600000000000e+00
   endloop
 endfacet
 facet normal 0.000000000000e+00 1.000000000000e+00 0.000000000000e+00
   outer loop
     vertex 1.900000000000e+00 -7.050000000000e-01 7.850000000000e+00
     vertex 1.900000000000e+00 -7.050000000000e-01 7.600000000000e+00
     vertex 1.300000000000e+00 -7.050000000000e-01 7.600000000000e+00
   endloop
 endfacet
 facet normal 0.000000000000e+00 1.000000000000e+00 0.000000000000e+00
   outer loop
     vertex 1.900000000000e+00 -7.050000000000e-01 7.850000000000e+00
     vertex 1.300000000000e+00 -7.050000000000e-01 7.600000000000e+00
     vertex 1.300000000000e+00 -7.050000000000e-01 7.850000000000e+00
   endloop
 endfacet
 facet normal -0.000000000000e+00 0.000000000000e+00 -1.000000000000e+00
   outer loop
     vertex 1.900000000000e+00 -7.050000000000e-01 7.600000000000e+00
     vertex 1.300000000000e+00 -9.450000000000e-01 7.600000000000e+00
     vertex 1.300000000000e+00 -7.050000000000e-01 7.600000000000e+00
   endloop
 endfacet
 facet normal 0.000000000000e+00 -0.000000000000e+00 -1.000000000000e+00
   outer loop
     vertex 1.900000000000e+00 -7.050000000000e-01 7.600000000000e+00
     vertex 1.900000000000e+00 -9.450000000000e-01 7.600000000000e+00
     vertex 1.300000000000e+00 -9.450000000000e-01 7.600000000000e+00
   endloop
 endfacet
 facet normal 0.000000000000e+00 0.000000000000e+00 1.000000000000e+00
   outer loop
     vertex 1.900000000000e+00 -7.050000000000e-01 7.850000000000e+00
     vertex 1.300000000000e+00 -7.050000000000e-01 7.850000000000e+00
     vertex 1.300000000000e+00 -9.450000000000e-01 7.850000000000e+00
   endloop
 endfacet
 facet normal 0.000000000000e+00 0.000000000000e+00 1.000000000000e+00
   outer loop
     vertex 1.900000000000e+00 -7.050000000000e-01 7.850000000000e+00
     vertex 1.300000000000e+00 -9.450000000000e-01 7.850000000000e+00
     vertex 1.900000000000e+00 -9.450000000000e-01 7.850000000000e+00
   endloop
 endfacet
 facet normal -1.000000000000e+00 0.000000000000e+00 0.000000000000e+00
   outer loop
     vertex -3.700000000000e+00 -3.950000000000e-01 7.850000000000e+00
     vertex -3.700000000000e+00 -1.550000000000e-01 7.600000000000e+00
     vertex -3.700000000000e+00 -3.950000000000e-01 7.600000000000e+00
   endloop
 endfacet
 facet normal -1.000000000000e+00 0.000000000000e+00 0.000000000000e+00
   outer loop
     vertex -3.700000000000e+00 -3.950000000000e-01 7.850000000000e+00
     vertex -3.700000000000e+00 -1.550000000000e-01 7.850000000000e+00
     vertex -3.700000000000e+00 -1.550000000000e-01 7.600000000000e+00
   endloop
 endfacet
 facet normal 1.000000000000e+00 0.000000000000e+00 0.000000000000e+00
   outer loop
     vertex -3.100000000000e+00 -3.950000000000e-01 7.850000000000e+00
     vertex -3.100000000000e+00 -3.950000000000e-01 7.600000000000e+00
     vertex -3.100000000000e+00 -1.550000000000e-01 7.600000000000e+00
   endloop
 endfacet
 facet normal 1.000000000000e+00 -0.000000000000e+00 0.000000000000e+00
   outer loop
     vertex -3.100000000000e+00 -3.950000000000e-01 7.850000000000e+00
     vertex -3.100000000000e+00 -1.550000000000e-01 7.600000000000e+00
     vertex -3.100000000000e+00 -1.550000000000e-01 7.850000000000e+00
   endloop
 endfacet
 facet normal 0.000000000000e+00 -1.000000000000e+00 -0.000000000000e+00
   outer loop
     vertex -3.100000000000e+00 -3.950000000000e-01 7.850000000000e+00
     vertex -3.700000000000e+00 -3.950000000000e-01 7.600000000000e+00
     vertex -3.100000000000e+00 -3.950000000000e-01 7.600000000000e+00
   endloop
 endfacet
 facet normal -0.000000000000e+00 -1.000000000000e+00 0.000000000000e+00
   outer loop
     vertex -3.100000000000e+00 -3.950000000000e-01 7.850000000000e+00
     vertex -3.700000000000e+00 -3.950000000000e-01 7.850000000000e+00
     vertex -3.700000000000e+00 -3.950000000000e-01 7.600000000000e+00
   endloop
 endfacet
 facet normal 0.000000000000e+00 1.000000000000e+00 0.000000000000e+00
   outer loop
     vertex -3.100000000000e+00 -1.550000000000e-01 7.850000000000e+00
     vertex -3.100000000000e+00 -1.550000000000e-01 7.600000000000e+00
     vertex -3.700000000000e+00 -1.550000000000e-01 7.600000000000e+00
   endloop
 endfacet
 facet normal 0.000000000000e+00 1.000000000000e+00 0.000000000000e+00
   outer loop
     vertex -3.100000000000e+00 -1.550000000000e-01 7.850000000000e+00
     vertex -3.700000000000e+00 -1.550000000000e-01 7.600000000000e+00
     vertex -3.700000000000e+00 -1.550000000000e-01 7.850000000000e+00
   endloop
 endfacet
 facet normal -0.000000000000e+00 0.000000000000e+00 -1.000000000000e+00
   outer loop
     vertex -3.100000000000e+00 -1.550000000000e-01 7.600000000000e+00
     vertex -3.700000000000e+00 -3.950000000000e-01 7.600000000000e+00
     vertex -3.700000000000e+00 -1.550000000000e-01 7.600000000000e+00
   endloop
 endfacet
 facet normal 0.000000000000e+00 -0.000000000000e+00 -1.000000000000e+00
   outer loop
     vertex -3.100000000000e+00 -1.550000000000e-01 7.600000000000e+00
     vertex -3.100000000000e+00 -3.950000000000e-01 7.600000000000e+00
     vertex -3.700000000000e+00 -3.950000000000e-01 7.600000000000e+00
   endloop
 endfacet
 facet normal 0.000000000000e+00 0.000000000000e+00 1.000000000000e+00
   outer loop
     vertex -3.100000000000e+00 -1.550000000000e-01 7.850000000000e+00
     vertex -3.700000000000e+00 -1.550000000000e-01 7.850000000000e+00
     vertex -3.700000000000e+00 -3.950000000000e-01 7.850000000000e+00
   endloop
 endfacet
 facet normal 0.000000000000e+00 0.000000000000e+00 1.000000000000e+00
   outer loop
     vertex -3.100000000000e+00 -1.550000000000e-01 7.850000000000e+00
     vertex -3.700000000000e+00 -3.950000000000e-01 7.850000000000e+00
     vertex -3.100000000000e+00 -3.950000000000e-01 7.850000000000e+00
   endloop
 endfacet
 facet normal -1.000000000000e+00 0.000000000000e+00 0.000000000000e+00
   outer loop
     vertex 1.300000000000e+00 -3.950000000000e-01 7.850000000000e+00
     vertex 1.300000000000e+00 -1.550000000000e-01 7.600000000000e+00
     vertex 1.300000000000e+00 -3.950000000000e-01 7.600000000000e+00
   endloop
 endfacet
 facet normal -1.000000000000e+00 0.000000000000e+00 0.000000000000e+00
   outer loop
     vertex 1.300000000000e+00 -3.950000000000e-01 7.850000000000e+00
     vertex 1.300000000000e+00 -1.550000000000e-01 7.850000000000e+00
     vertex 1.300000000000e+00 -1.550000000000e-01 7.600000000000e+00
   endloop
 endfacet
 facet normal 1.000000000000e+00 0.000000000000e+00 0.000000000000e+00
   outer loop
     vertex 1.900000000000e+00 -3.950000000000e-01 7.850000000000e+00
     vertex 1.900000000000e+00 -3.950000000000e-01 7.600000000000e+00
     vertex 1.900000000000e+00 -1.550000000000e-01 7.600000000000e+00
   endloop
 endfacet
 facet normal 1.000000000000e+00 -0.000000000000e+00 0.000000000000e+00
   outer loop
     vertex 1.900000000000e+00 -3.950000000000e-01 7.850000000000e+00
     vertex 1.900000000000e+00 -1.550000000000e-01 7.600000000000e+00
     vertex 1.900000000000e+00 -1.550000000000e-01 7.850000000000e+00
   endloop
 endfacet
 facet normal 0.000000000000e+00 -1.000000000000e+00 -0.000000000000e+00
   outer loop
     vertex 1.900000000000e+00 -3.950000000000e-01 7.850000000000e+00
     vertex 1.300000000000e+00 -3.950000000000e-01 7.600000000000e+00
     vertex 1.900000000000e+00 -3.950000000000e-01 7.600000000000e+00
   endloop
 endfacet
 facet normal -0.000000000000e+00 -1.000000000000e+00 0.000000000000e+00
   outer loop
     vertex 1.900000000000e+00 -3.950000000000e-01 7.850000000000e+00
     vertex 1.300000000000e+00 -3.950000000000e-01 7.850000000000e+00
     vertex 1.300000000000e+00 -3.950000000000e-01 7.600000000000e+00
   endloop
 endfacet
 facet normal 0.000000000000e+00 1.000000000000e+00 0.000000000000e+00
   outer loop
     vertex 1.900000000000e+00 -1.550000000000e-01 7.850000000000e+00
     vertex 1.900000000000e+00 -1.550000000000e-01 7.600000000000e+00
     vertex 1.300000000000e+00 -1.550000000000e-01 7.600000000000e+00
   endloop
 endfacet
 facet normal 0.000000000000e+00 1.000000000000e+00 0.000000000000e+00
   outer loop
     vertex 1.900000000000e+00 -1.550000000000e-01 7.850000000000e+00
     vertex 1.300000000000e+00 -1.550000000000e-01 7.600000000000e+00
     vertex 1.300000000000e+00 -1.550000000000e-01 7.850000000000e+00
   endloop
 endfacet
 facet normal -0.000000000000e+00 0.000000000000e+00 -1.000000000000e+00
   outer loop
     vertex 1.900000000000e+00 -1.550000000000e-01 7.600000000000e+00
     vertex 1.300000000000e+00 -3.950000000000e-01 7.600000000000e+00
     vertex 1.300000000000e+00 -1.550000000000e-01 7.600000000000e+00
   endloop
 endfacet
 facet normal 0.000000000000e+00 -0.000000000000e+00 -1.000000000000e+00
   outer loop
     vertex 1.900000000000e+00 -1.550000000000e-01 7.600000000000e+00
     vertex 1.900000000000e+00 -3.950000000000e-01 7.600000000000e+00
     vertex 1.300000000000e+00 -3.950000000000e-01 7.600000000000e+00
   endloop
 endfacet
 facet normal 0.000000000000e+00 0.000000000000e+00 1.000000000000e+00
   outer loop
     vertex 1.900000000000e+00 -1.550000000000e-01 7.850000000000e+00
     vertex 1.300000000000e+00 -1.550000000000e-01 7.850000000000e+00
     vertex 1.300000000000e+00 -3.950000000000e-01 7.850000000000e+00
   endloop
 endfacet
 facet normal 0.000000000000e+00 0.000000000000e+00 1.000000000000e+00
   outer loop
     vertex 1.900000000000e+00 -1.550000000000e-01 7.850000000000e+00
     vertex 1.300000000000e+00 -3.950000000000e-01 7.850000000000e+00
     vertex 1.900000000000e+00 -3.950000000000e-01 7.850000000000e+00
   endloop
 endfacet
 facet normal -1.000000000000e+00 0.000000000000e+00 0.000000000000e+00
   outer loop
     vertex -3.700000000000e+00 1.550000000000e-01 7.850000000000e+00
     vertex -3.700000000000e+00 3.950000000000e-01 7.600000000000e+00
     vertex -3.700000000000e+00 1.550000000000e-01 7.600000000000e+00
   endloop
 endfacet
 facet normal -1.000000000000e+00 0.000000000000e+00 0.000000000000e+00
   outer loop
     vertex -3.700000000000e+00 1.550000000000e-01 7.850000000000e+00
     vertex -3.700000000000e+00 3.950000000000e-01 7.850000000000e+00
     vertex -3.700000000000e+00 3.950000000000e-01 7.600000000000e+00
   endloop
 endfacet
 facet normal 1.000000000000e+00 0.000000000000e+00 0.000000000000e+00
   outer loop
     vertex -3.100000000000e+00 1.550000000000e-01 7.850000000000e+00
     vertex -3.100000000000e+00 1.550000000000e-01 7.600000000000e+00
     vertex -3.100000000000e+00 3.950000000000e-01 7.600000000000e+00
   endloop
 endfacet
 facet normal 1.000000000000e+00 -0.000000000000e+00 0.000000000000e+00
   outer loop
     vertex -3.100000000000e+00 1.550000000000e-01 7.850000000000e+00
     vertex -3.100000000000e+00 3.950000000000e-01 7.600000000000e+00
     vertex -3.100000000000e+00 3.950000000000e-01 7.850000000000e+00
   endloop
 endfacet
 facet normal 0.000000000000e+00 -1.000000000000e+00 -0.000000000000e+00
   outer loop
     vertex -3.100000000000e+00 1.550000000000e-01 7.850000000000e+00
     vertex -3.700000000000e+00 1.550000000000e-01 7.600000000000e+00
     vertex -3.100000000000e+00 1.550000000000e-01 7.600000000000e+00
   endloop
 endfacet
 facet normal -0.000000000000e+00 -1.000000000000e+00 0.000000000000e+00
   outer loop
     vertex -3.100000000000e+00 1.550000000000e-01 7.850000000000e+00
     vertex -3.700000000000e+00 1.550000000000e-01 7.850000000000e+00
     vertex -3.700000000000e+00 1.550000000000e-01 7.600000000000e+00
   endloop
 endfacet
 facet normal 0.000000000000e+00 1.000000000000e+00 0.000000000000e+00
   outer loop
     vertex -3.100000000000e+00 3.950000000000e-01 7.850000000000e+00
     vertex -3.100000000000e+00 3.950000000000e-01 7.600000000000e+00
     vertex -3.700000000000e+00 3.950000000000e-01 7.600000000000e+00
   endloop
 endfacet
 facet normal 0.000000000000e+00 1.000000000000e+00 0.000000000000e+00
   outer loop
     vertex -3.100000000000e+00 3.950000000000e-01 7.850000000000e+00
     vertex -3.700000000000e+00 3.950000000000e-01 7.600000000000e+00
     vertex -3.700000000000e+00 3.950000000000e-01 7.850000000000e+00
   endloop
 endfacet
 facet normal -0.000000000000e+00 0.000000000000e+00 -1.000000000000e+00
   outer loop
     vertex -3.100000000000e+00 3.950000000000e-01 7.600000000000e+00
     vertex -3.700000000000e+00 1.550000000000e-01 7.600000000000e+00
     vertex -3.700000000000e+00 3.950000000000e-01 7.600000000000e+00
   endloop
 endfacet
 facet normal 0.000000000000e+00 -0.000000000000e+00 -1.000000000000e+00
   outer loop
     vertex -3.100000000000e+00 3.950000000000e-01 7.600000000000e+00
     vertex -3.100000000000e+00 1.550000000000e-01 7.600000000000e+00
     vertex -3.700000000000e+00 1.550000000000e-01 7.600000000000e+00
   endloop
 endfacet
 facet normal 0.000000000000e+00 0.000000000000e+00 1.000000000000e+00
   outer loop
     vertex -3.100000000000e+00 3.950000000000e-01 7.850000000000e+00
     vertex -3.700000000000e+00 3.950000000000e-01 7.850000000000e+00
     vertex -3.700000000000e+00 1.550000000000e-01 7.850000000000e+00
   endloop
 endfacet
 facet normal 0.000000000000e+00 0.000000000000e+00 1.000000000000e+00
   outer loop
     vertex -3.100000000000e+00 3.950000000000e-01 7.850000000000e+00
     vertex -3.700000000000e+00 1.550000000000e-01 7.850000000000e+00
     vertex -3.100000000000e+00 1.550000000000e-01 7.850000000000e+00
   endloop
 endfacet
 facet normal -1.000000000000e+00 0.000000000000e+00 0.000000000000e+00
   outer loop
     vertex 1.300000000000e+00 1.550000000000e-01 7.850000000000e+00
     vertex 1.300000000000e+00 3.950000000000e-01 7.600000000000e+00
     vertex 1.300000000000e+00 1.550000000000e-01 7.600000000000e+00
   endloop
 endfacet
 facet normal -1.000000000000e+00 0.000000000000e+00 0.000000000000e+00
   outer loop
     vertex 1.300000000000e+00 1.550000000000e-01 7.850000000000e+00
     vertex 1.300000000000e+00 3.950000000000e-01 7.850000000000e+00
     vertex 1.300000000000e+00 3.950000000000e-01 7.600000000000e+00
   endloop
 endfacet
 facet normal 1.000000000000e+00 0.000000000000e+00 0.000000000000e+00
   outer loop
     vertex 1.900000000000e+00 1.550000000000e-01 7.850000000000e+00
     vertex 1.900000000000e+00 1.550000000000e-01 7.600000000000e+00
     vertex 1.900000000000e+00 3.950000000000e-01 7.600000000000e+00
   endloop
 endfacet
 facet normal 1.000000000000e+00 -0.000000000000e+00 0.000000000000e+00
   outer loop
     vertex 1.900000000000e+00 1.550000000000e-01 7.850000000000e+00
     vertex 1.900000000000e+00 3.950000000000e-01 7.600000000000e+00
     vertex 1.900000000000e+00 3.950000000000e-01 7.850000000000e+00
   endloop
 endfacet
 facet normal 0.000000000000e+00 -1.000000000000e+00 -0.000000000000e+00
   outer loop
     vertex 1.900000000000e+00 1.550000000000e-01 7.850000000000e+00
     vertex 1.300000000000e+00 1.550000000000e-01 7.600000000000e+00
     vertex 1.900000000000e+00 1.550000000000e-01 7.600000000000e+00
   endloop
 endfacet
 facet normal -0.000000000000e+00 -1.000000000000e+00 0.000000000000e+00
   outer loop
     vertex 1.900000000000e+00 1.550000000000e-01 7.850000000000e+00
     vertex 1.300000000000e+00 1.550000000000e-01 7.850000000000e+00
     vertex 1.300000000000e+00 1.550000000000e-01 7.600000000000e+00
   endloop
 endfacet
 facet normal 0.000000000000e+00 1.000000000000e+00 0.000000000000e+00
   outer loop
     vertex 1.900000000000e+00 3.950000000000e-01 7.850000000000e+00
     vertex 1.900000000000e+00 3.950000000000e-01 7.600000000000e+00
     vertex 1.300000000000e+00 3.950000000000e-01 7.600000000000e+00
   endloop
 endfacet
 facet normal 0.000000000000e+00 1.000000000000e+00 0.000000000000e+00
   outer loop
     vertex 1.900000000000e+00 3.950000000000e-01 7.850000000000e+00
     vertex 1.300000000000e+00 3.950000000000e-01 7.600000000000e+00
     vertex 1.300000000000e+00 3.950000000000e-01 7.850000000000e+00
   endloop
 endfacet
 facet normal -0.000000000000e+00 0.000000000000e+00 -1.000000000000e+00
   outer loop
     vertex 1.900000000000e+00 3.950000000000e-01 7.600000000000e+00
     vertex 1.300000000000e+00 1.550000000000e-01 7.600000000000e+00
     vertex 1.300000000000e+00 3.950000000000e-01 7.600000000000e+00
   endloop
 endfacet
 facet normal 0.000000000000e+00 -0.000000000000e+00 -1.000000000000e+00
   outer loop
     vertex 1.900000000000e+00 3.950000000000e-01 7.600000000000e+00
     vertex 1.900000000000e+00 1.550000000000e-01 7.600000000000e+00
     vertex 1.300000000000e+00 1.550000000000e-01 7.600000000000e+00
   endloop
 endfacet
 facet normal 0.000000000000e+00 0.000000000000e+00 1.000000000000e+00
   outer loop
     vertex 1.900000000000e+00 3.950000000000e-01 7.850000000000e+00
     vertex 1.300000000000e+00 3.950000000000e-01 7.850000000000e+00
     vertex 1.300000000000e+00 1.550000000000e-01 7.850000000000e+00
   endloop
 endfacet
 facet normal 0.000000000000e+00 0.000000000000e+00 1.000000000000e+00
   outer loop
     vertex 1.900000000000e+00 3.950000000000e-01 7.850000000000e+00
     vertex 1.300000000000e+00 1.550000000000e-01 7.850000000000e+00
     vertex 1.900000000000e+00 1.550000000000e-01 7.850000000000e+00
   endloop
 endfacet
 facet normal -1.000000000000e+00 0.000000000000e+00 0.000000000000e+00
   outer loop
     vertex -3.700000000000e+00 7.050000000000e-01 7.850000000000e+00
     vertex -3.700000000000e+00 9.450000000000e-01 7.600000000000e+00
     vertex -3.700000000000e+00 7.050000000000e-01 7.600000000000e+00
   endloop
 endfacet
 facet normal -1.000000000000e+00 0.000000000000e+00 0.000000000000e+00
   outer loop
     vertex -3.700000000000e+00 7.050000000000e-01 7.850000000000e+00
     vertex -3.700000000000e+00 9.450000000000e-01 7.850000000000e+00
     vertex -3.700000000000e+00 9.450000000000e-01 7.600000000000e+00
   endloop
 endfacet
 facet normal 1.000000000000e+00 0.000000000000e+00 0.000000000000e+00
   outer loop
     vertex -3.100000000000e+00 7.050000000000e-01 7.850000000000e+00
     vertex -3.100000000000e+00 7.050000000000e-01 7.600000000000e+00
     vertex -3.100000000000e+00 9.450000000000e-01 7.600000000000e+00
   endloop
 endfacet
 facet normal 1.000000000000e+00 -0.000000000000e+00 0.000000000000e+00
   outer loop
     vertex -3.100000000000e+00 7.050000000000e-01 7.850000000000e+00
     vertex -3.100000000000e+00 9.450000000000e-01 7.600000000000e+00
     vertex -3.100000000000e+00 9.450000000000e-01 7.850000000000e+00
   endloop
 endfacet
 facet normal 0.000000000000e+00 -1.000000000000e+00 -0.000000000000e+00
   outer loop
     vertex -3.100000000000e+00 7.050000000000e-01 7.850000000000e+00
     vertex -3.700000000000e+00 7.050000000000e-01 7.600000000000e+00
     vertex -3.100000000000e+00 7.050000000000e-01 7.600000000000e+00
   endloop
 endfacet
 facet normal -0.000000000000e+00 -1.000000000000e+00 0.000000000000e+00
   outer loop
     vertex -3.100000000000e+00 7.050000000000e-01 7.850000000000e+00
     vertex -3.700000000000e+00 7.050000000000e-01 7.850000000000e+00
     vertex -3.700000000000e+00 7.050000000000e-01 7.600000000000e+00
   endloop
 endfacet
 facet normal 0.000000000000e+00 1.000000000000e+00 0.000000000000e+00
   outer loop
     vertex -3.100000000000e+00 9.450000000000e-01 7.850000000000e+00
     vertex -3.100000000000e+00 9.450000000000e-01 7.600000000000e+00
     vertex -3.700000000000e+00 9.450000000000e-01 7.600000000000e+00
   endloop
 endfacet
 facet normal 0.000000000000e+00 1.000000000000e+00 0.000000000000e+00
   outer loop
     vertex -3.100000000000e+00 9.450000000000e-01 7.850000000000e+00
     vertex -3.700000000000e+00 9.450000000000e-01 7.600000000000e+00
     vertex -3.700000000000e+00 9.450000000000e-01 7.850000000000e+00
   endloop
 endfacet
 facet normal -0.000000000000e+00 0.000000000000e+00 -1.000000000000e+00
   outer loop
     vertex -3.100000000000e+00 9.450000000000e-01 7.600000000000e+00
     vertex -3.700000000000e+00 7.050000000000e-01 7.600000000000e+00
     vertex -3.700000000000e+00 9.450000000000e-01 7.600000000000e+00
   endloop
 endfacet
 facet normal 0.000000000000e+00 -0.000000000000e+00 -1.000000000000e+00
   outer loop
     vertex -3.100000000000e+00 9.450000000000e-01 7.600000000000e+00
     vertex -3.100000000000e+00 7.050000000000e-01 7.600000000000e+00
     vertex -3.700000000000e+00 7.050000000000e-01 7.600000000000e+00
   endloop
 endfacet
 facet normal 0.000000000000e+00 0.000000000000e+00 1.000000000000e+00
   outer loop
     vertex -3.100000000000e+00 9.450000000000e-01 7.850000000000e+00
     vertex -3.700000000000e+00 9.450000000000e-01 7.850000000000e+00
     vertex -3.700000000000e+00 7.050000000000e-01 7.850000000000e+00
   endloop
 endfacet
 facet normal 0.000000000000e+00 0.000000000000e+00 1.000000000000e+00
   outer loop
     vertex -3.100000000000e+00 9.450000000000e-01 7.850000000000e+00
     vertex -3.700000000000e+00 7.050000000000e-01 7.850000000000e+00
     vertex -3.100000000000e+00 7.050000000000e-01 7.850000000000e+00
   endloop
 endfacet
 facet normal -1.000000000000e+00 0.000000000000e+00 0.000000000000e+00
   outer loop
     vertex 1.300000000000e+00 7.050000000000e-01 7.850000000000e+00
     vertex 1.300000000000e+00 9.450000000000e-01 7.600000000000e+00
     vertex 1.300000000000e+00 7.050000000000e-01 7.600000000000e+00
   endloop
 endfacet
 facet normal -1.000000000000e+00 0.000000000000e+00 0.000000000000e+00
   outer loop
     vertex 1.300000000000e+00 7.050000000000e-01 7.850000000000e+00
     vertex 1.300000000000e+00 9.450000000000e-01 7.850000000000e+00
     vertex 1.300000000000e+00 9.450000000000e-01 7.600000000000e+00
   endloop
 endfacet
 facet normal 1.000000000000e+00 0.000000000000e+00 0.000000000000e+00
   outer loop
     vertex 1.900000000000e+00 7.050000000000e-01 7.850000000000e+00
     vertex 1.900000000000e+00 7.050000000000e-01 7.600000000000e+00
     vertex 1.900000000000e+00 9.450000000000e-01 7.600000000000e+00
   endloop
 endfacet
 facet normal 1.000000000000e+00 -0.000000000000e+00 0.000000000000e+00
   outer loop
     vertex 1.900000000000e+00 7.050000000000e-01 7.850000000000e+00
     vertex 1.900000000000e+00 9.450000000000e-01 7.600000000000e+00
     vertex 1.900000000000e+00 9.450000000000e-01 7.850000000000e+00
   endloop
 endfacet
 facet normal 0.000000000000e+00 -1.000000000000e+00 -0.000000000000e+00
   outer loop
     vertex 1.900000000000e+00 7.050000000000e-01 7.850000000000e+00
     vertex 1.300000000000e+00 7.050000000000e-01 7.600000000000e+00
     vertex 1.900000000000e+00 7.050000000000e-01 7.600000000000e+00
   endloop
 endfacet
 facet normal -0.000000000000e+00 -1.000000000000e+00 0.000000000000e+00
   outer loop
     vertex 1.900000000000e+00 7.050000000000e-01 7.850000000000e+00
     vertex 1.300000000000e+00 7.050000000000e-01 7.850000000000e+00
     vertex 1.300000000000e+00 7.050000000000e-01 7.600000000000e+00
   endloop
 endfacet
 facet normal 0.000000000000e+00 1.000000000000e+00 0.000000000000e+00
   outer loop
     vertex 1.900000000000e+00 9.450000000000e-01 7.850000000000e+00
     vertex 1.900000000000e+00 9.450000000000e-01 7.600000000000e+00
     vertex 1.300000000000e+00 9.450000000000e-01 7.600000000000e+00
   endloop
 endfacet
 facet normal 0.000000000000e+00 1.000000000000e+00 0.000000000000e+00
   outer loop
     vertex 1.900000000000e+00 9.450000000000e-01 7.850000000000e+00
     vertex 1.300000000000e+00 9.450000000000e-01 7.600000000000e+00
     vertex 1.300000000000e+00 9.450000000000e-01 7.850000000000e+00
   endloop
 endfacet
 facet normal -0.000000000000e+00 0.000000000000e+00 -1.000000000000e+00
   outer loop
     vertex 1.900000000000e+00 9.450000000000e-01 7.600000000000e+00
     vertex 1.300000000000e+00 7.050000000000e-01 7.600000000000e+00
     vertex 1.300000000000e+00 9.450000000000e-01 7.600000000000e+00
   endloop
 endfacet
 facet normal 0.000000000000e+00 -0.000000000000e+00 -1.000000000000e+00
   outer loop
     vertex 1.900000000000e+00 9.450000000000e-01 7.600000000000e+00
     vertex 1.900000000000e+00 7.050000000000e-01 7.600000000000e+00
     vertex 1.300000000000e+00 7.050000000000e-01 7.600000000000e+00
   endloop
 endfacet
 facet normal 0.000000000000e+00 0.000000000000e+00 1.000000000000e+00
   outer loop
     vertex 1.900000000000e+00 9.450000000000e-01 7.850000000000e+00
     vertex 1.300000000000e+00 9.450000000000e-01 7.850000000000e+00
     vertex 1.300000000000e+00 7.050000000000e-01 7.850000000000e+00
   endloop
 endfacet
 facet normal 0.000000000000e+00 0.000000000000e+00 1.000000000000e+00
   outer loop
     vertex 1.900000000000e+00 9.450000000000e-01 7.850000000000e+00
     vertex 1.300000000000e+00 7.050000000000e-01 7.850000000000e+00
     vertex 1.900000000000e+00 7.050000000000e-01 7.850000000000e+00
   endloop
 endfacet
 facet normal -1.000000000000e+00 0.000000000000e+00 0.000000000000e+00
   outer loop
     vertex -3.700000000000e+00 1.255000000000e+00 7.850000000000e+00
     vertex -3.700000000000e+00 1.495000000000e+00 7.600000000000e+00
     vertex -3.700000000000e+00 1.255000000000e+00 7.600000000000e+00
   endloop
 endfacet
 facet normal -1.000000000000e+00 0.000000000000e+00 0.000000000000e+00
   outer loop
     vertex -3.700000000000e+00 1.255000000000e+00 7.850000000000e+00
     vertex -3.700000000000e+00 1.495000000000e+00 7.850000000000e+00
     vertex -3.700000000000e+00 1.495000000000e+00 7.600000000000e+00
   endloop
 endfacet
 facet normal 1.000000000000e+00 0.000000000000e+00 0.000000000000e+00
   outer loop
     vertex -3.100000000000e+00 1.255000000000e+00 7.850000000000e+00
     vertex -3.100000000000e+00 1.255000000000e+00 7.600000000000e+00
     vertex -3.100000000000e+00 1.495000000000e+00 7.600000000000e+00
   endloop
 endfacet
 facet normal 1.000000000000e+00 -0.000000000000e+00 0.000000000000e+00
   outer loop
     vertex -3.100000000000e+00 1.255000000000e+00 7.850000000000e+00
     vertex -3.100000000000e+00 1.495000000000e+00 7.600000000000e+00
     vertex -3.100000000000e+00 1.495000000000e+00 7.850000000000e+00
   endloop
 endfacet
 facet normal 0.000000000000e+00 -1.000000000000e+00 -0.000000000000e+00
   outer loop
     vertex -3.100000000000e+00 1.255000000000e+00 7.850000000000e+00
     vertex -3.700000000000e+00 1.255000000000e+00 7.600000000000e+00
     vertex -3.100000000000e+00 1.255000000000e+00 7.600000000000e+00
   endloop
 endfacet
 facet normal -0.000000000000e+00 -1.000000000000e+00 0.000000000000e+00
   outer loop
     vertex -3.100000000000e+00 1.255000000000e+00 7.850000000000e+00
     vertex -3.700000000000e+00 1.255000000000e+00 7.850000000000e+00
     vertex -3.700000000000e+00 1.255000000000e+00 7.600000000000e+00
   endloop
 endfacet
 facet normal 0.000000000000e+00 1.000000000000e+00 0.000000000000e+00
   outer loop
     vertex -3.100000000000e+00 1.495000000000e+00 7.850000000000e+00
     vertex -3.100000000000e+00 1.495000000000e+00 7.600000000000e+00
     vertex -3.700000000000e+00 1.495000000000e+00 7.600000000000e+00
   endloop
 endfacet
 facet normal 0.000000000000e+00 1.000000000000e+00 0.000000000000e+00
   outer loop
     vertex -3.100000000000e+00 1.495000000000e+00 7.850000000000e+00
     vertex -3.700000000000e+00 1.495000000000e+00 7.600000000000e+00
     vertex -3.700000000000e+00 1.495000000000e+00 7.850000000000e+00
   endloop
 endfacet
 facet normal -0.000000000000e+00 0.000000000000e+00 -1.000000000000e+00
   outer loop
     vertex -3.100000000000e+00 1.495000000000e+00 7.600000000000e+00
     vertex -3.700000000000e+00 1.255000000000e+00 7.600000000000e+00
     vertex -3.700000000000e+00 1.495000000000e+00 7.600000000000e+00
   endloop
 endfacet
 facet normal 0.000000000000e+00 -0.000000000000e+00 -1.000000000000e+00
   outer loop
     vertex -3.100000000000e+00 1.495000000000e+00 7.600000000000e+00
     vertex -3.100000000000e+00 1.255000000000e+00 7.600000000000e+00
     vertex -3.700000000000e+00 1.255000000000e+00 7.600000000000e+00
   endloop
 endfacet
 facet normal 0.000000000000e+00 0.000000000000e+00 1.000000000000e+00
   outer loop
     vertex -3.100000000000e+00 1.495000000000e+00 7.850000000000e+00
     vertex -3.700000000000e+00 1.495000000000e+00 7.850000000000e+00
     vertex -3.700000000000e+00 1.255000000000e+00 7.850000000000e+00
   endloop
 endfacet
 facet normal 0.000000000000e+00 0.000000000000e+00 1.000000000000e+00
   outer loop
     vertex -3.100000000000e+00 1.495000000000e+00 7.850000000000e+00
     vertex -3.700000000000e+00 1.255000000000e+00 7.850000000000e+00
     vertex -3.100000000000e+00 1.255000000000e+00 7.850000000000e+00
   endloop
 endfacet
 facet normal -1.000000000000e+00 0.000000000000e+00 0.000000000000e+00
   outer loop
     vertex 1.300000000000e+00 1.255000000000e+00 7.850000000000e+00
     vertex 1.300000000000e+00 1.495000000000e+00 7.600000000000e+00
     vertex 1.300000000000e+00 1.255000000000e+00 7.600000000000e+00
   endloop
 endfacet
 facet normal -1.000000000000e+00 0.000000000000e+00 0.000000000000e+00
   outer loop
     vertex 1.300000000000e+00 1.255000000000e+00 7.850000000000e+00
     vertex 1.300000000000e+00 1.495000000000e+00 7.850000000000e+00
     vertex 1.300000000000e+00 1.495000000000e+00 7.600000000000e+00
   endloop
 endfacet
 facet normal 1.000000000000e+00 0.000000000000e+00 0.000000000000e+00
   outer loop
     vertex 1.900000000000e+00 1.255000000000e+00 7.850000000000e+00
     vertex 1.900000000000e+00 1.255000000000e+00 7.600000000000e+00
     vertex 1.900000000000e+00 1.495000000000e+00 7.600000000000e+00
   endloop
 endfacet
 facet normal 1.000000000000e+00 -0.000000000000e+00 0.000000000000e+00
   outer loop
     vertex 1.900000000000e+00 1.255000000000e+00 7.850000000000e+00
     vertex 1.900000000000e+00 1.495000000000e+00 7.600000000000e+00
     vertex 1.900000000000e+00 1.495000000000e+00 7.850000000000e+00
   endloop
 endfacet
 facet normal 0.000000000000e+00 -1.000000000000e+00 -0.000000000000e+00
   outer loop
     vertex 1.900000000000e+00 1.255000000000e+00 7.850000000000e+00
     vertex 1.300000000000e+00 1.255000000000e+00 7.600000000000e+00
     vertex 1.900000000000e+00 1.255000000000e+00 7.600000000000e+00
   endloop
 endfacet
 facet normal -0.000000000000e+00 -1.000000000000e+00 0.000000000000e+00
   outer loop
     vertex 1.900000000000e+00 1.255000000000e+00 7.850000000000e+00
     vertex 1.300000000000e+00 1.255000000000e+00 7.850000000000e+00
     vertex 1.300000000000e+00 1.255000000000e+00 7.600000000000e+00
   endloop
 endfacet
 facet normal 0.000000000000e+00 1.000000000000e+00 0.000000000000e+00
   outer loop
     vertex 1.900000000000e+00 1.495000000000e+00 7.850000000000e+00
     vertex 1.900000000000e+00 1.495000000000e+00 7.600000000000e+00
     vertex 1.300000000000e+00 1.495000000000e+00 7.600000000000e+00
   endloop
 endfacet
 facet normal 0.000000000000e+00 1.000000000000e+00 0.000000000000e+00
   outer loop
     vertex 1.900000000000e+00 1.495000000000e+00 7.850000000000e+00
     vertex 1.300000000000e+00 1.495000000000e+00 7.600000000000e+00
     vertex 1.300000000000e+00 1.495000000000e+00 7.850000000000e+00
   endloop
 endfacet
 facet normal -0.000000000000e+00 0.000000000000e+00 -1.000000000000e+00
   outer loop
     vertex 1.900000000000e+00 1.495000000000e+00 7.600000000000e+00
     vertex 1.300000000000e+00 1.255000000000e+00 7.600000000000e+00
     vertex 1.300000000000e+00 1.495000000000e+00 7.600000000000e+00
   endloop
 endfacet
 facet normal 0.000000000000e+00 -0.000000000000e+00 -1.000000000000e+00
   outer loop
     vertex 1.900000000000e+00 1.495000000000e+00 7.600000000000e+00
     vertex 1.900000000000e+00 1.255000000000e+00 7.600000000000e+00
     vertex 1.300000000000e+00 1.255000000000e+00 7.600000000000e+00
   endloop
 endfacet
 facet normal 0.000000000000e+00 0.000000000000e+00 1.000000000000e+00
   outer loop
     vertex 1.900000000000e+00 1.495000000000e+00 7.850000000000e+00
     vertex 1.300000000000e+00 1.495000000000e+00 7.850000000000e+00
     vertex 1.300000000000e+00 1.255000000000e+00 7.850000000000e+00
   endloop
 endfacet
 facet normal 0.000000000000e+00 0.000000000000e+00 1.000000000000e+00
   outer loop
     vertex 1.900000000000e+00 1.495000000000e+00 7.850000000000e+00
     vertex 1.300000000000e+00 1.255000000000e+00 7.850000000000e+00
     vertex 1.900000000000e+00 1.255000000000e+00 7.850000000000e+00
   endloop
 endfacet
 facet normal -1.000000000000e+00 0.000000000000e+00 0.000000000000e+00
   outer loop
     vertex -3.700000000000e+00 1.805000000000e+00 7.850000000000e+00
     vertex -3.700000000000e+00 2.045000000000e+00 7.600000000000e+00
     vertex -3.700000000000e+00 1.805000000000e+00 7.600000000000e+00
   endloop
 endfacet
 facet normal -1.000000000000e+00 0.000000000000e+00 0.000000000000e+00
   outer loop
     vertex -3.700000000000e+00 1.805000000000e+00 7.850000000000e+00
     vertex -3.700000000000e+00 2.045000000000e+00 7.850000000000e+00
     vertex -3.700000000000e+00 2.045000000000e+00 7.600000000000e+00
   endloop
 endfacet
 facet normal 1.000000000000e+00 0.000000000000e+00 0.000000000000e+00
   outer loop
     vertex -3.100000000000e+00 1.805000000000e+00 7.850000000000e+00
     vertex -3.100000000000e+00 1.805000000000e+00 7.600000000000e+00
     vertex -3.100000000000e+00 2.045000000000e+00 7.600000000000e+00
   endloop
 endfacet
 facet normal 1.000000000000e+00 -0.000000000000e+00 0.000000000000e+00
   outer loop
     vertex -3.100000000000e+00 1.805000000000e+00 7.850000000000e+00
     vertex -3.100000000000e+00 2.045000000000e+00 7.600000000000e+00
     vertex -3.100000000000e+00 2.045000000000e+00 7.850000000000e+00
   endloop
 endfacet
 facet normal 0.000000000000e+00 -1.000000000000e+00 -0.000000000000e+00
   outer loop
     vertex -3.100000000000e+00 1.805000000000e+00 7.850000000000e+00
     vertex -3.700000000000e+00 1.805000000000e+00 7.600000000000e+00
     vertex -3.100000000000e+00 1.805000000000e+00 7.600000000000e+00
   endloop
 endfacet
 facet normal -0.000000000000e+00 -1.000000000000e+00 0.000000000000e+00
   outer loop
     vertex -3.100000000000e+00 1.805000000000e+00 7.850000000000e+00
     vertex -3.700000000000e+00 1.805000000000e+00 7.850000000000e+00
     vertex -3.700000000000e+00 1.805000000000e+00 7.600000000000e+00
   endloop
 endfacet
 facet normal 0.000000000000e+00 1.000000000000e+00 0.000000000000e+00
   outer loop
     vertex -3.100000000000e+00 2.045000000000e+00 7.850000000000e+00
     vertex -3.100000000000e+00 2.045000000000e+00 7.600000000000e+00
     vertex -3.700000000000e+00 2.045000000000e+00 7.600000000000e+00
   endloop
 endfacet
 facet normal 0.000000000000e+00 1.000000000000e+00 0.000000000000e+00
   outer loop
     vertex -3.100000000000e+00 2.045000000000e+00 7.850000000000e+00
     vertex -3.700000000000e+00 2.045000000000e+00 7.600000000000e+00
     vertex -3.700000000000e+00 2.045000000000e+00 7.850000000000e+00
   endloop
 endfacet
 facet normal -0.000000000000e+00 0.000000000000e+00 -1.000000000000e+00
   outer loop
     vertex -3.100000000000e+00 2.045000000000e+00 7.600000000000e+00
     vertex -3.700000000000e+00 1.805000000000e+00 7.600000000000e+00
     vertex -3.700000000000e+00 2.045000000000e+00 7.600000000000e+00
   endloop
 endfacet
 facet normal 0.000000000000e+00 -0.000000000000e+00 -1.000000000000e+00
   outer loop
     vertex -3.100000000000e+00 2.045000000000e+00 7.600000000000e+00
     vertex -3.100000000000e+00 1.805000000000e+00 7.600000000000e+00
     vertex -3.700000000000e+00 1.805000000000e+00 7.600000000000e+00
   endloop
 endfacet
 facet normal 0.000000000000e+00 0.000000000000e+00 1.000000000000e+00
   outer loop
     vertex -3.100000000000e+00 2.045000000000e+00 7.850000000000e+00
     vertex -3.700000000000e+00 2.045000000000e+00 7.850000000000e+00
     vertex -3.700000000000e+00 1.805000000000e+00 7.850000000000e+00
   endloop
 endfacet
 facet normal 0.000000000000e+00 0.000000000000e+00 1.000000000000e+00
   outer loop
     vertex -3.100000000000e+00 2.045000000000e+00 7.850000000000e+00
     vertex -3.700000000000e+00 1.805000000000e+00 7.850000000000e+00
     vertex -3.100000000000e+00 1.805000000000e+00 7.850000000000e+00
   endloop
 endfacet
 facet normal -1.000000000000e+00 0.000000000000e+00 0.000000000000e+00
   outer loop
     vertex 1.300000000000e+00 1.805000000000e+00 7.850000000000e+00
     vertex 1.300000000000e+00 2.045000000000e+00 7.600000000000e+00
     vertex 1.300000000000e+00 1.805000000000e+00 7.600000000000e+00
   endloop
 endfacet
 facet normal -1.000000000000e+00 0.000000000000e+00 0.000000000000e+00
   outer loop
     vertex 1.300000000000e+00 1.805000000000e+00 7.850000000000e+00
     vertex 1.300000000000e+00 2.045000000000e+00 7.850000000000e+00
     vertex 1.300000000000e+00 2.045000000000e+00 7.600000000000e+00
   endloop
 endfacet
 facet normal 1.000000000000e+00 0.000000000000e+00 0.000000000000e+00
   outer loop
     vertex 1.900000000000e+00 1.805000000000e+00 7.850000000000e+00
     vertex 1.900000000000e+00 1.805000000000e+00 7.600000000000e+00
     vertex 1.900000000000e+00 2.045000000000e+00 7.600000000000e+00
   endloop
 endfacet
 facet normal 1.000000000000e+00 -0.000000000000e+00 0.000000000000e+00
   outer loop
     vertex 1.900000000000e+00 1.805000000000e+00 7.850000000000e+00
     vertex 1.900000000000e+00 2.045000000000e+00 7.600000000000e+00
     vertex 1.900000000000e+00 2.045000000000e+00 7.850000000000e+00
   endloop
 endfacet
 facet normal 0.000000000000e+00 -1.000000000000e+00 -0.000000000000e+00
   outer loop
     vertex 1.900000000000e+00 1.805000000000e+00 7.850000000000e+00
     vertex 1.300000000000e+00 1.805000000000e+00 7.600000000000e+00
     vertex 1.900000000000e+00 1.805000000000e+00 7.600000000000e+00
   endloop
 endfacet
 facet normal -0.000000000000e+00 -1.000000000000e+00 0.000000000000e+00
   outer loop
     vertex 1.900000000000e+00 1.805000000000e+00 7.850000000000e+00
     vertex 1.300000000000e+00 1.805000000000e+00 7.850000000000e+00
     vertex 1.300000000000e+00 1.805000000000e+00 7.600000000000e+00
   endloop
 endfacet
 facet normal 0.000000000000e+00 1.000000000000e+00 0.000000000000e+00
   outer loop
     vertex 1.900000000000e+00 2.045000000000e+00 7.850000000000e+00
     vertex 1.900000000000e+00 2.045000000000e+00 7.600000000000e+00
     vertex 1.300000000000e+00 2.045000000000e+00 7.600000000000e+00
   endloop
 endfacet
 facet normal 0.000000000000e+00 1.000000000000e+00 0.000000000000e+00
   outer loop
     vertex 1.900000000000e+00 2.045000000000e+00 7.850000000000e+00
     vertex 1.300000000000e+00 2.045000000000e+00 7.600000000000e+00
     vertex 1.300000000000e+00 2.045000000000e+00 7.850000000000e+00
   endloop
 endfacet
 facet normal -0.000000000000e+00 0.000000000000e+00 -1.000000000000e+00
   outer loop
     vertex 1.900000000000e+00 2.045000000000e+00 7.600000000000e+00
     vertex 1.300000000000e+00 1.805000000000e+00 7.600000000000e+00
     vertex 1.300000000000e+00 2.045000000000e+00 7.600000000000e+00
   endloop
 endfacet
 facet normal 0.000000000000e+00 -0.000000000000e+00 -1.000000000000e+00
   outer loop
     vertex 1.900000000000e+00 2.045000000000e+00 7.600000000000e+00
     vertex 1.900000000000e+00 1.805000000000e+00 7.600000000000e+00
     vertex 1.300000000000e+00 1.805000000000e+00 7.600000000000e+00
   endloop
 endfacet
 facet normal 0.000000000000e+00 0.000000000000e+00 1.000000000000e+00
   outer loop
     vertex 1.900000000000e+00 2.045000000000e+00 7.850000000000e+00
     vertex 1.300000000000e+00 2.045000000000e+00 7.850000000000e+00
     vertex 1.300000000000e+00 1.805000000000e+00 7.850000000000e+00
   endloop
 endfacet
 facet normal 0.000000000000e+00 0.000000000000e+00 1.000000000000e+00
   outer loop
     vertex 1.900000000000e+00 2.045000000000e+00 7.850000000000e+00
     vertex 1.300000000000e+00 1.805000000000e+00 7.850000000000e+00
     vertex 1.900000000000e+00 1.805000000000e+00 7.850000000000e+00
   endloop
 endfacet
 facet normal -1.000000000000e+00 0.000000000000e+00 0.000000000000e+00
   outer loop
     vertex -3.700000000000e+00 2.355000000000e+00 7.850000000000e+00
     vertex -3.700000000000e+00 2.595000000000e+00 7.600000000000e+00
     vertex -3.700000000000e+00 2.355000000000e+00 7.600000000000e+00
   endloop
 endfacet
 facet normal -1.000000000000e+00 0.000000000000e+00 0.000000000000e+00
   outer loop
     vertex -3.700000000000e+00 2.355000000000e+00 7.850000000000e+00
     vertex -3.700000000000e+00 2.595000000000e+00 7.850000000000e+00
     vertex -3.700000000000e+00 2.595000000000e+00 7.600000000000e+00
   endloop
 endfacet
 facet normal 1.000000000000e+00 0.000000000000e+00 0.000000000000e+00
   outer loop
     vertex -3.100000000000e+00 2.355000000000e+00 7.850000000000e+00
     vertex -3.100000000000e+00 2.355000000000e+00 7.600000000000e+00
     vertex -3.100000000000e+00 2.595000000000e+00 7.600000000000e+00
   endloop
 endfacet
 facet normal 1.000000000000e+00 -0.000000000000e+00 0.000000000000e+00
   outer loop
     vertex -3.100000000000e+00 2.355000000000e+00 7.850000000000e+00
     vertex -3.100000000000e+00 2.595000000000e+00 7.600000000000e+00
     vertex -3.100000000000e+00 2.595000000000e+00 7.850000000000e+00
   endloop
 endfacet
 facet normal 0.000000000000e+00 -1.000000000000e+00 -0.000000000000e+00
   outer loop
     vertex -3.100000000000e+00 2.355000000000e+00 7.850000000000e+00
     vertex -3.700000000000e+00 2.355000000000e+00 7.600000000000e+00
     vertex -3.100000000000e+00 2.355000000000e+00 7.600000000000e+00
   endloop
 endfacet
 facet normal -0.000000000000e+00 -1.000000000000e+00 0.000000000000e+00
   outer loop
     vertex -3.100000000000e+00 2.355000000000e+00 7.850000000000e+00
     vertex -3.700000000000e+00 2.355000000000e+00 7.850000000000e+00
     vertex -3.700000000000e+00 2.355000000000e+00 7.600000000000e+00
   endloop
 endfacet
 facet normal 0.000000000000e+00 1.000000000000e+00 0.000000000000e+00
   outer loop
     vertex -3.100000000000e+00 2.595000000000e+00 7.850000000000e+00
     vertex -3.100000000000e+00 2.595000000000e+00 7.600000000000e+00
     vertex -3.700000000000e+00 2.595000000000e+00 7.600000000000e+00
   endloop
 endfacet
 facet normal 0.000000000000e+00 1.000000000000e+00 0.000000000000e+00
   outer loop
     vertex -3.100000000000e+00 2.595000000000e+00 7.850000000000e+00
     vertex -3.700000000000e+00 2.595000000000e+00 7.600000000000e+00
     vertex -3.700000000000e+00 2.595000000000e+00 7.850000000000e+00
   endloop
 endfacet
 facet normal -0.000000000000e+00 0.000000000000e+00 -1.000000000000e+00
   outer loop
     vertex -3.100000000000e+00 2.595000000000e+00 7.600000000000e+00
     vertex -3.700000000000e+00 2.355000000000e+00 7.600000000000e+00
     vertex -3.700000000000e+00 2.595000000000e+00 7.600000000000e+00
   endloop
 endfacet
 facet normal 0.000000000000e+00 -0.000000000000e+00 -1.000000000000e+00
   outer loop
     vertex -3.100000000000e+00 2.595000000000e+00 7.600000000000e+00
     vertex -3.100000000000e+00 2.355000000000e+00 7.600000000000e+00
     vertex -3.700000000000e+00 2.355000000000e+00 7.600000000000e+00
   endloop
 endfacet
 facet normal 0.000000000000e+00 0.000000000000e+00 1.000000000000e+00
   outer loop
     vertex -3.100000000000e+00 2.595000000000e+00 7.850000000000e+00
     vertex -3.700000000000e+00 2.595000000000e+00 7.850000000000e+00
     vertex -3.700000000000e+00 2.355000000000e+00 7.850000000000e+00
   endloop
 endfacet
 facet normal 0.000000000000e+00 0.000000000000e+00 1.000000000000e+00
   outer loop
     vertex -3.100000000000e+00 2.595000000000e+00 7.850000000000e+00
     vertex -3.700000000000e+00 2.355000000000e+00 7.850000000000e+00
     vertex -3.100000000000e+00 2.355000000000e+00 7.850000000000e+00
   endloop
 endfacet
 facet normal -1.000000000000e+00 0.000000000000e+00 0.000000000000e+00
   outer loop
     vertex 1.300000000000e+00 2.355000000000e+00 7.850000000000e+00
     vertex 1.300000000000e+00 2.595000000000e+00 7.600000000000e+00
     vertex 1.300000000000e+00 2.355000000000e+00 7.600000000000e+00
   endloop
 endfacet
 facet normal -1.000000000000e+00 0.000000000000e+00 0.000000000000e+00
   outer loop
     vertex 1.300000000000e+00 2.355000000000e+00 7.850000000000e+00
     vertex 1.300000000000e+00 2.595000000000e+00 7.850000000000e+00
     vertex 1.300000000000e+00 2.595000000000e+00 7.600000000000e+00
   endloop
 endfacet
 facet normal 1.000000000000e+00 0.000000000000e+00 0.000000000000e+00
   outer loop
     vertex 1.900000000000e+00 2.355000000000e+00 7.850000000000e+00
     vertex 1.900000000000e+00 2.355000000000e+00 7.600000000000e+00
     vertex 1.900000000000e+00 2.595000000000e+00 7.600000000000e+00
   endloop
 endfacet
 facet normal 1.000000000000e+00 -0.000000000000e+00 0.000000000000e+00
   outer loop
     vertex 1.900000000000e+00 2.355000000000e+00 7.850000000000e+00
     vertex 1.900000000000e+00 2.595000000000e+00 7.600000000000e+00
     vertex 1.900000000000e+00 2.595000000000e+00 7.850000000000e+00
   endloop
 endfacet
 facet normal 0.000000000000e+00 -1.000000000000e+00 -0.000000000000e+00
   outer loop
     vertex 1.900000000000e+00 2.355000000000e+00 7.850000000000e+00
     vertex 1.300000000000e+00 2.355000000000e+00 7.600000000000e+00
     vertex 1.900000000000e+00 2.355000000000e+00 7.600000000000e+00
   endloop
 endfacet
 facet normal -0.000000000000e+00 -1.000000000000e+00 0.000000000000e+00
   outer loop
     vertex 1.900000000000e+00 2.355000000000e+00 7.850000000000e+00
     vertex 1.300000000000e+00 2.355000000000e+00 7.850000000000e+00
     vertex 1.300000000000e+00 2.355000000000e+00 7.600000000000e+00
   endloop
 endfacet
 facet normal 0.000000000000e+00 1.000000000000e+00 0.000000000000e+00
   outer loop
     vertex 1.900000000000e+00 2.595000000000e+00 7.850000000000e+00
     vertex 1.900000000000e+00 2.595000000000e+00 7.600000000000e+00
     vertex 1.300000000000e+00 2.595000000000e+00 7.600000000000e+00
   endloop
 endfacet
 facet normal 0.000000000000e+00 1.000000000000e+00 0.000000000000e+00
   outer loop
     vertex 1.900000000000e+00 2.595000000000e+00 7.850000000000e+00
     vertex 1.300000000000e+00 2.595000000000e+00 7.600000000000e+00
     vertex 1.300000000000e+00 2.595000000000e+00 7.850000000000e+00
   endloop
 endfacet
 facet normal -0.000000000000e+00 0.000000000000e+00 -1.000000000000e+00
   outer loop
     vertex 1.900000000000e+00 2.595000000000e+00 7.600000000000e+00
     vertex 1.300000000000e+00 2.355000000000e+00 7.600000000000e+00
     vertex 1.300000000000e+00 2.595000000000e+00 7.600000000000e+00
   endloop
 endfacet
 facet normal 0.000000000000e+00 -0.000000000000e+00 -1.000000000000e+00
   outer loop
     vertex 1.900000000000e+00 2.595000000000e+00 7.600000000000e+00
     vertex 1.900000000000e+00 2.355000000000e+00 7.600000000000e+00
     vertex 1.300000000000e+00 2.355000000000e+00 7.600000000000e+00
   endloop
 endfacet
 facet normal 0.000000000000e+00 0.000000000000e+00 1.000000000000e+00
   outer loop
     vertex 1.900000000000e+00 2.595000000000e+00 7.850000000000e+00
     vertex 1.300000000000e+00 2.595000000000e+00 7.850000000000e+00
     vertex 1.300000000000e+00 2.355000000000e+00 7.850000000000e+00
   endloop
 endfacet
 facet normal 0.000000000000e+00 0.000000000000e+00 1.000000000000e+00
   outer loop
     vertex 1.900000000000e+00 2.595000000000e+00 7.850000000000e+00
     vertex 1.300000000000e+00 2.355000000000e+00 7.850000000000e+00
     vertex 1.900000000000e+00 2.355000000000e+00 7.850000000000e+00
   endloop
 endfacet
 facet normal -1.000000000000e+00 0.000000000000e+00 0.000000000000e+00
   outer loop
     vertex -3.700000000000e+00 2.905000000000e+00 7.850000000000e+00
     vertex -3.700000000000e+00 3.145000000000e+00 7.600000000000e+00
     vertex -3.700000000000e+00 2.905000000000e+00 7.600000000000e+00
   endloop
 endfacet
 facet normal -1.000000000000e+00 0.000000000000e+00 0.000000000000e+00
   outer loop
     vertex -3.700000000000e+00 2.905000000000e+00 7.850000000000e+00
     vertex -3.700000000000e+00 3.145000000000e+00 7.850000000000e+00
     vertex -3.700000000000e+00 3.145000000000e+00 7.600000000000e+00
   endloop
 endfacet
 facet normal 1.000000000000e+00 0.000000000000e+00 0.000000000000e+00
   outer loop
     vertex -3.100000000000e+00 2.905000000000e+00 7.850000000000e+00
     vertex -3.100000000000e+00 2.905000000000e+00 7.600000000000e+00
     vertex -3.100000000000e+00 3.145000000000e+00 7.600000000000e+00
   endloop
 endfacet
 facet normal 1.000000000000e+00 -0.000000000000e+00 0.000000000000e+00
   outer loop
     vertex -3.100000000000e+00 2.905000000000e+00 7.850000000000e+00
     vertex -3.100000000000e+00 3.145000000000e+00 7.600000000000e+00
     vertex -3.100000000000e+00 3.145000000000e+00 7.850000000000e+00
   endloop
 endfacet
 facet normal 0.000000000000e+00 -1.000000000000e+00 -0.000000000000e+00
   outer loop
     vertex -3.100000000000e+00 2.905000000000e+00 7.850000000000e+00
     vertex -3.700000000000e+00 2.905000000000e+00 7.600000000000e+00
     vertex -3.100000000000e+00 2.905000000000e+00 7.600000000000e+00
   endloop
 endfacet
 facet normal -0.000000000000e+00 -1.000000000000e+00 0.000000000000e+00
   outer loop
     vertex -3.100000000000e+00 2.905000000000e+00 7.850000000000e+00
     vertex -3.700000000000e+00 2.905000000000e+00 7.850000000000e+00
     vertex -3.700000000000e+00 2.905000000000e+00 7.600000000000e+00
   endloop
 endfacet
 facet normal 0.000000000000e+00 1.000000000000e+00 0.000000000000e+00
   outer loop
     vertex -3.100000000000e+00 3.145000000000e+00 7.850000000000e+00
     vertex -3.100000000000e+00 3.145000000000e+00 7.600000000000e+00
     vertex -3.700000000000e+00 3.145000000000e+00 7.600000000000e+00
   endloop
 endfacet
 facet normal 0.000000000000e+00 1.000000000000e+00 0.000000000000e+00
   outer loop
     vertex -3.100000000000e+00 3.145000000000e+00 7.850000000000e+00
     vertex -3.700000000000e+00 3.145000000000e+00 7.600000000000e+00
     vertex -3.700000000000e+00 3.145000000000e+00 7.850000000000e+00
   endloop
 endfacet
 facet normal -0.000000000000e+00 0.000000000000e+00 -1.000000000000e+00
   outer loop
     vertex -3.100000000000e+00 3.145000000000e+00 7.600000000000e+00
     vertex -3.700000000000e+00 2.905000000000e+00 7.600000000000e+00
     vertex -3.700000000000e+00 3.145000000000e+00 7.600000000000e+00
   endloop
 endfacet
 facet normal 0.000000000000e+00 -0.000000000000e+00 -1.000000000000e+00
   outer loop
     vertex -3.100000000000e+00 3.145000000000e+00 7.600000000000e+00
     vertex -3.100000000000e+00 2.905000000000e+00 7.600000000000e+00
     vertex -3.700000000000e+00 2.905000000000e+00 7.600000000000e+00
   endloop
 endfacet
 facet normal 0.000000000000e+00 0.000000000000e+00 1.000000000000e+00
   outer loop
     vertex -3.100000000000e+00 3.145000000000e+00 7.850000000000e+00
     vertex -3.700000000000e+00 3.145000000000e+00 7.850000000000e+00
     vertex -3.700000000000e+00 2.905000000000e+00 7.850000000000e+00
   endloop
 endfacet
 facet normal 0.000000000000e+00 0.000000000000e+00 1.000000000000e+00
   outer loop
     vertex -3.100000000000e+00 3.145000000000e+00 7.850000000000e+00
     vertex -3.700000000000e+00 2.905000000000e+00 7.850000000000e+00
     vertex -3.100000000000e+00 2.905000000000e+00 7.850000000000e+00
   endloop
 endfacet
 facet normal -1.000000000000e+00 0.000000000000e+00 0.000000000000e+00
   outer loop
     vertex 1.300000000000e+00 2.905000000000e+00 7.850000000000e+00
     vertex 1.300000000000e+00 3.145000000000e+00 7.600000000000e+00
     vertex 1.300000000000e+00 2.905000000000e+00 7.600000000000e+00
   endloop
 endfacet
 facet normal -1.000000000000e+00 0.000000000000e+00 0.000000000000e+00
   outer loop
     vertex 1.300000000000e+00 2.905000000000e+00 7.850000000000e+00
     vertex 1.300000000000e+00 3.145000000000e+00 7.850000000000e+00
     vertex 1.300000000000e+00 3.145000000000e+00 7.600000000000e+00
   endloop
 endfacet
 facet normal 1.000000000000e+00 0.000000000000e+00 0.000000000000e+00
   outer loop
     vertex 1.900000000000e+00 2.905000000000e+00 7.850000000000e+00
     vertex 1.900000000000e+00 2.905000000000e+00 7.600000000000e+00
     vertex 1.900000000000e+00 3.145000000000e+00 7.600000000000e+00
   endloop
 endfacet
 facet normal 1.000000000000e+00 -0.000000000000e+00 0.000000000000e+00
   outer loop
     vertex 1.900000000000e+00 2.905000000000e+00 7.850000000000e+00
     vertex 1.900000000000e+00 3.145000000000e+00 7.600000000000e+00
     vertex 1.900000000000e+00 3.145000000000e+00 7.850000000000e+00
   endloop
 endfacet
 facet normal 0.000000000000e+00 -1.000000000000e+00 -0.000000000000e+00
   outer loop
     vertex 1.900000000000e+00 2.905000000000e+00 7.850000000000e+00
     vertex 1.300000000000e+00 2.905000000000e+00 7.600000000000e+00
     vertex 1.900000000000e+00 2.905000000000e+00 7.600000000000e+00
   endloop
 endfacet
 facet normal -0.000000000000e+00 -1.000000000000e+00 0.000000000000e+00
   outer loop
     vertex 1.900000000000e+00 2.905000000000e+00 7.850000000000e+00
     vertex 1.300000000000e+00 2.905000000000e+00 7.850000000000e+00
     vertex 1.300000000000e+00 2.905000000000e+00 7.600000000000e+00
   endloop
 endfacet
 facet normal 0.000000000000e+00 1.000000000000e+00 0.000000000000e+00
   outer loop
     vertex 1.900000000000e+00 3.145000000000e+00 7.850000000000e+00
     vertex 1.900000000000e+00 3.145000000000e+00 7.600000000000e+00
     vertex 1.300000000000e+00 3.145000000000e+00 7.600000000000e+00
   endloop
 endfacet
 facet normal 0.000000000000e+00 1.000000000000e+00 0.000000000000e+00
   outer loop
     vertex 1.900000000000e+00 3.145000000000e+00 7.850000000000e+00
     vertex 1.300000000000e+00 3.145000000000e+00 7.600000000000e+00
     vertex 1.300000000000e+00 3.145000000000e+00 7.850000000000e+00
   endloop
 endfacet
 facet normal -0.000000000000e+00 0.000000000000e+00 -1.000000000000e+00
   outer loop
     vertex 1.900000000000e+00 3.145000000000e+00 7.600000000000e+00
     vertex 1.300000000000e+00 2.905000000000e+00 7.600000000000e+00
     vertex 1.300000000000e+00 3.145000000000e+00 7.600000000000e+00
   endloop
 endfacet
 facet normal 0.000000000000e+00 -0.000000000000e+00 -1.000000000000e+00
   outer loop
     vertex 1.900000000000e+00 3.145000000000e+00 7.600000000000e+00
     vertex 1.900000000000e+00 2.905000000000e+00 7.600000000000e+00
     vertex 1.300000000000e+00 2.905000000000e+00 7.600000000000e+00
   endloop
 endfacet
 facet normal 0.000000000000e+00 0.000000000000e+00 1.000000000000e+00
   outer loop
     vertex 1.900000000000e+00 3.145000000000e+00 7.850000000000e+00
     vertex 1.300000000000e+00 3.145000000000e+00 7.850000000000e+00
     vertex 1.300000000000e+00 2.905000000000e+00 7.850000000000e+00
   endloop
 endfacet
 facet normal 0.000000000000e+00 0.000000000000e+00 1.000000000000e+00
   outer loop
     vertex 1.900000000000e+00 3.145000000000e+00 7.850000000000e+00
     vertex 1.300000000000e+00 2.905000000000e+00 7.850000000000e+00
     vertex 1.900000000000e+00 2.905000000000e+00 7.850000000000e+00
   endloop
 endfacet
 facet normal -1.000000000000e+00 0.000000000000e+00 0.000000000000e+00
   outer loop
     vertex -3.700000000000e+00 3.455000000000e+00 7.850000000000e+00
     vertex -3.700000000000e+00 3.695000000000e+00 7.600000000000e+00
     vertex -3.700000000000e+00 3.455000000000e+00 7.600000000000e+00
   endloop
 endfacet
 facet normal -1.000000000000e+00 0.000000000000e+00 0.000000000000e+00
   outer loop
     vertex -3.700000000000e+00 3.455000000000e+00 7.850000000000e+00
     vertex -3.700000000000e+00 3.695000000000e+00 7.850000000000e+00
     vertex -3.700000000000e+00 3.695000000000e+00 7.600000000000e+00
   endloop
 endfacet
 facet normal 1.000000000000e+00 0.000000000000e+00 0.000000000000e+00
   outer loop
     vertex -3.100000000000e+00 3.455000000000e+00 7.850000000000e+00
     vertex -3.100000000000e+00 3.455000000000e+00 7.600000000000e+00
     vertex -3.100000000000e+00 3.695000000000e+00 7.600000000000e+00
   endloop
 endfacet
 facet normal 1.000000000000e+00 -0.000000000000e+00 0.000000000000e+00
   outer loop
     vertex -3.100000000000e+00 3.455000000000e+00 7.850000000000e+00
     vertex -3.100000000000e+00 3.695000000000e+00 7.600000000000e+00
     vertex -3.100000000000e+00 3.695000000000e+00 7.850000000000e+00
   endloop
 endfacet
 facet normal 0.000000000000e+00 -1.000000000000e+00 -0.000000000000e+00
   outer loop
     vertex -3.100000000000e+00 3.455000000000e+00 7.850000000000e+00
     vertex -3.700000000000e+00 3.455000000000e+00 7.600000000000e+00
     vertex -3.100000000000e+00 3.455000000000e+00 7.600000000000e+00
   endloop
 endfacet
 facet normal -0.000000000000e+00 -1.000000000000e+00 0.000000000000e+00
   outer loop
     vertex -3.100000000000e+00 3.455000000000e+00 7.850000000000e+00
     vertex -3.700000000000e+00 3.455000000000e+00 7.850000000000e+00
     vertex -3.700000000000e+00 3.455000000000e+00 7.600000000000e+00
   endloop
 endfacet
 facet normal 0.000000000000e+00 1.000000000000e+00 0.000000000000e+00
   outer loop
     vertex -3.100000000000e+00 3.695000000000e+00 7.850000000000e+00
     vertex -3.100000000000e+00 3.695000000000e+00 7.600000000000e+00
     vertex -3.700000000000e+00 3.695000000000e+00 7.600000000000e+00
   endloop
 endfacet
 facet normal 0.000000000000e+00 1.000000000000e+00 0.000000000000e+00
   outer loop
     vertex -3.100000000000e+00 3.695000000000e+00 7.850000000000e+00
     vertex -3.700000000000e+00 3.695000000000e+00 7.600000000000e+00
     vertex -3.700000000000e+00 3.695000000000e+00 7.850000000000e+00
   endloop
 endfacet
 facet normal -0.000000000000e+00 0.000000000000e+00 -1.000000000000e+00
   outer loop
     vertex -3.100000000000e+00 3.695000000000e+00 7.600000000000e+00
     vertex -3.700000000000e+00 3.455000000000e+00 7.600000000000e+00
     vertex -3.700000000000e+00 3.695000000000e+00 7.600000000000e+00
   endloop
 endfacet
 facet normal 0.000000000000e+00 -0.000000000000e+00 -1.000000000000e+00
   outer loop
     vertex -3.100000000000e+00 3.695000000000e+00 7.600000000000e+00
     vertex -3.100000000000e+00 3.455000000000e+00 7.600000000000e+00
     vertex -3.700000000000e+00 3.455000000000e+00 7.600000000000e+00
   endloop
 endfacet
 facet normal 0.000000000000e+00 0.000000000000e+00 1.000000000000e+00
   outer loop
     vertex -3.100000000000e+00 3.695000000000e+00 7.850000000000e+00
     vertex -3.700000000000e+00 3.695000000000e+00 7.850000000000e+00
     vertex -3.700000000000e+00 3.455000000000e+00 7.850000000000e+00
   endloop
 endfacet
 facet normal 0.000000000000e+00 0.000000000000e+00 1.000000000000e+00
   outer loop
     vertex -3.100000000000e+00 3.695000000000e+00 7.850000000000e+00
     vertex -3.700000000000e+00 3.455000000000e+00 7.850000000000e+00
     vertex -3.100000000000e+00 3.455000000000e+00 7.850000000000e+00
   endloop
 endfacet
 facet normal -1.000000000000e+00 0.000000000000e+00 0.000000000000e+00
   outer loop
     vertex 1.300000000000e+00 3.455000000000e+00 7.850000000000e+00
     vertex 1.300000000000e+00 3.695000000000e+00 7.600000000000e+00
     vertex 1.300000000000e+00 3.455000000000e+00 7.600000000000e+00
   endloop
 endfacet
 facet normal -1.000000000000e+00 0.000000000000e+00 0.000000000000e+00
   outer loop
     vertex 1.300000000000e+00 3.455000000000e+00 7.850000000000e+00
     vertex 1.300000000000e+00 3.695000000000e+00 7.850000000000e+00
     vertex 1.300000000000e+00 3.695000000000e+00 7.600000000000e+00
   endloop
 endfacet
 facet normal 1.000000000000e+00 0.000000000000e+00 0.000000000000e+00
   outer loop
     vertex 1.900000000000e+00 3.455000000000e+00 7.850000000000e+00
     vertex 1.900000000000e+00 3.455000000000e+00 7.600000000000e+00
     vertex 1.900000000000e+00 3.695000000000e+00 7.600000000000e+00
   endloop
 endfacet
 facet normal 1.000000000000e+00 -0.000000000000e+00 0.000000000000e+00
   outer loop
     vertex 1.900000000000e+00 3.455000000000e+00 7.850000000000e+00
     vertex 1.900000000000e+00 3.695000000000e+00 7.600000000000e+00
     vertex 1.900000000000e+00 3.695000000000e+00 7.850000000000e+00
   endloop
 endfacet
 facet normal 0.000000000000e+00 -1.000000000000e+00 -0.000000000000e+00
   outer loop
     vertex 1.900000000000e+00 3.455000000000e+00 7.850000000000e+00
     vertex 1.300000000000e+00 3.455000000000e+00 7.600000000000e+00
     vertex 1.900000000000e+00 3.455000000000e+00 7.600000000000e+00
   endloop
 endfacet
 facet normal -0.000000000000e+00 -1.000000000000e+00 0.000000000000e+00
   outer loop
     vertex 1.900000000000e+00 3.455000000000e+00 7.850000000000e+00
     vertex 1.300000000000e+00 3.455000000000e+00 7.850000000000e+00
     vertex 1.300000000000e+00 3.455000000000e+00 7.600000000000e+00
   endloop
 endfacet
 facet normal 0.000000000000e+00 1.000000000000e+00 0.000000000000e+00
   outer loop
     vertex 1.900000000000e+00 3.695000000000e+00 7.850000000000e+00
     vertex 1.900000000000e+00 3.695000000000e+00 7.600000000000e+00
     vertex 1.300000000000e+00 3.695000000000e+00 7.600000000000e+00
   endloop
 endfacet
 facet normal 0.000000000000e+00 1.000000000000e+00 0.000000000000e+00
   outer loop
     vertex 1.900000000000e+00 3.695000000000e+00 7.850000000000e+00
     vertex 1.300000000000e+00 3.695000000000e+00 7.600000000000e+00
     vertex 1.300000000000e+00 3.695000000000e+00 7.850000000000e+00
   endloop
 endfacet
 facet normal -0.000000000000e+00 0.000000000000e+00 -1.000000000000e+00
   outer loop
     vertex 1.900000000000e+00 3.695000000000e+00 7.600000000000e+00
     vertex 1.300000000000e+00 3.455000000000e+00 7.600000000000e+00
     vertex 1.300000000000e+00 3.695000000000e+00 7.600000000000e+00
   endloop
 endfacet
 facet normal 0.000000000000e+00 -0.000000000000e+00 -1.000000000000e+00
   outer loop
     vertex 1.900000000000e+00 3.695000000000e+00 7.600000000000e+00
     vertex 1.900000000000e+00 3.455000000000e+00 7.600000000000e+00
     vertex 1.300000000000e+00 3.455000000000e+00 7.600000000000e+00
   endloop
 endfacet
 facet normal 0.000000000000e+00 0.000000000000e+00 1.000000000000e+00
   outer loop
     vertex 1.900000000000e+00 3.695000000000e+00 7.850000000000e+00
     vertex 1.300000000000e+00 3.695000000000e+00 7.850000000000e+00
     vertex 1.300000000000e+00 3.455000000000e+00 7.850000000000e+00
   endloop
 endfacet
 facet normal 0.000000000000e+00 0.000000000000e+00 1.000000000000e+00
   outer loop
     vertex 1.900000000000e+00 3.695000000000e+00 7.850000000000e+00
     vertex 1.300000000000e+00 3.455000000000e+00 7.850000000000e+00
     vertex 1.900000000000e+00 3.455000000000e+00 7.850000000000e+00
   endloop
 endfacet
 facet normal -1.000000000000e+00 0.000000000000e+00 0.000000000000e+00
   outer loop
     vertex 5.800000000000e+00 -6.000000000000e+00 8.200000000000e+00
     vertex 5.800000000000e+00 6.000000000000e+00 7.600000000000e+00
     vertex 5.800000000000e+00 -6.000000000000e+00 7.600000000000e+00
   endloop
 endfacet
 facet normal -1.000000000000e+00 0.000000000000e+00 0.000000000000e+00
   outer loop
     vertex 5.800000000000e+00 -6.000000000000e+00 8.200000000000e+00
     vertex 5.800000000000e+00 6.000000000000e+00 8.200000000000e+00
     vertex 5.800000000000e+00 6.000000000000e+00 7.600000000000e+00
   endloop
 endfacet
 facet normal 1.000000000000e+00 0.000000000000e+00 0.000000000000e+00
   outer loop
     vertex 1.160000000000e+01 -6.000000000000e+00 8.200000000000e+00
     vertex 1.160000000000e+01 -6.000000000000e+00 7.600000000000e+00
     vertex 1.160000000000e+01 6.000000000000e+00 7.600000000000e+00
   endloop
 endfacet
 facet normal 1.000000000000e+00 -0.000000000000e+00 0.000000000000e+00
   outer loop
     vertex 1.160000000000e+01 -6.000000000000e+00 8.200000000000e+00
     vertex 1.160000000000e+01 6.000000000000e+00 7.600000000000e+00
     vertex 1.160000000000e+01 6.000000000000e+00 8.200000000000e+00
   endloop
 endfacet
 facet normal 0.000000000000e+00 -1.000000000000e+00 -0.000000000000e+00
   outer loop
     vertex 1.160000000000e+01 -6.000000000000e+00 8.200000000000e+00
     vertex 5.800000000000e+00 -6.000000000000e+00 7.600000000000e+00
     vertex 1.160000000000e+01 -6.000000000000e+00 7.600000000000e+00
   endloop
 endfacet
 facet normal -0.000000000000e+00 -1.000000000000e+00 0.000000000000e+00
   outer loop
     vertex 1.160000000000e+01 -6.000000000000e+00 8.200000000000e+00
     vertex 5.800000000000e+00 -6.000000000000e+00 8.200000000000e+00
     vertex 5.800000000000e+00 -6.000000000000e+00 7.600000000000e+00
   endloop
 endfacet
 facet normal 0.000000000000e+00 1.000000000000e+00 0.000000000000e+00
   outer loop
     vertex 1.160000000000e+01 6.000000000000e+00 8.200000000000e+00
     vertex 1.160000000000e+01 6.000000000000e+00 7.600000000000e+00
     vertex 5.800000000000e+00 6.000000000000e+00 7.600000000000e+00
   endloop
 endfacet
 facet normal 0.000000000000e+00 1.000000000000e+00 0.000000000000e+00
   outer loop
     vertex 1.160000000000e+01 6.000000000000e+00 8.200000000000e+00
     vertex 5.800000000000e+00 6.000000000000e+00 7.600000000000e+00
     vertex 5.800000000000e+00 6.000000000000e+00 8.200000000000e+00
   endloop
 endfacet
 facet normal -0.000000000000e+00 0.000000000000e+00 -1.000000000000e+00
   outer loop
     vertex 1.160000000000e+01 6.000000000000e+00 7.600000000000e+00
     vertex 5.800000000000e+00 -6.000000000000e+00 7.600000000000e+00
     vertex 5.800000000000e+00 6.000000000000e+00 7.600000000000e+00
   endloop
 endfacet
 facet normal 0.000000000000e+00 -0.000000000000e+00 -1.000000000000e+00
   outer loop
     vertex 1.160000000000e+01 6.000000000000e+00 7.600000000000e+00
     vertex 1.160000000000e+01 -6.000000000000e+00 7.600000000000e+00
     vertex 5.800000000000e+00 -6.000000000000e+00 7.600000000000e+00
   endloop
 endfacet
 facet normal 0.000000000000e+00 0.000000000000e+00 1.000000000000e+00
   outer loop
     vertex 1.160000000000e+01 6.000000000000e+00 8.200000000000e+00
     vertex 5.800000000000e+00 6.000000000000e+00 8.200000000000e+00
     vertex 5.800000000000e+00 -6.000000000000e+00 8.200000000000e+00
   endloop
 endfacet
 facet normal 0.000000000000e+00 0.000000000000e+00 1.000000000000e+00
   outer loop
     vertex 1.160000000000e+01 6.000000000000e+00 8.200000000000e+00
     vertex 5.800000000000e+00 -6.000000000000e+00 8.200000000000e+00
     vertex 1.160000000000e+01 -6.000000000000e+00 8.200000000000e+00
   endloop
 endfacet
 facet normal -1.000000000000e+00 0.000000000000e+00 0.000000000000e+00
   outer loop
     vertex 6.400000000000e+00 -3.400000000000e+00 1.090000000000e+01
     vertex 6.400000000000e+00 3.400000000000e+00 8.200000000000e+00
     vertex 6.400000000000e+00 -3.400000000000e+00 8.200000000000e+00
   endloop
 endfacet
 facet normal -1.000000000000e+00 0.000000000000e+00 0.000000000000e+00
   outer loop
     vertex 6.400000000000e+00 -3.400000000000e+00 1.090000000000e+01
     vertex 6.400000000000e+00 3.400000000000e+00 1.090000000000e+01
     vertex 6.400000000000e+00 3.400000000000e+00 8.200000000000e+00
   endloop
 endfacet
 facet normal 1.000000000000e+00 0.000000000000e+00 0.000000000000e+00
   outer loop
     vertex 1.080000000000e+01 -3.400000000000e+00 1.090000000000e+01
     vertex 1.080000000000e+01 -3.400000000000e+00 8.200000000000e+00
     vertex 1.080000000000e+01 3.400000000000e+00 8.200000000000e+00
   endloop
 endfacet
 facet normal 1.000000000000e+00 -0.000000000000e+00 0.000000000000e+00
   outer loop
     vertex 1.080000000000e+01 -3.400000000000e+00 1.090000000000e+01
     vertex 1.080000000000e+01 3.400000000000e+00 8.200000000000e+00
     vertex 1.080000000000e+01 3.400000000000e+00 1.090000000000e+01
   endloop
 endfacet
 facet normal 0.000000000000e+00 -1.000000000000e+00 -0.000000000000e+00
   outer loop
     vertex 1.080000000000e+01 -3.400000000000e+00 1.090000000000e+01
     vertex 6.400000000000e+00 -3.400000000000e+00 8.200000000000e+00
     vertex 1.080000000000e+01 -3.400000000000e+00 8.200000000000e+00
   endloop
 endfacet
 facet normal -0.000000000000e+00 -1.000000000000e+00 0.000000000000e+00
   outer loop
     vertex 1.080000000000e+01 -3.400000000000e+00 1.090000000000e+01
     vertex 6.400000000000e+00 -3.400000000000e+00 1.090000000000e+01
     vertex 6.400000000000e+00 -3.400000000000e+00 8.200000000000e+00
   endloop
 endfacet
 facet normal 0.000000000000e+00 1.000000000000e+00 0.000000000000e+00
   outer loop
     vertex 1.080000000000e+01 3.400000000000e+00 1.090000000000e+01
     vertex 1.080000000000e+01 3.400000000000e+00 8.200000000000e+00
     vertex 6.400000000000e+00 3.400000000000e+00 8.200000000000e+00
   endloop
 endfacet
 facet normal 0.000000000000e+00 1.000000000000e+00 0.000000000000e+00
   outer loop
     vertex 1.080000000000e+01 3.400000000000e+00 1.090000000000e+01
     vertex 6.400000000000e+00 3.400000000000e+00 8.200000000000e+00
     vertex 6.400000000000e+00 3.400000000000e+00 1.090000000000e+01
   endloop
 endfacet
 facet normal -0.000000000000e+00 0.000000000000e+00 -1.000000000000e+00
   outer loop
     vertex 1.080000000000e+01 3.400000000000e+00 8.200000000000e+00
     vertex 6.400000000000e+00 -3.400000000000e+00 8.200000000000e+00
     vertex 6.400000000000e+00 3.400000000000e+00 8.200000000000e+00
   endloop
 endfacet
 facet normal 0.000000000000e+00 -0.000000000000e+00 -1.000000000000e+00
   outer loop
     vertex 1.080000000000e+01 3.400000000000e+00 8.200000000000e+00
     vertex 1.080000000000e+01 -3.400000000000e+00 8.200000000000e+00
     vertex 6.400000000000e+00 -3.400000000000e+00 8.200000000000e+00
   endloop
 endfacet
 facet normal 0.000000000000e+00 0.000000000000e+00 1.000000000000e+00
   outer loop
     vertex 1.080000000000e+01 3.400000000000e+00 1.090000000000e+01
     vertex 6.400000000000e+00 3.400000000000e+00 1.090000000000e+01
     vertex 6.400000000000e+00 -3.400000000000e+00 1.090000000000e+01
   endloop
 endfacet
 facet normal 0.000000000000e+00 0.000000000000e+00 1.000000000000e+00
   outer loop
     vertex 1.080000000000e+01 3.400000000000e+00 1.090000000000e+01
     vertex 6.400000000000e+00 -3.400000000000e+00 1.090000000000e+01
     vertex 1.080000000000e+01 -3.400000000000e+00 1.090000000000e+01
   endloop
 endfacet
 facet normal 9.927088740981e-01 1.205366802553e-01 0.000000000000e+00
   outer loop
     vertex 1.073607199834e+01 -2.873505538567e+00 1.090000000000e+01
     vertex 1.080000000000e+01 -3.400000000000e+00 1.090000000000e+01
     vertex 1.080000000000e+01 -3.400000000000e+00 8.200000000000e+00
   endloop
 endfacet
 facet normal 9.927088740981e-01 1.205366802553e-01 0.000000000000e+00
   outer loop
     vertex 1.073607199834e+01 -2.873505538567e+00 1.090000000000e+01
     vertex 1.080000000000e+01 -3.400000000000e+00 8.200000000000e+00
     vertex 1.073607199834e+01 -2.873505538567e+00 8.200000000000e+00
   endloop
 endfacet
 facet normal 9.350162426854e-01 3.546048870425e-01 0.000000000000e+00
   outer loop
     vertex 1.054800325644e+01 -2.377609021504e+00 1.090000000000e+01
     vertex 1.073607199834e+01 -2.873505538567e+00 8.200000000000e+00
     vertex 1.054800325644e+01 -2.377609021504e+00 8.200000000000e+00
   endloop
 endfacet
 facet normal 8.229838658937e-01 5.680647467312e-01 0.000000000000e+00
   outer loop
     vertex 1.054800325644e+01 -2.377609021504e+00 1.090000000000e+01
     vertex 1.054800325644e+01 -2.377609021504e+00 8.200000000000e+00
     vertex 1.024672364598e+01 -1.941130151870e+00 8.200000000000e+00
   endloop
 endfacet
 facet normal 9.350162426854e-01 3.546048870425e-01 0.000000000000e+00
   outer loop
     vertex 1.054800325644e+01 -2.377609021504e+00 1.090000000000e+01
     vertex 1.073607199834e+01 -2.873505538567e+00 1.090000000000e+01
     vertex 1.073607199834e+01 -2.873505538567e+00 8.200000000000e+00
   endloop
 endfacet
 facet normal 8.229838658937e-01 5.680647467312e-01 0.000000000000e+00
   outer loop
     vertex 1.024672364598e+01 -1.941130151870e+00 1.090000000000e+01
     vertex 1.054800325644e+01 -2.377609021504e+00 1.090000000000e+01
     vertex 1.024672364598e+01 -1.941130151870e+00 8.200000000000e+00
   endloop
 endfacet
 facet normal 6.631226582408e-01 7.485107481711e-01 0.000000000000e+00
   outer loop
     vertex 9.849742442809e+00 -1.589435495034e+00 1.090000000000e+01
     vertex 1.024672364598e+01 -1.941130151870e+00 8.200000000000e+00
     vertex 9.849742442809e+00 -1.589435495034e+00 8.200000000000e+00
   endloop
 endfacet
 facet normal 4.647231720438e-01 8.854560256532e-01 0.000000000000e+00
   outer loop
     vertex 9.849742442809e+00 -1.589435495034e+00 1.090000000000e+01
     vertex 9.849742442809e+00 -1.589435495034e+00 8.200000000000e+00
     vertex 9.380130751494e+00 -1.342964266092e+00 8.200000000000e+00
   endloop
 endfacet
 facet normal 6.631226582408e-01 7.485107481711e-01 0.000000000000e+00
   outer loop
     vertex 9.849742442809e+00 -1.589435495034e+00 1.090000000000e+01
     vertex 1.024672364598e+01 -1.941130151870e+00 1.090000000000e+01
     vertex 1.024672364598e+01 -1.941130151870e+00 8.200000000000e+00
   endloop
 endfacet
 facet normal 2.393156642876e-01 9.709418174261e-01 0.000000000000e+00
   outer loop
     vertex 9.380130751494e+00 -1.342964266092e+00 1.090000000000e+01
     vertex 9.380130751494e+00 -1.342964266092e+00 8.200000000000e+00
     vertex 8.865180696562e+00 -1.216040476984e+00 8.200000000000e+00
   endloop
 endfacet
 facet normal 4.647231720438e-01 8.854560256532e-01 0.000000000000e+00
   outer loop
     vertex 9.380130751494e+00 -1.342964266092e+00 1.090000000000e+01
     vertex 9.849742442809e+00 -1.589435495034e+00 1.090000000000e+01
     vertex 9.380130751494e+00 -1.342964266092e+00 8.200000000000e+00
   endloop
 endfacet
 facet normal 2.393156642876e-01 9.709418174261e-01 0.000000000000e+00
   outer loop
     vertex 8.865180696562e+00 -1.216040476984e+00 1.090000000000e+01
     vertex 9.380130751494e+00 -1.342964266092e+00 1.090000000000e+01
     vertex 8.865180696562e+00 -1.216040476984e+00 8.200000000000e+00
   endloop
 endfacet
 facet normal 0.000000000000e+00 1.000000000000e+00 0.000000000000e+00
   outer loop
     vertex 8.334819303438e+00 -1.216040476984e+00 1.090000000000e+01
     vertex 8.865180696562e+00 -1.216040476984e+00 8.200000000000e+00
     vertex 8.334819303438e+00 -1.216040476984e+00 8.200000000000e+00
   endloop
 endfacet
 facet normal -0.000000000000e+00 1.000000000000e+00 0.000000000000e+00
   outer loop
     vertex 8.334819303438e+00 -1.216040476984e+00 1.090000000000e+01
     vertex 8.865180696562e+00 -1.216040476984e+00 1.090000000000e+01
     vertex 8.865180696562e+00 -1.216040476984e+00 8.200000000000e+00
   endloop
 endfacet
 facet normal -2.393156642876e-01 9.709418174261e-01 0.000000000000e+00
   outer loop
     vertex 7.819869248506e+00 -1.342964266092e+00 1.090000000000e+01
     vertex 8.334819303438e+00 -1.216040476984e+00 8.200000000000e+00
     vertex 7.819869248506e+00 -1.342964266092e+00 8.200000000000e+00
   endloop
 endfacet
 facet normal -4.647231720438e-01 8.854560256532e-01 0.000000000000e+00
   outer loop
     vertex 7.819869248506e+00 -1.342964266092e+00 1.090000000000e+01
     vertex 7.819869248506e+00 -1.342964266092e+00 8.200000000000e+00
     vertex 7.350257557191e+00 -1.589435495034e+00 8.200000000000e+00
   endloop
 endfacet
 facet normal -2.393156642876e-01 9.709418174261e-01 0.000000000000e+00
   outer loop
     vertex 7.819869248506e+00 -1.342964266092e+00 1.090000000000e+01
     vertex 8.334819303438e+00 -1.216040476984e+00 1.090000000000e+01
     vertex 8.334819303438e+00 -1.216040476984e+00 8.200000000000e+00
   endloop
 endfacet
 facet normal -6.631226582408e-01 7.485107481711e-01 0.000000000000e+00
   outer loop
     vertex 7.350257557191e+00 -1.589435495034e+00 1.090000000000e+01
     vertex 7.350257557191e+00 -1.589435495034e+00 8.200000000000e+00
     vertex 6.953276354024e+00 -1.941130151870e+00 8.200000000000e+00
   endloop
 endfacet
 facet normal -4.647231720438e-01 8.854560256532e-01 0.000000000000e+00
   outer loop
     vertex 7.350257557191e+00 -1.589435495034e+00 1.090000000000e+01
     vertex 7.819869248506e+00 -1.342964266092e+00 1.090000000000e+01
     vertex 7.350257557191e+00 -1.589435495034e+00 8.200000000000e+00
   endloop
 endfacet
 facet normal -6.631226582408e-01 7.485107481711e-01 0.000000000000e+00
   outer loop
     vertex 6.953276354024e+00 -1.941130151870e+00 1.090000000000e+01
     vertex 7.350257557191e+00 -1.589435495034e+00 1.090000000000e+01
     vertex 6.953276354024e+00 -1.941130151870e+00 8.200000000000e+00
   endloop
 endfacet
 facet normal -8.229838658937e-01 5.680647467312e-01 0.000000000000e+00
   outer loop
     vertex 6.651996743563e+00 -2.377609021504e+00 1.090000000000e+01
     vertex 6.953276354024e+00 -1.941130151870e+00 1.090000000000e+01
     vertex 6.953276354024e+00 -1.941130151870e+00 8.200000000000e+00
   endloop
 endfacet
 facet normal -8.229838658937e-01 5.680647467312e-01 0.000000000000e+00
   outer loop
     vertex 6.651996743563e+00 -2.377609021504e+00 1.090000000000e+01
     vertex 6.953276354024e+00 -1.941130151870e+00 8.200000000000e+00
     vertex 6.651996743563e+00 -2.377609021504e+00 8.200000000000e+00
   endloop
 endfacet
 facet normal -9.350162426854e-01 3.546048870425e-01 0.000000000000e+00
   outer loop
     vertex 6.651996743563e+00 -2.377609021504e+00 1.090000000000e+01
     vertex 6.651996743563e+00 -2.377609021504e+00 8.200000000000e+00
     vertex 6.463928001663e+00 -2.873505538567e+00 8.200000000000e+00
   endloop
 endfacet
 facet normal -9.350162426854e-01 3.546048870425e-01 0.000000000000e+00
   outer loop
     vertex 6.463928001663e+00 -2.873505538567e+00 1.090000000000e+01
     vertex 6.651996743563e+00 -2.377609021504e+00 1.090000000000e+01
     vertex 6.463928001663e+00 -2.873505538567e+00 8.200000000000e+00
   endloop
 endfacet
 facet normal -9.927088740981e-01 1.205366802553e-01 0.000000000000e+00
   outer loop
     vertex 6.400000000000e+00 -3.400000000000e+00 1.090000000000e+01
     vertex 6.463928001663e+00 -2.873505538567e+00 1.090000000000e+01
     vertex 6.463928001663e+00 -2.873505538567e+00 8.200000000000e+00
   endloop
 endfacet
 facet normal -9.927088740981e-01 1.205366802553e-01 0.000000000000e+00
   outer loop
     vertex 6.400000000000e+00 -3.400000000000e+00 1.090000000000e+01
     vertex 6.463928001663e+00 -2.873505538567e+00 8.200000000000e+00
     vertex 6.400000000000e+00 -3.400000000000e+00 8.200000000000e+00
   endloop
 endfacet
 facet normal -9.927088740981e-01 -1.205366802553e-01 0.000000000000e+00
   outer loop
     vertex 6.463928001663e+00 -3.926494461433e+00 1.090000000000e+01
     vertex 6.400000000000e+00 -3.400000000000e+00 1.090000000000e+01
     vertex 6.400000000000e+00 -3.400000000000e+00 8.200000000000e+00
   endloop
 endfacet
 facet normal -9.927088740981e-01 -1.205366802553e-01 -0.000000000000e+00
   outer loop
     vertex 6.463928001663e+00 -3.926494461433e+00 1.090000000000e+01
     vertex 6.400000000000e+00 -3.400000000000e+00 8.200000000000e+00
     vertex 6.463928001663e+00 -3.926494461433e+00 8.200000000000e+00
   endloop
 endfacet
 facet normal -9.350162426854e-01 -3.546048870425e-01 0.000000000000e+00
   outer loop
     vertex 6.651996743563e+00 -4.422390978496e+00 1.090000000000e+01
     vertex 6.463928001663e+00 -3.926494461433e+00 1.090000000000e+01
     vertex 6.463928001663e+00 -3.926494461433e+00 8.200000000000e+00
   endloop
 endfacet
 facet normal -9.350162426854e-01 -3.546048870425e-01 -0.000000000000e+00
   outer loop
     vertex 6.651996743563e+00 -4.422390978496e+00 1.090000000000e+01
     vertex 6.463928001663e+00 -3.926494461433e+00 8.200000000000e+00
     vertex 6.651996743563e+00 -4.422390978496e+00 8.200000000000e+00
   endloop
 endfacet
 facet normal -8.229838658937e-01 -5.680647467312e-01 -0.000000000000e+00
   outer loop
     vertex 6.651996743563e+00 -4.422390978496e+00 1.090000000000e+01
     vertex 6.651996743563e+00 -4.422390978496e+00 8.200000000000e+00
     vertex 6.953276354024e+00 -4.858869848130e+00 8.200000000000e+00
   endloop
 endfacet
 facet normal -8.229838658937e-01 -5.680647467312e-01 -0.000000000000e+00
   outer loop
     vertex 6.953276354024e+00 -4.858869848130e+00 1.090000000000e+01
     vertex 6.651996743563e+00 -4.422390978496e+00 1.090000000000e+01
     vertex 6.953276354024e+00 -4.858869848130e+00 8.200000000000e+00
   endloop
 endfacet
 facet normal -6.631226582408e-01 -7.485107481711e-01 0.000000000000e+00
   outer loop
     vertex 7.350257557191e+00 -5.210564504966e+00 1.090000000000e+01
     vertex 6.953276354024e+00 -4.858869848130e+00 1.090000000000e+01
     vertex 6.953276354024e+00 -4.858869848130e+00 8.200000000000e+00
   endloop
 endfacet
 facet normal -6.631226582408e-01 -7.485107481711e-01 -0.000000000000e+00
   outer loop
     vertex 7.350257557191e+00 -5.210564504966e+00 1.090000000000e+01
     vertex 6.953276354024e+00 -4.858869848130e+00 8.200000000000e+00
     vertex 7.350257557191e+00 -5.210564504966e+00 8.200000000000e+00
   endloop
 endfacet
 facet normal -4.647231720438e-01 -8.854560256532e-01 0.000000000000e+00
   outer loop
     vertex 7.819869248506e+00 -5.457035733908e+00 1.090000000000e+01
     vertex 7.350257557191e+00 -5.210564504966e+00 1.090000000000e+01
     vertex 7.350257557191e+00 -5.210564504966e+00 8.200000000000e+00
   endloop
 endfacet
 facet normal -4.647231720438e-01 -8.854560256532e-01 -0.000000000000e+00
   outer loop
     vertex 7.819869248506e+00 -5.457035733908e+00 1.090000000000e+01
     vertex 7.350257557191e+00 -5.210564504966e+00 8.200000000000e+00
     vertex 7.819869248506e+00 -5.457035733908e+00 8.200000000000e+00
   endloop
 endfacet
 facet normal -2.393156642876e-01 -9.709418174261e-01 -0.000000000000e+00
   outer loop
     vertex 7.819869248506e+00 -5.457035733908e+00 1.090000000000e+01
     vertex 7.819869248506e+00 -5.457035733908e+00 8.200000000000e+00
     vertex 8.334819303438e+00 -5.583959523016e+00 8.200000000000e+00
   endloop
 endfacet
 facet normal -2.393156642876e-01 -9.709418174261e-01 -0.000000000000e+00
   outer loop
     vertex 8.334819303438e+00 -5.583959523016e+00 1.090000000000e+01
     vertex 7.819869248506e+00 -5.457035733908e+00 1.090000000000e+01
     vertex 8.334819303438e+00 -5.583959523016e+00 8.200000000000e+00
   endloop
 endfacet
 facet normal -3.349332855732e-15 -1.000000000000e+00 -0.000000000000e+00
   outer loop
     vertex 8.334819303438e+00 -5.583959523016e+00 1.090000000000e+01
     vertex 8.334819303438e+00 -5.583959523016e+00 8.200000000000e+00
     vertex 8.865180696562e+00 -5.583959523016e+00 8.200000000000e+00
   endloop
 endfacet
 facet normal -3.349332855732e-15 -1.000000000000e+00 -0.000000000000e+00
   outer loop
     vertex 8.865180696562e+00 -5.583959523016e+00 1.090000000000e+01
     vertex 8.334819303438e+00 -5.583959523016e+00 1.090000000000e+01
     vertex 8.865180696562e+00 -5.583959523016e+00 8.200000000000e+00
   endloop
 endfacet
 facet normal 2.393156642876e-01 -9.709418174261e-01 0.000000000000e+00
   outer loop
     vertex 9.380130751494e+00 -5.457035733908e+00 1.090000000000e+01
     vertex 8.865180696562e+00 -5.583959523016e+00 1.090000000000e+01
     vertex 8.865180696562e+00 -5.583959523016e+00 8.200000000000e+00
   endloop
 endfacet
 facet normal 2.393156642876e-01 -9.709418174261e-01 0.000000000000e+00
   outer loop
     vertex 9.380130751494e+00 -5.457035733908e+00 1.090000000000e+01
     vertex 8.865180696562e+00 -5.583959523016e+00 8.200000000000e+00
     vertex 9.380130751494e+00 -5.457035733908e+00 8.200000000000e+00
   endloop
 endfacet
 facet normal 4.647231720438e-01 -8.854560256532e-01 0.000000000000e+00
   outer loop
     vertex 9.849742442809e+00 -5.210564504966e+00 1.090000000000e+01
     vertex 9.380130751494e+00 -5.457035733908e+00 1.090000000000e+01
     vertex 9.380130751494e+00 -5.457035733908e+00 8.200000000000e+00
   endloop
 endfacet
 facet normal 4.647231720438e-01 -8.854560256532e-01 0.000000000000e+00
   outer loop
     vertex 9.849742442809e+00 -5.210564504966e+00 1.090000000000e+01
     vertex 9.380130751494e+00 -5.457035733908e+00 8.200000000000e+00
     vertex 9.849742442809e+00 -5.210564504966e+00 8.200000000000e+00
   endloop
 endfacet
 facet normal 6.631226582408e-01 -7.485107481711e-01 0.000000000000e+00
   outer loop
     vertex 9.849742442809e+00 -5.210564504966e+00 1.090000000000e+01
     vertex 9.849742442809e+00 -5.210564504966e+00 8.200000000000e+00
     vertex 1.024672364598e+01 -4.858869848130e+00 8.200000000000e+00
   endloop
 endfacet
 facet normal 6.631226582408e-01 -7.485107481711e-01 0.000000000000e+00
   outer loop
     vertex 1.024672364598e+01 -4.858869848130e+00 1.090000000000e+01
     vertex 9.849742442809e+00 -5.210564504966e+00 1.090000000000e+01
     vertex 1.024672364598e+01 -4.858869848130e+00 8.200000000000e+00
   endloop
 endfacet
 facet normal 8.229838658937e-01 -5.680647467312e-01 0.000000000000e+00
   outer loop
     vertex 1.054800325644e+01 -4.422390978496e+00 1.090000000000e+01
     vertex 1.024672364598e+01 -4.858869848130e+00 8.200000000000e+00
     vertex 1.054800325644e+01 -4.422390978496e+00 8.200000000000e+00
   endloop
 endfacet
 facet normal 8.229838658937e-01 -5.680647467312e-01 0.000000000000e+00
   outer loop
     vertex 1.054800325644e+01 -4.422390978496e+00 1.090000000000e+01
     vertex 1.024672364598e+01 -4.858869848130e+00 1.090000000000e+01
     vertex 1.024672364598e+01 -4.858869848130e+00 8.200000000000e+00
   endloop
 endfacet
 facet normal 9.350162426854e-01 -3.546048870425e-01 0.000000000000e+00
   outer loop
     vertex 1.073607199834e+01 -3.926494461433e+00 1.090000000000e+01
     vertex 1.054800325644e+01 -4.422390978496e+00 8.200000000000e+00
     vertex 1.073607199834e+01 -3.926494461433e+00 8.200000000000e+00
   endloop
 endfacet
 facet normal 9.350162426854e-01 -3.546048870425e-01 0.000000000000e+00
   outer loop
     vertex 1.073607199834e+01 -3.926494461433e+00 1.090000000000e+01
     vertex 1.054800325644e+01 -4.422390978496e+00 1.090000000000e+01
     vertex 1.054800325644e+01 -4.422390978496e+00 8.200000000000e+00
   endloop
 endfacet
 facet normal 9.927088740981e-01 -1.205366802553e-01 0.000000000000e+00
   outer loop
     vertex 1.080000000000e+01 -3.400000000000e+00 1.090000000000e+01
     vertex 1.073607199834e+01 -3.926494461433e+00 1.090000000000e+01
     vertex 1.073607199834e+01 -3.926494461433e+00 8.200000000000e+00
   endloop
 endfacet
 facet normal 9.927088740981e-01 -1.205366802553e-01 0.000000000000e+00
   outer loop
     vertex 1.080000000000e+01 -3.400000000000e+00 1.090000000000e+01
     vertex 1.073607199834e+01 -3.926494461433e+00 8.200000000000e+00
     vertex 1.080000000000e+01 -3.400000000000e+00 8.200000000000e+00
   endloop
 endfacet
 facet normal 0.000000000000e+00 0.000000000000e+00 1.000000000000e+00
   outer loop
     vertex 7.819869248506e+00 -5.457035733908e+00 1.090000000000e+01
     vertex 6.953276354024e+00 -4.858869848130e+00 1.090000000000e+01
     vertex 7.350257557191e+00 -5.210564504966e+00 1.090000000000e+01
   endloop
 endfacet
 facet normal 0.000000000000e+00 0.000000000000e+00 1.000000000000e+00
   outer loop
     vertex 9.380130751494e+00 -5.457035733908e+00 1.090000000000e+01
     vertex 8.334819303438e+00 -5.583959523016e+00 1.090000000000e+01
     vertex 8.865180696562e+00 -5.583959523016e+00 1.090000000000e+01
   endloop
 endfacet
 facet normal 0.000000000000e+00 0.000000000000e+00 1.000000000000e+00
   outer loop
     vertex 1.024672364598e+01 -4.858869848130e+00 1.090000000000e+01
     vertex 6.463928001663e+00 -3.926494461433e+00 1.090000000000e+01
     vertex 6.651996743563e+00 -4.422390978496e+00 1.090000000000e+01
   endloop
 endfacet
 facet normal 0.000000000000e+00 0.000000000000e+00 1.000000000000e+00
   outer loop
     vertex 1.024672364598e+01 -4.858869848130e+00 1.090000000000e+01
     vertex 6.651996743563e+00 -4.422390978496e+00 1.090000000000e+01
     vertex 6.953276354024e+00 -4.858869848130e+00 1.090000000000e+01
   endloop
 endfacet
 facet normal 0.000000000000e+00 0.000000000000e+00 1.000000000000e+00
   outer loop
     vertex 1.024672364598e+01 -4.858869848130e+00 1.090000000000e+01
     vertex 7.819869248506e+00 -5.457035733908e+00 1.090000000000e+01
     vertex 8.334819303438e+00 -5.583959523016e+00 1.090000000000e+01
   endloop
 endfacet
 facet normal 0.000000000000e+00 0.000000000000e+00 1.000000000000e+00
   outer loop
     vertex 1.024672364598e+01 -4.858869848130e+00 1.090000000000e+01
     vertex 9.380130751494e+00 -5.457035733908e+00 1.090000000000e+01
     vertex 9.849742442809e+00 -5.210564504966e+00 1.090000000000e+01
   endloop
 endfacet
 facet normal 0.000000000000e+00 0.000000000000e+00 1.000000000000e+00
   outer loop
     vertex 1.024672364598e+01 -4.858869848130e+00 1.090000000000e+01
     vertex 8.334819303438e+00 -5.583959523016e+00 1.090000000000e+01
     vertex 9.380130751494e+00 -5.457035733908e+00 1.090000000000e+01
   endloop
 endfacet
 facet normal 0.000000000000e+00 0.000000000000e+00 1.000000000000e+00
   outer loop
     vertex 1.024672364598e+01 -4.858869848130e+00 1.090000000000e+01
     vertex 6.953276354024e+00 -4.858869848130e+00 1.090000000000e+01
     vertex 7.819869248506e+00 -5.457035733908e+00 1.090000000000e+01
   endloop
 endfacet
 facet normal 0.000000000000e+00 0.000000000000e+00 1.000000000000e+00
   outer loop
     vertex 7.819869248506e+00 -1.342964266092e+00 1.090000000000e+01
     vertex 7.350257557191e+00 -1.589435495034e+00 1.090000000000e+01
     vertex 6.953276354024e+00 -1.941130151870e+00 1.090000000000e+01
   endloop
 endfacet
 facet normal 0.000000000000e+00 0.000000000000e+00 1.000000000000e+00
   outer loop
     vertex 7.819869248506e+00 -1.342964266092e+00 1.090000000000e+01
     vertex 6.953276354024e+00 -1.941130151870e+00 1.090000000000e+01
     vertex 6.651996743563e+00 -2.377609021504e+00 1.090000000000e+01
   endloop
 endfacet
 facet normal 0.000000000000e+00 0.000000000000e+00 1.000000000000e+00
   outer loop
     vertex 1.073607199834e+01 -3.926494461433e+00 1.090000000000e+01
     vertex 1.024672364598e+01 -4.858869848130e+00 1.090000000000e+01
     vertex 1.054800325644e+01 -4.422390978496e+00 1.090000000000e+01
   endloop
 endfacet
 facet normal 0.000000000000e+00 0.000000000000e+00 1.000000000000e+00
   outer loop
     vertex 9.380130751494e+00 -1.342964266092e+00 1.090000000000e+01
     vertex 8.865180696562e+00 -1.216040476984e+00 1.090000000000e+01
     vertex 8.334819303438e+00 -1.216040476984e+00 1.090000000000e+01
   endloop
 endfacet
 facet normal 0.000000000000e+00 0.000000000000e+00 1.000000000000e+00
   outer loop
     vertex 9.849742442809e+00 -1.589435495034e+00 1.090000000000e+01
     vertex 8.334819303438e+00 -1.216040476984e+00 1.090000000000e+01
     vertex 7.819869248506e+00 -1.342964266092e+00 1.090000000000e+01
   endloop
 endfacet
 facet normal 0.000000000000e+00 0.000000000000e+00 1.000000000000e+00
   outer loop
     vertex 9.849742442809e+00 -1.589435495034e+00 1.090000000000e+01
     vertex 9.380130751494e+00 -1.342964266092e+00 1.090000000000e+01
     vertex 8.334819303438e+00 -1.216040476984e+00 1.090000000000e+01
   endloop
 endfacet
 facet normal 0.000000000000e+00 0.000000000000e+00 1.000000000000e+00
   outer loop
     vertex 1.024672364598e+01 -1.941130151870e+00 1.090000000000e+01
     vertex 1.080000000000e+01 -3.400000000000e+00 1.090000000000e+01
     vertex 1.073607199834e+01 -2.873505538567e+00 1.090000000000e+01
   endloop
 endfacet
 facet normal 0.000000000000e+00 0.000000000000e+00 1.000000000000e+00
   outer loop
     vertex 1.024672364598e+01 -1.941130151870e+00 1.090000000000e+01
     vertex 1.073607199834e+01 -2.873505538567e+00 1.090000000000e+01
     vertex 1.054800325644e+01 -2.377609021504e+00 1.090000000000e+01
   endloop
 endfacet
 facet normal 0.000000000000e+00 0.000000000000e+00 1.000000000000e+00
   outer loop
     vertex 1.024672364598e+01 -1.941130151870e+00 1.090000000000e+01
     vertex 6.651996743563e+00 -2.377609021504e+00 1.090000000000e+01
     vertex 6.463928001663e+00 -2.873505538567e+00 1.090000000000e+01
   endloop
 endfacet
 facet normal 0.000000000000e+00 0.000000000000e+00 1.000000000000e+00
   outer loop
     vertex 1.024672364598e+01 -1.941130151870e+00 1.090000000000e+01
     vertex 6.463928001663e+00 -2.873505538567e+00 1.090000000000e+01
     vertex 6.400000000000e+00 -3.400000000000e+00 1.090000000000e+01
   endloop
 endfacet
 facet normal 0.000000000000e+00 0.000000000000e+00 1.000000000000e+00
   outer loop
     vertex 1.024672364598e+01 -1.941130151870e+00 1.090000000000e+01
     vertex 6.400000000000e+00 -3.400000000000e+00 1.090000000000e+01
     vertex 6.463928001663e+00 -3.926494461433e+00 1.090000000000e+01
   endloop
 endfacet
 facet normal 0.000000000000e+00 0.000000000000e+00 1.000000000000e+00
   outer loop
     vertex 1.024672364598e+01 -1.941130151870e+00 1.090000000000e+01
     vertex 1.073607199834e+01 -3.926494461433e+00 1.090000000000e+01
     vertex 1.080000000000e+01 -3.400000000000e+00 1.090000000000e+01
   endloop
 endfacet
 facet normal 0.000000000000e+00 0.000000000000e+00 1.000000000000e+00
   outer loop
     vertex 1.024672364598e+01 -1.941130151870e+00 1.090000000000e+01
     vertex 1.024672364598e+01 -4.858869848130e+00 1.090000000000e+01
     vertex 1.073607199834e+01 -3.926494461433e+00 1.090000000000e+01
   endloop
 endfacet
 facet normal 0.000000000000e+00 0.000000000000e+00 1.000000000000e+00
   outer loop
     vertex 1.024672364598e+01 -1.941130151870e+00 1.090000000000e+01
     vertex 6.463928001663e+00 -3.926494461433e+00 1.090000000000e+01
     vertex 1.024672364598e+01 -4.858869848130e+00 1.090000000000e+01
   endloop
 endfacet
 facet normal 0.000000000000e+00 0.000000000000e+00 1.000000000000e+00
   outer loop
     vertex 1.024672364598e+01 -1.941130151870e+00 1.090000000000e+01
     vertex 7.819869248506e+00 -1.342964266092e+00 1.090000000000e+01
     vertex 6.651996743563e+00 -2.377609021504e+00 1.090000000000e+01
   endloop
 endfacet
 facet normal 0.000000000000e+00 0.000000000000e+00 1.000000000000e+00
   outer loop
     vertex 1.024672364598e+01 -1.941130151870e+00 1.090000000000e+01
     vertex 9.849742442809e+00 -1.589435495034e+00 1.090000000000e+01
     vertex 7.819869248506e+00 -1.342964266092e+00 1.090000000000e+01
   endloop
 endfacet
 facet normal 0.000000000000e+00 0.000000000000e+00 -1.000000000000e+00
   outer loop
     vertex 7.819869248506e+00 -5.457035733908e+00 8.200000000000e+00
     vertex 7.350257557191e+00 -5.210564504966e+00 8.200000000000e+00
     vertex 6.953276354024e+00 -4.858869848130e+00 8.200000000000e+00
   endloop
 endfacet
 facet normal 0.000000000000e+00 0.000000000000e+00 -1.000000000000e+00
   outer loop
     vertex 9.380130751494e+00 -5.457035733908e+00 8.200000000000e+00
     vertex 8.865180696562e+00 -5.583959523016e+00 8.200000000000e+00
     vertex 8.334819303438e+00 -5.583959523016e+00 8.200000000000e+00
   endloop
 endfacet
 facet normal 0.000000000000e+00 0.000000000000e+00 -1.000000000000e+00
   outer loop
     vertex 1.024672364598e+01 -4.858869848130e+00 8.200000000000e+00
     vertex 6.651996743563e+00 -4.422390978496e+00 8.200000000000e+00
     vertex 6.463928001663e+00 -3.926494461433e+00 8.200000000000e+00
   endloop
 endfacet
 facet normal 0.000000000000e+00 0.000000000000e+00 -1.000000000000e+00
   outer loop
     vertex 1.024672364598e+01 -4.858869848130e+00 8.200000000000e+00
     vertex 6.953276354024e+00 -4.858869848130e+00 8.200000000000e+00
     vertex 6.651996743563e+00 -4.422390978496e+00 8.200000000000e+00
   endloop
 endfacet
 facet normal 0.000000000000e+00 0.000000000000e+00 -1.000000000000e+00
   outer loop
     vertex 1.024672364598e+01 -4.858869848130e+00 8.200000000000e+00
     vertex 8.334819303438e+00 -5.583959523016e+00 8.200000000000e+00
     vertex 7.819869248506e+00 -5.457035733908e+00 8.200000000000e+00
   endloop
 endfacet
 facet normal 0.000000000000e+00 0.000000000000e+00 -1.000000000000e+00
   outer loop
     vertex 1.024672364598e+01 -4.858869848130e+00 8.200000000000e+00
     vertex 9.849742442809e+00 -5.210564504966e+00 8.200000000000e+00
     vertex 9.380130751494e+00 -5.457035733908e+00 8.200000000000e+00
   endloop
 endfacet
 facet normal 0.000000000000e+00 0.000000000000e+00 -1.000000000000e+00
   outer loop
     vertex 1.024672364598e+01 -4.858869848130e+00 8.200000000000e+00
     vertex 9.380130751494e+00 -5.457035733908e+00 8.200000000000e+00
     vertex 8.334819303438e+00 -5.583959523016e+00 8.200000000000e+00
   endloop
 endfacet
 facet normal -0.000000000000e+00 0.000000000000e+00 -1.000000000000e+00
   outer loop
     vertex 1.024672364598e+01 -4.858869848130e+00 8.200000000000e+00
     vertex 7.819869248506e+00 -5.457035733908e+00 8.200000000000e+00
     vertex 6.953276354024e+00 -4.858869848130e+00 8.200000000000e+00
   endloop
 endfacet
 facet normal 0.000000000000e+00 0.000000000000e+00 -1.000000000000e+00
   outer loop
     vertex 7.819869248506e+00 -1.342964266092e+00 8.200000000000e+00
     vertex 6.953276354024e+00 -1.941130151870e+00 8.200000000000e+00
     vertex 7.350257557191e+00 -1.589435495034e+00 8.200000000000e+00
   endloop
 endfacet
 facet normal 0.000000000000e+00 0.000000000000e+00 -1.000000000000e+00
   outer loop
     vertex 7.819869248506e+00 -1.342964266092e+00 8.200000000000e+00
     vertex 6.651996743563e+00 -2.377609021504e+00 8.200000000000e+00
     vertex 6.953276354024e+00 -1.941130151870e+00 8.200000000000e+00
   endloop
 endfacet
 facet normal 0.000000000000e+00 0.000000000000e+00 -1.000000000000e+00
   outer loop
     vertex 1.073607199834e+01 -3.926494461433e+00 8.200000000000e+00
     vertex 1.054800325644e+01 -4.422390978496e+00 8.200000000000e+00
     vertex 1.024672364598e+01 -4.858869848130e+00 8.200000000000e+00
   endloop
 endfacet
 facet normal 0.000000000000e+00 0.000000000000e+00 -1.000000000000e+00
   outer loop
     vertex 9.380130751494e+00 -1.342964266092e+00 8.200000000000e+00
     vertex 8.334819303438e+00 -1.216040476984e+00 8.200000000000e+00
     vertex 8.865180696562e+00 -1.216040476984e+00 8.200000000000e+00
   endloop
 endfacet
 facet normal 0.000000000000e+00 0.000000000000e+00 -1.000000000000e+00
   outer loop
     vertex 9.849742442809e+00 -1.589435495034e+00 8.200000000000e+00
     vertex 7.819869248506e+00 -1.342964266092e+00 8.200000000000e+00
     vertex 8.334819303438e+00 -1.216040476984e+00 8.200000000000e+00
   endloop
 endfacet
 facet normal 0.000000000000e+00 0.000000000000e+00 -1.000000000000e+00
   outer loop
     vertex 9.849742442809e+00 -1.589435495034e+00 8.200000000000e+00
     vertex 8.334819303438e+00 -1.216040476984e+00 8.200000000000e+00
     vertex 9.380130751494e+00 -1.342964266092e+00 8.200000000000e+00
   endloop
 endfacet
 facet normal 0.000000000000e+00 0.000000000000e+00 -1.000000000000e+00
   outer loop
     vertex 1.024672364598e+01 -1.941130151870e+00 8.200000000000e+00
     vertex 1.073607199834e+01 -2.873505538567e+00 8.200000000000e+00
     vertex 1.080000000000e+01 -3.400000000000e+00 8.200000000000e+00
   endloop
 endfacet
 facet normal 0.000000000000e+00 0.000000000000e+00 -1.000000000000e+00
   outer loop
     vertex 1.024672364598e+01 -1.941130151870e+00 8.200000000000e+00
     vertex 1.054800325644e+01 -2.377609021504e+00 8.200000000000e+00
     vertex 1.073607199834e+01 -2.873505538567e+00 8.200000000000e+00
   endloop
 endfacet
 facet normal 0.000000000000e+00 0.000000000000e+00 -1.000000000000e+00
   outer loop
     vertex 1.024672364598e+01 -1.941130151870e+00 8.200000000000e+00
     vertex 6.463928001663e+00 -2.873505538567e+00 8.200000000000e+00
     vertex 6.651996743563e+00 -2.377609021504e+00 8.200000000000e+00
   endloop
 endfacet
 facet normal 0.000000000000e+00 0.000000000000e+00 -1.000000000000e+00
   outer loop
     vertex 1.024672364598e+01 -1.941130151870e+00 8.200000000000e+00
     vertex 6.400000000000e+00 -3.400000000000e+00 8.200000000000e+00
     vertex 6.463928001663e+00 -2.873505538567e+00 8.200000000000e+00
   endloop
 endfacet
 facet normal 0.000000000000e+00 0.000000000000e+00 -1.000000000000e+00
   outer loop
     vertex 1.024672364598e+01 -1.941130151870e+00 8.200000000000e+00
     vertex 6.463928001663e+00 -3.926494461433e+00 8.200000000000e+00
     vertex 6.400000000000e+00 -3.400000000000e+00 8.200000000000e+00
   endloop
 endfacet
 facet normal 0.000000000000e+00 0.000000000000e+00 -1.000000000000e+00
   outer loop
     vertex 1.024672364598e+01 -1.941130151870e+00 8.200000000000e+00
     vertex 1.080000000000e+01 -3.400000000000e+00 8.200000000000e+00
     vertex 1.073607199834e+01 -3.926494461433e+00 8.200000000000e+00
   endloop
 endfacet
 facet normal 0.000000000000e+00 -0.000000000000e+00 -1.000000000000e+00
   outer loop
     vertex 1.024672364598e+01 -1.941130151870e+00 8.200000000000e+00
     vertex 1.073607199834e+01 -3.926494461433e+00 8.200000000000e+00
     vertex 1.024672364598e+01 -4.858869848130e+00 8.200000000000e+00
   endloop
 endfacet
 facet normal 0.000000000000e+00 0.000000000000e+00 -1.000000000000e+00
   outer loop
     vertex 1.024672364598e+01 -1.941130151870e+00 8.200000000000e+00
     vertex 1.024672364598e+01 -4.858869848130e+00 8.200000000000e+00
     vertex 6.463928001663e+00 -3.926494461433e+00 8.200000000000e+00
   endloop
 endfacet
 facet normal -0.000000000000e+00 0.000000000000e+00 -1.000000000000e+00
   outer loop
     vertex 1.024672364598e+01 -1.941130151870e+00 8.200000000000e+00
     vertex 6.651996743563e+00 -2.377609021504e+00 8.200000000000e+00
     vertex 7.819869248506e+00 -1.342964266092e+00 8.200000000000e+00
   endloop
 endfacet
 facet normal 0.000000000000e+00 0.000000000000e+00 -1.000000000000e+00
   outer loop
     vertex 1.024672364598e+01 -1.941130151870e+00 8.200000000000e+00
     vertex 7.819869248506e+00 -1.342964266092e+00 8.200000000000e+00
     vertex 9.849742442809e+00 -1.589435495034e+00 8.200000000000e+00
   endloop
 endfacet
 facet normal 9.927088740981e-01 1.205366802553e-01 0.000000000000e+00
   outer loop
     vertex 1.073607199834e+01 3.926494461433e+00 1.090000000000e+01
     vertex 1.080000000000e+01 3.400000000000e+00 1.090000000000e+01
     vertex 1.080000000000e+01 3.400000000000e+00 8.200000000000e+00
   endloop
 endfacet
 facet normal 9.927088740981e-01 1.205366802553e-01 0.000000000000e+00
   outer loop
     vertex 1.073607199834e+01 3.926494461433e+00 1.090000000000e+01
     vertex 1.080000000000e+01 3.400000000000e+00 8.200000000000e+00
     vertex 1.073607199834e+01 3.926494461433e+00 8.200000000000e+00
   endloop
 endfacet
 facet normal 9.350162426854e-01 3.546048870425e-01 0.000000000000e+00
   outer loop
     vertex 1.054800325644e+01 4.422390978496e+00 1.090000000000e+01
     vertex 1.073607199834e+01 3.926494461433e+00 8.200000000000e+00
     vertex 1.054800325644e+01 4.422390978496e+00 8.200000000000e+00
   endloop
 endfacet
 facet normal 8.229838658937e-01 5.680647467312e-01 0.000000000000e+00
   outer loop
     vertex 1.054800325644e+01 4.422390978496e+00 1.090000000000e+01
     vertex 1.054800325644e+01 4.422390978496e+00 8.200000000000e+00
     vertex 1.024672364598e+01 4.858869848130e+00 8.200000000000e+00
   endloop
 endfacet
 facet normal 9.350162426854e-01 3.546048870425e-01 0.000000000000e+00
   outer loop
     vertex 1.054800325644e+01 4.422390978496e+00 1.090000000000e+01
     vertex 1.073607199834e+01 3.926494461433e+00 1.090000000000e+01
     vertex 1.073607199834e+01 3.926494461433e+00 8.200000000000e+00
   endloop
 endfacet
 facet normal 8.229838658937e-01 5.680647467312e-01 0.000000000000e+00
   outer loop
     vertex 1.024672364598e+01 4.858869848130e+00 1.090000000000e+01
     vertex 1.054800325644e+01 4.422390978496e+00 1.090000000000e+01
     vertex 1.024672364598e+01 4.858869848130e+00 8.200000000000e+00
   endloop
 endfacet
 facet normal 6.631226582408e-01 7.485107481711e-01 0.000000000000e+00
   outer loop
     vertex 9.849742442809e+00 5.210564504966e+00 1.090000000000e+01
     vertex 1.024672364598e+01 4.858869848130e+00 8.200000000000e+00
     vertex 9.849742442809e+00 5.210564504966e+00 8.200000000000e+00
   endloop
 endfacet
 facet normal 4.647231720438e-01 8.854560256532e-01 0.000000000000e+00
   outer loop
     vertex 9.849742442809e+00 5.210564504966e+00 1.090000000000e+01
     vertex 9.849742442809e+00 5.210564504966e+00 8.200000000000e+00
     vertex 9.380130751494e+00 5.457035733908e+00 8.200000000000e+00
   endloop
 endfacet
 facet normal 6.631226582408e-01 7.485107481711e-01 0.000000000000e+00
   outer loop
     vertex 9.849742442809e+00 5.210564504966e+00 1.090000000000e+01
     vertex 1.024672364598e+01 4.858869848130e+00 1.090000000000e+01
     vertex 1.024672364598e+01 4.858869848130e+00 8.200000000000e+00
   endloop
 endfacet
 facet normal 2.393156642876e-01 9.709418174261e-01 0.000000000000e+00
   outer loop
     vertex 9.380130751494e+00 5.457035733908e+00 1.090000000000e+01
     vertex 9.380130751494e+00 5.457035733908e+00 8.200000000000e+00
     vertex 8.865180696562e+00 5.583959523016e+00 8.200000000000e+00
   endloop
 endfacet
 facet normal 4.647231720438e-01 8.854560256532e-01 0.000000000000e+00
   outer loop
     vertex 9.380130751494e+00 5.457035733908e+00 1.090000000000e+01
     vertex 9.849742442809e+00 5.210564504966e+00 1.090000000000e+01
     vertex 9.380130751494e+00 5.457035733908e+00 8.200000000000e+00
   endloop
 endfacet
 facet normal 2.393156642876e-01 9.709418174261e-01 0.000000000000e+00
   outer loop
     vertex 8.865180696562e+00 5.583959523016e+00 1.090000000000e+01
     vertex 9.380130751494e+00 5.457035733908e+00 1.090000000000e+01
     vertex 8.865180696562e+00 5.583959523016e+00 8.200000000000e+00
   endloop
 endfacet
 facet normal 0.000000000000e+00 1.000000000000e+00 0.000000000000e+00
   outer loop
     vertex 8.334819303438e+00 5.583959523016e+00 1.090000000000e+01
     vertex 8.865180696562e+00 5.583959523016e+00 8.200000000000e+00
     vertex 8.334819303438e+00 5.583959523016e+00 8.200000000000e+00
   endloop
 endfacet
 facet normal -0.000000000000e+00 1.000000000000e+00 0.000000000000e+00
   outer loop
     vertex 8.334819303438e+00 5.583959523016e+00 1.090000000000e+01
     vertex 8.865180696562e+00 5.583959523016e+00 1.090000000000e+01
     vertex 8.865180696562e+00 5.583959523016e+00 8.200000000000e+00
   endloop
 endfacet
 facet normal -2.393156642876e-01 9.709418174261e-01 0.000000000000e+00
   outer loop
     vertex 7.819869248506e+00 5.457035733908e+00 1.090000000000e+01
     vertex 8.334819303438e+00 5.583959523016e+00 8.200000000000e+00
     vertex 7.819869248506e+00 5.457035733908e+00 8.200000000000e+00
   endloop
 endfacet
 facet normal -4.647231720438e-01 8.854560256532e-01 0.000000000000e+00
   outer loop
     vertex 7.819869248506e+00 5.457035733908e+00 1.090000000000e+01
     vertex 7.819869248506e+00 5.457035733908e+00 8.200000000000e+00
     vertex 7.350257557191e+00 5.210564504966e+00 8.200000000000e+00
   endloop
 endfacet
 facet normal -2.393156642876e-01 9.709418174261e-01 0.000000000000e+00
   outer loop
     vertex 7.819869248506e+00 5.457035733908e+00 1.090000000000e+01
     vertex 8.334819303438e+00 5.583959523016e+00 1.090000000000e+01
     vertex 8.334819303438e+00 5.583959523016e+00 8.200000000000e+00
   endloop
 endfacet
 facet normal -6.631226582408e-01 7.485107481711e-01 0.000000000000e+00
   outer loop
     vertex 7.350257557191e+00 5.210564504966e+00 1.090000000000e+01
     vertex 7.350257557191e+00 5.210564504966e+00 8.200000000000e+00
     vertex 6.953276354024e+00 4.858869848130e+00 8.200000000000e+00
   endloop
 endfacet
 facet normal -4.647231720438e-01 8.854560256532e-01 0.000000000000e+00
   outer loop
     vertex 7.350257557191e+00 5.210564504966e+00 1.090000000000e+01
     vertex 7.819869248506e+00 5.457035733908e+00 1.090000000000e+01
     vertex 7.350257557191e+00 5.210564504966e+00 8.200000000000e+00
   endloop
 endfacet
 facet normal -6.631226582408e-01 7.485107481711e-01 0.000000000000e+00
   outer loop
     vertex 6.953276354024e+00 4.858869848130e+00 1.090000000000e+01
     vertex 7.350257557191e+00 5.210564504966e+00 1.090000000000e+01
     vertex 6.953276354024e+00 4.858869848130e+00 8.200000000000e+00
   endloop
 endfacet
 facet normal -8.229838658937e-01 5.680647467312e-01 0.000000000000e+00
   outer loop
     vertex 6.651996743563e+00 4.422390978496e+00 1.090000000000e+01
     vertex 6.953276354024e+00 4.858869848130e+00 1.090000000000e+01
     vertex 6.953276354024e+00 4.858869848130e+00 8.200000000000e+00
   endloop
 endfacet
 facet normal -8.229838658937e-01 5.680647467312e-01 0.000000000000e+00
   outer loop
     vertex 6.651996743563e+00 4.422390978496e+00 1.090000000000e+01
     vertex 6.953276354024e+00 4.858869848130e+00 8.200000000000e+00
     vertex 6.651996743563e+00 4.422390978496e+00 8.200000000000e+00
   endloop
 endfacet
 facet normal -9.350162426854e-01 3.546048870425e-01 0.000000000000e+00
   outer loop
     vertex 6.651996743563e+00 4.422390978496e+00 1.090000000000e+01
     vertex 6.651996743563e+00 4.422390978496e+00 8.200000000000e+00
     vertex 6.463928001663e+00 3.926494461433e+00 8.200000000000e+00
   endloop
 endfacet
 facet normal -9.350162426854e-01 3.546048870425e-01 0.000000000000e+00
   outer loop
     vertex 6.463928001663e+00 3.926494461433e+00 1.090000000000e+01
     vertex 6.651996743563e+00 4.422390978496e+00 1.090000000000e+01
     vertex 6.463928001663e+00 3.926494461433e+00 8.200000000000e+00
   endloop
 endfacet
 facet normal -9.927088740981e-01 1.205366802553e-01 0.000000000000e+00
   outer loop
     vertex 6.400000000000e+00 3.400000000000e+00 1.090000000000e+01
     vertex 6.463928001663e+00 3.926494461433e+00 1.090000000000e+01
     vertex 6.463928001663e+00 3.926494461433e+00 8.200000000000e+00
   endloop
 endfacet
 facet normal -9.927088740981e-01 1.205366802553e-01 0.000000000000e+00
   outer loop
     vertex 6.400000000000e+00 3.400000000000e+00 1.090000000000e+01
     vertex 6.463928001663e+00 3.926494461433e+00 8.200000000000e+00
     vertex 6.400000000000e+00 3.400000000000e+00 8.200000000000e+00
   endloop
 endfacet
 facet normal -9.927088740981e-01 -1.205366802553e-01 0.000000000000e+00
   outer loop
     vertex 6.463928001663e+00 2.873505538567e+00 1.090000000000e+01
     vertex 6.400000000000e+00 3.400000000000e+00 1.090000000000e+01
     vertex 6.400000000000e+00 3.400000000000e+00 8.200000000000e+00
   endloop
 endfacet
 facet normal -9.927088740981e-01 -1.205366802553e-01 -0.000000000000e+00
   outer loop
     vertex 6.463928001663e+00 2.873505538567e+00 1.090000000000e+01
     vertex 6.400000000000e+00 3.400000000000e+00 8.200000000000e+00
     vertex 6.463928001663e+00 2.873505538567e+00 8.200000000000e+00
   endloop
 endfacet
 facet normal -9.350162426854e-01 -3.546048870425e-01 0.000000000000e+00
   outer loop
     vertex 6.651996743563e+00 2.377609021504e+00 1.090000000000e+01
     vertex 6.463928001663e+00 2.873505538567e+00 1.090000000000e+01
     vertex 6.463928001663e+00 2.873505538567e+00 8.200000000000e+00
   endloop
 endfacet
 facet normal -9.350162426854e-01 -3.546048870425e-01 -0.000000000000e+00
   outer loop
     vertex 6.651996743563e+00 2.377609021504e+00 1.090000000000e+01
     vertex 6.463928001663e+00 2.873505538567e+00 8.200000000000e+00
     vertex 6.651996743563e+00 2.377609021504e+00 8.200000000000e+00
   endloop
 endfacet
 facet normal -8.229838658937e-01 -5.680647467312e-01 -0.000000000000e+00
   outer loop
     vertex 6.651996743563e+00 2.377609021504e+00 1.090000000000e+01
     vertex 6.651996743563e+00 2.377609021504e+00 8.200000000000e+00
     vertex 6.953276354024e+00 1.941130151870e+00 8.200000000000e+00
   endloop
 endfacet
 facet normal -8.229838658937e-01 -5.680647467312e-01 -0.000000000000e+00
   outer loop
     vertex 6.953276354024e+00 1.941130151870e+00 1.090000000000e+01
     vertex 6.651996743563e+00 2.377609021504e+00 1.090000000000e+01
     vertex 6.953276354024e+00 1.941130151870e+00 8.200000000000e+00
   endloop
 endfacet
 facet normal -6.631226582408e-01 -7.485107481711e-01 0.000000000000e+00
   outer loop
     vertex 7.350257557191e+00 1.589435495034e+00 1.090000000000e+01
     vertex 6.953276354024e+00 1.941130151870e+00 1.090000000000e+01
     vertex 6.953276354024e+00 1.941130151870e+00 8.200000000000e+00
   endloop
 endfacet
 facet normal -6.631226582408e-01 -7.485107481711e-01 -0.000000000000e+00
   outer loop
     vertex 7.350257557191e+00 1.589435495034e+00 1.090000000000e+01
     vertex 6.953276354024e+00 1.941130151870e+00 8.200000000000e+00
     vertex 7.350257557191e+00 1.589435495034e+00 8.200000000000e+00
   endloop
 endfacet
 facet normal -4.647231720438e-01 -8.854560256532e-01 0.000000000000e+00
   outer loop
     vertex 7.819869248506e+00 1.342964266092e+00 1.090000000000e+01
     vertex 7.350257557191e+00 1.589435495034e+00 1.090000000000e+01
     vertex 7.350257557191e+00 1.589435495034e+00 8.200000000000e+00
   endloop
 endfacet
 facet normal -4.647231720438e-01 -8.854560256532e-01 -0.000000000000e+00
   outer loop
     vertex 7.819869248506e+00 1.342964266092e+00 1.090000000000e+01
     vertex 7.350257557191e+00 1.589435495034e+00 8.200000000000e+00
     vertex 7.819869248506e+00 1.342964266092e+00 8.200000000000e+00
   endloop
 endfacet
 facet normal -2.393156642876e-01 -9.709418174261e-01 -0.000000000000e+00
   outer loop
     vertex 7.819869248506e+00 1.342964266092e+00 1.090000000000e+01
     vertex 7.819869248506e+00 1.342964266092e+00 8.200000000000e+00
     vertex 8.334819303438e+00 1.216040476984e+00 8.200000000000e+00
   endloop
 endfacet
 facet normal -2.393156642876e-01 -9.709418174261e-01 -0.000000000000e+00
   outer loop
     vertex 8.334819303438e+00 1.216040476984e+00 1.090000000000e+01
     vertex 7.819869248506e+00 1.342964266092e+00 1.090000000000e+01
     vertex 8.334819303438e+00 1.216040476984e+00 8.200000000000e+00
   endloop
 endfacet
 facet normal -2.511999641799e-15 -1.000000000000e+00 -0.000000000000e+00
   outer loop
     vertex 8.334819303438e+00 1.216040476984e+00 1.090000000000e+01
     vertex 8.334819303438e+00 1.216040476984e+00 8.200000000000e+00
     vertex 8.865180696562e+00 1.216040476984e+00 8.200000000000e+00
   endloop
 endfacet
 facet normal -2.511999641799e-15 -1.000000000000e+00 -0.000000000000e+00
   outer loop
     vertex 8.865180696562e+00 1.216040476984e+00 1.090000000000e+01
     vertex 8.334819303438e+00 1.216040476984e+00 1.090000000000e+01
     vertex 8.865180696562e+00 1.216040476984e+00 8.200000000000e+00
   endloop
 endfacet
 facet normal 2.393156642876e-01 -9.709418174261e-01 0.000000000000e+00
   outer loop
     vertex 9.380130751494e+00 1.342964266092e+00 1.090000000000e+01
     vertex 8.865180696562e+00 1.216040476984e+00 1.090000000000e+01
     vertex 8.865180696562e+00 1.216040476984e+00 8.200000000000e+00
   endloop
 endfacet
 facet normal 2.393156642876e-01 -9.709418174261e-01 0.000000000000e+00
   outer loop
     vertex 9.380130751494e+00 1.342964266092e+00 1.090000000000e+01
     vertex 8.865180696562e+00 1.216040476984e+00 8.200000000000e+00
     vertex 9.380130751494e+00 1.342964266092e+00 8.200000000000e+00
   endloop
 endfacet
 facet normal 4.647231720438e-01 -8.854560256532e-01 0.000000000000e+00
   outer loop
     vertex 9.849742442809e+00 1.589435495034e+00 1.090000000000e+01
     vertex 9.380130751494e+00 1.342964266092e+00 1.090000000000e+01
     vertex 9.380130751494e+00 1.342964266092e+00 8.200000000000e+00
   endloop
 endfacet
 facet normal 4.647231720438e-01 -8.854560256532e-01 0.000000000000e+00
   outer loop
     vertex 9.849742442809e+00 1.589435495034e+00 1.090000000000e+01
     vertex 9.380130751494e+00 1.342964266092e+00 8.200000000000e+00
     vertex 9.849742442809e+00 1.589435495034e+00 8.200000000000e+00
   endloop
 endfacet
 facet normal 6.631226582408e-01 -7.485107481711e-01 0.000000000000e+00
   outer loop
     vertex 9.849742442809e+00 1.589435495034e+00 1.090000000000e+01
     vertex 9.849742442809e+00 1.589435495034e+00 8.200000000000e+00
     vertex 1.024672364598e+01 1.941130151870e+00 8.200000000000e+00
   endloop
 endfacet
 facet normal 6.631226582408e-01 -7.485107481711e-01 0.000000000000e+00
   outer loop
     vertex 1.024672364598e+01 1.941130151870e+00 1.090000000000e+01
     vertex 9.849742442809e+00 1.589435495034e+00 1.090000000000e+01
     vertex 1.024672364598e+01 1.941130151870e+00 8.200000000000e+00
   endloop
 endfacet
 facet normal 8.229838658937e-01 -5.680647467312e-01 0.000000000000e+00
   outer loop
     vertex 1.054800325644e+01 2.377609021504e+00 1.090000000000e+01
     vertex 1.024672364598e+01 1.941130151870e+00 8.200000000000e+00
     vertex 1.054800325644e+01 2.377609021504e+00 8.200000000000e+00
   endloop
 endfacet
 facet normal 8.229838658937e-01 -5.680647467312e-01 0.000000000000e+00
   outer loop
     vertex 1.054800325644e+01 2.377609021504e+00 1.090000000000e+01
     vertex 1.024672364598e+01 1.941130151870e+00 1.090000000000e+01
     vertex 1.024672364598e+01 1.941130151870e+00 8.200000000000e+00
   endloop
 endfacet
 facet normal 9.350162426854e-01 -3.546048870425e-01 0.000000000000e+00
   outer loop
     vertex 1.073607199834e+01 2.873505538567e+00 1.090000000000e+01
     vertex 1.054800325644e+01 2.377609021504e+00 8.200000000000e+00
     vertex 1.073607199834e+01 2.873505538567e+00 8.200000000000e+00
   endloop
 endfacet
 facet normal 9.350162426854e-01 -3.546048870425e-01 0.000000000000e+00
   outer loop
     vertex 1.073607199834e+01 2.873505538567e+00 1.090000000000e+01
     vertex 1.054800325644e+01 2.377609021504e+00 1.090000000000e+01
     vertex 1.054800325644e+01 2.377609021504e+00 8.200000000000e+00
   endloop
 endfacet
 facet normal 9.927088740981e-01 -1.205366802553e-01 0.000000000000e+00
   outer loop
     vertex 1.080000000000e+01 3.400000000000e+00 1.090000000000e+01
     vertex 1.073607199834e+01 2.873505538567e+00 1.090000000000e+01
     vertex 1.073607199834e+01 2.873505538567e+00 8.200000000000e+00
   endloop
 endfacet
 facet normal 9.927088740981e-01 -1.205366802553e-01 0.000000000000e+00
   outer loop
     vertex 1.080000000000e+01 3.400000000000e+00 1.090000000000e+01
     vertex 1.073607199834e+01 2.873505538567e+00 8.200000000000e+00
     vertex 1.080000000000e+01 3.400000000000e+00 8.200000000000e+00
   endloop
 endfacet
 facet normal 0.000000000000e+00 0.000000000000e+00 1.000000000000e+00
   outer loop
     vertex 7.819869248506e+00 1.342964266092e+00 1.090000000000e+01
     vertex 6.953276354024e+00 1.941130151870e+00 1.090000000000e+01
     vertex 7.350257557191e+00 1.589435495034e+00 1.090000000000e+01
   endloop
 endfacet
 facet normal 0.000000000000e+00 0.000000000000e+00 1.000000000000e+00
   outer loop
     vertex 9.380130751494e+00 1.342964266092e+00 1.090000000000e+01
     vertex 8.334819303438e+00 1.216040476984e+00 1.090000000000e+01
     vertex 8.865180696562e+00 1.216040476984e+00 1.090000000000e+01
   endloop
 endfacet
 facet normal 0.000000000000e+00 0.000000000000e+00 1.000000000000e+00
   outer loop
     vertex 1.024672364598e+01 1.941130151870e+00 1.090000000000e+01
     vertex 6.463928001663e+00 2.873505538567e+00 1.090000000000e+01
     vertex 6.651996743563e+00 2.377609021504e+00 1.090000000000e+01
   endloop
 endfacet
 facet normal 0.000000000000e+00 0.000000000000e+00 1.000000000000e+00
   outer loop
     vertex 1.024672364598e+01 1.941130151870e+00 1.090000000000e+01
     vertex 6.651996743563e+00 2.377609021504e+00 1.090000000000e+01
     vertex 6.953276354024e+00 1.941130151870e+00 1.090000000000e+01
   endloop
 endfacet
 facet normal 0.000000000000e+00 0.000000000000e+00 1.000000000000e+00
   outer loop
     vertex 1.024672364598e+01 1.941130151870e+00 1.090000000000e+01
     vertex 7.819869248506e+00 1.342964266092e+00 1.090000000000e+01
     vertex 8.334819303438e+00 1.216040476984e+00 1.090000000000e+01
   endloop
 endfacet
 facet normal 0.000000000000e+00 0.000000000000e+00 1.000000000000e+00
   outer loop
     vertex 1.024672364598e+01 1.941130151870e+00 1.090000000000e+01
     vertex 9.380130751494e+00 1.342964266092e+00 1.090000000000e+01
     vertex 9.849742442809e+00 1.589435495034e+00 1.090000000000e+01
   endloop
 endfacet
 facet normal 0.000000000000e+00 0.000000000000e+00 1.000000000000e+00
   outer loop
     vertex 1.024672364598e+01 1.941130151870e+00 1.090000000000e+01
     vertex 8.334819303438e+00 1.216040476984e+00 1.090000000000e+01
     vertex 9.380130751494e+00 1.342964266092e+00 1.090000000000e+01
   endloop
 endfacet
 facet normal 0.000000000000e+00 0.000000000000e+00 1.000000000000e+00
   outer loop
     vertex 1.024672364598e+01 1.941130151870e+00 1.090000000000e+01
     vertex 6.953276354024e+00 1.941130151870e+00 1.090000000000e+01
     vertex 7.819869248506e+00 1.342964266092e+00 1.090000000000e+01
   endloop
 endfacet
 facet normal 0.000000000000e+00 0.000000000000e+00 1.000000000000e+00
   outer loop
     vertex 7.819869248506e+00 5.457035733908e+00 1.090000000000e+01
     vertex 7.350257557191e+00 5.210564504966e+00 1.090000000000e+01
     vertex 6.953276354024e+00 4.858869848130e+00 1.090000000000e+01
   endloop
 endfacet
 facet normal 0.000000000000e+00 0.000000000000e+00 1.000000000000e+00
   outer loop
     vertex 7.819869248506e+00 5.457035733908e+00 1.090000000000e+01
     vertex 6.953276354024e+00 4.858869848130e+00 1.090000000000e+01
     vertex 6.651996743563e+00 4.422390978496e+00 1.090000000000e+01
   endloop
 endfacet
 facet normal 0.000000000000e+00 0.000000000000e+00 1.000000000000e+00
   outer loop
     vertex 1.073607199834e+01 2.873505538567e+00 1.090000000000e+01
     vertex 1.024672364598e+01 1.941130151870e+00 1.090000000000e+01
     vertex 1.054800325644e+01 2.377609021504e+00 1.090000000000e+01
   endloop
 endfacet
 facet normal 0.000000000000e+00 0.000000000000e+00 1.000000000000e+00
   outer loop
     vertex 9.380130751494e+00 5.457035733908e+00 1.090000000000e+01
     vertex 8.865180696562e+00 5.583959523016e+00 1.090000000000e+01
     vertex 8.334819303438e+00 5.583959523016e+00 1.090000000000e+01
   endloop
 endfacet
 facet normal 0.000000000000e+00 0.000000000000e+00 1.000000000000e+00
   outer loop
     vertex 9.849742442809e+00 5.210564504966e+00 1.090000000000e+01
     vertex 8.334819303438e+00 5.583959523016e+00 1.090000000000e+01
     vertex 7.819869248506e+00 5.457035733908e+00 1.090000000000e+01
   endloop
 endfacet
 facet normal 0.000000000000e+00 0.000000000000e+00 1.000000000000e+00
   outer loop
     vertex 9.849742442809e+00 5.210564504966e+00 1.090000000000e+01
     vertex 9.380130751494e+00 5.457035733908e+00 1.090000000000e+01
     vertex 8.334819303438e+00 5.583959523016e+00 1.090000000000e+01
   endloop
 endfacet
 facet normal 0.000000000000e+00 0.000000000000e+00 1.000000000000e+00
   outer loop
     vertex 1.024672364598e+01 4.858869848130e+00 1.090000000000e+01
     vertex 1.080000000000e+01 3.400000000000e+00 1.090000000000e+01
     vertex 1.073607199834e+01 3.926494461433e+00 1.090000000000e+01
   endloop
 endfacet
 facet normal 0.000000000000e+00 0.000000000000e+00 1.000000000000e+00
   outer loop
     vertex 1.024672364598e+01 4.858869848130e+00 1.090000000000e+01
     vertex 1.073607199834e+01 3.926494461433e+00 1.090000000000e+01
     vertex 1.054800325644e+01 4.422390978496e+00 1.090000000000e+01
   endloop
 endfacet
 facet normal 0.000000000000e+00 0.000000000000e+00 1.000000000000e+00
   outer loop
     vertex 1.024672364598e+01 4.858869848130e+00 1.090000000000e+01
     vertex 6.651996743563e+00 4.422390978496e+00 1.090000000000e+01
     vertex 6.463928001663e+00 3.926494461433e+00 1.090000000000e+01
   endloop
 endfacet
 facet normal 0.000000000000e+00 0.000000000000e+00 1.000000000000e+00
   outer loop
     vertex 1.024672364598e+01 4.858869848130e+00 1.090000000000e+01
     vertex 6.463928001663e+00 3.926494461433e+00 1.090000000000e+01
     vertex 6.400000000000e+00 3.400000000000e+00 1.090000000000e+01
   endloop
 endfacet
 facet normal 0.000000000000e+00 0.000000000000e+00 1.000000000000e+00
   outer loop
     vertex 1.024672364598e+01 4.858869848130e+00 1.090000000000e+01
     vertex 6.400000000000e+00 3.400000000000e+00 1.090000000000e+01
     vertex 6.463928001663e+00 2.873505538567e+00 1.090000000000e+01
   endloop
 endfacet
 facet normal 0.000000000000e+00 0.000000000000e+00 1.000000000000e+00
   outer loop
     vertex 1.024672364598e+01 4.858869848130e+00 1.090000000000e+01
     vertex 1.073607199834e+01 2.873505538567e+00 1.090000000000e+01
     vertex 1.080000000000e+01 3.400000000000e+00 1.090000000000e+01
   endloop
 endfacet
 facet normal 0.000000000000e+00 0.000000000000e+00 1.000000000000e+00
   outer loop
     vertex 1.024672364598e+01 4.858869848130e+00 1.090000000000e+01
     vertex 1.024672364598e+01 1.941130151870e+00 1.090000000000e+01
     vertex 1.073607199834e+01 2.873505538567e+00 1.090000000000e+01
   endloop
 endfacet
 facet normal 0.000000000000e+00 0.000000000000e+00 1.000000000000e+00
   outer loop
     vertex 1.024672364598e+01 4.858869848130e+00 1.090000000000e+01
     vertex 6.463928001663e+00 2.873505538567e+00 1.090000000000e+01
     vertex 1.024672364598e+01 1.941130151870e+00 1.090000000000e+01
   endloop
 endfacet
 facet normal 0.000000000000e+00 0.000000000000e+00 1.000000000000e+00
   outer loop
     vertex 1.024672364598e+01 4.858869848130e+00 1.090000000000e+01
     vertex 7.819869248506e+00 5.457035733908e+00 1.090000000000e+01
     vertex 6.651996743563e+00 4.422390978496e+00 1.090000000000e+01
   endloop
 endfacet
 facet normal 0.000000000000e+00 0.000000000000e+00 1.000000000000e+00
   outer loop
     vertex 1.024672364598e+01 4.858869848130e+00 1.090000000000e+01
     vertex 9.849742442809e+00 5.210564504966e+00 1.090000000000e+01
     vertex 7.819869248506e+00 5.457035733908e+00 1.090000000000e+01
   endloop
 endfacet
 facet normal 0.000000000000e+00 0.000000000000e+00 -1.000000000000e+00
   outer loop
     vertex 7.819869248506e+00 1.342964266092e+00 8.200000000000e+00
     vertex 7.350257557191e+00 1.589435495034e+00 8.200000000000e+00
     vertex 6.953276354024e+00 1.941130151870e+00 8.200000000000e+00
   endloop
 endfacet
 facet normal 0.000000000000e+00 0.000000000000e+00 -1.000000000000e+00
   outer loop
     vertex 9.380130751494e+00 1.342964266092e+00 8.200000000000e+00
     vertex 8.865180696562e+00 1.216040476984e+00 8.200000000000e+00
     vertex 8.334819303438e+00 1.216040476984e+00 8.200000000000e+00
   endloop
 endfacet
 facet normal 0.000000000000e+00 0.000000000000e+00 -1.000000000000e+00
   outer loop
     vertex 1.024672364598e+01 1.941130151870e+00 8.200000000000e+00
     vertex 6.651996743563e+00 2.377609021504e+00 8.200000000000e+00
     vertex 6.463928001663e+00 2.873505538567e+00 8.200000000000e+00
   endloop
 endfacet
 facet normal 0.000000000000e+00 0.000000000000e+00 -1.000000000000e+00
   outer loop
     vertex 1.024672364598e+01 1.941130151870e+00 8.200000000000e+00
     vertex 6.953276354024e+00 1.941130151870e+00 8.200000000000e+00
     vertex 6.651996743563e+00 2.377609021504e+00 8.200000000000e+00
   endloop
 endfacet
 facet normal 0.000000000000e+00 0.000000000000e+00 -1.000000000000e+00
   outer loop
     vertex 1.024672364598e+01 1.941130151870e+00 8.200000000000e+00
     vertex 8.334819303438e+00 1.216040476984e+00 8.200000000000e+00
     vertex 7.819869248506e+00 1.342964266092e+00 8.200000000000e+00
   endloop
 endfacet
 facet normal 0.000000000000e+00 0.000000000000e+00 -1.000000000000e+00
   outer loop
     vertex 1.024672364598e+01 1.941130151870e+00 8.200000000000e+00
     vertex 9.849742442809e+00 1.589435495034e+00 8.200000000000e+00
     vertex 9.380130751494e+00 1.342964266092e+00 8.200000000000e+00
   endloop
 endfacet
 facet normal 0.000000000000e+00 0.000000000000e+00 -1.000000000000e+00
   outer loop
     vertex 1.024672364598e+01 1.941130151870e+00 8.200000000000e+00
     vertex 9.380130751494e+00 1.342964266092e+00 8.200000000000e+00
     vertex 8.334819303438e+00 1.216040476984e+00 8.200000000000e+00
   endloop
 endfacet
 facet normal -0.000000000000e+00 0.000000000000e+00 -1.000000000000e+00
   outer loop
     vertex 1.024672364598e+01 1.941130151870e+00 8.200000000000e+00
     vertex 7.819869248506e+00 1.342964266092e+00 8.200000000000e+00
     vertex 6.953276354024e+00 1.941130151870e+00 8.200000000000e+00
   endloop
 endfacet
 facet normal 0.000000000000e+00 0.000000000000e+00 -1.000000000000e+00
   outer loop
     vertex 7.819869248506e+00 5.457035733908e+00 8.200000000000e+00
     vertex 6.953276354024e+00 4.858869848130e+00 8.200000000000e+00
     vertex 7.350257557191e+00 5.210564504966e+00 8.200000000000e+00
   endloop
 endfacet
 facet normal 0.000000000000e+00 0.000000000000e+00 -1.000000000000e+00
   outer loop
     vertex 7.819869248506e+00 5.457035733908e+00 8.200000000000e+00
     vertex 6.651996743563e+00 4.422390978496e+00 8.200000000000e+00
     vertex 6.953276354024e+00 4.858869848130e+00 8.200000000000e+00
   endloop
 endfacet
 facet normal 0.000000000000e+00 0.000000000000e+00 -1.000000000000e+00
   outer loop
     vertex 1.073607199834e+01 2.873505538567e+00 8.200000000000e+00
     vertex 1.054800325644e+01 2.377609021504e+00 8.200000000000e+00
     vertex 1.024672364598e+01 1.941130151870e+00 8.200000000000e+00
   endloop
 endfacet
 facet normal 0.000000000000e+00 0.000000000000e+00 -1.000000000000e+00
   outer loop
     vertex 9.380130751494e+00 5.457035733908e+00 8.200000000000e+00
     vertex 8.334819303438e+00 5.583959523016e+00 8.200000000000e+00
     vertex 8.865180696562e+00 5.583959523016e+00 8.200000000000e+00
   endloop
 endfacet
 facet normal 0.000000000000e+00 0.000000000000e+00 -1.000000000000e+00
   outer loop
     vertex 9.849742442809e+00 5.210564504966e+00 8.200000000000e+00
     vertex 7.819869248506e+00 5.457035733908e+00 8.200000000000e+00
     vertex 8.334819303438e+00 5.583959523016e+00 8.200000000000e+00
   endloop
 endfacet
 facet normal 0.000000000000e+00 0.000000000000e+00 -1.000000000000e+00
   outer loop
     vertex 9.849742442809e+00 5.210564504966e+00 8.200000000000e+00
     vertex 8.334819303438e+00 5.583959523016e+00 8.200000000000e+00
     vertex 9.380130751494e+00 5.457035733908e+00 8.200000000000e+00
   endloop
 endfacet
 facet normal 0.000000000000e+00 0.000000000000e+00 -1.000000000000e+00
   outer loop
     vertex 1.024672364598e+01 4.858869848130e+00 8.200000000000e+00
     vertex 1.073607199834e+01 3.926494461433e+00 8.200000000000e+00
     vertex 1.080000000000e+01 3.400000000000e+00 8.200000000000e+00
   endloop
 endfacet
 facet normal 0.000000000000e+00 0.000000000000e+00 -1.000000000000e+00
   outer loop
     vertex 1.024672364598e+01 4.858869848130e+00 8.200000000000e+00
     vertex 1.054800325644e+01 4.422390978496e+00 8.200000000000e+00
     vertex 1.073607199834e+01 3.926494461433e+00 8.200000000000e+00
   endloop
 endfacet
 facet normal 0.000000000000e+00 0.000000000000e+00 -1.000000000000e+00
   outer loop
     vertex 1.024672364598e+01 4.858869848130e+00 8.200000000000e+00
     vertex 6.463928001663e+00 3.926494461433e+00 8.200000000000e+00
     vertex 6.651996743563e+00 4.422390978496e+00 8.200000000000e+00
   endloop
 endfacet
 facet normal 0.000000000000e+00 0.000000000000e+00 -1.000000000000e+00
   outer loop
     vertex 1.024672364598e+01 4.858869848130e+00 8.200000000000e+00
     vertex 6.400000000000e+00 3.400000000000e+00 8.200000000000e+00
     vertex 6.463928001663e+00 3.926494461433e+00 8.200000000000e+00
   endloop
 endfacet
 facet normal 0.000000000000e+00 0.000000000000e+00 -1.000000000000e+00
   outer loop
     vertex 1.024672364598e+01 4.858869848130e+00 8.200000000000e+00
     vertex 6.463928001663e+00 2.873505538567e+00 8.200000000000e+00
     vertex 6.400000000000e+00 3.400000000000e+00 8.200000000000e+00
   endloop
 endfacet
 facet normal 0.000000000000e+00 0.000000000000e+00 -1.000000000000e+00
   outer loop
     vertex 1.024672364598e+01 4.858869848130e+00 8.200000000000e+00
     vertex 1.080000000000e+01 3.400000000000e+00 8.200000000000e+00
     vertex 1.073607199834e+01 2.873505538567e+00 8.200000000000e+00
   endloop
 endfacet
 facet normal 0.000000000000e+00 -0.000000000000e+00 -1.000000000000e+00
   outer loop
     vertex 1.024672364598e+01 4.858869848130e+00 8.200000000000e+00
     vertex 1.073607199834e+01 2.873505538567e+00 8.200000000000e+00
     vertex 1.024672364598e+01 1.941130151870e+00 8.200000000000e+00
   endloop
 endfacet
 facet normal 0.000000000000e+00 0.000000000000e+00 -1.000000000000e+00
   outer loop
     vertex 1.024672364598e+01 4.858869848130e+00 8.200000000000e+00
     vertex 1.024672364598e+01 1.941130151870e+00 8.200000000000e+00
     vertex 6.463928001663e+00 2.873505538567e+00 8.200000000000e+00
   endloop
 endfacet
 facet normal -0.000000000000e+00 0.000000000000e+00 -1.000000000000e+00
   outer loop
     vertex 1.024672364598e+01 4.858869848130e+00 8.200000000000e+00
     vertex 6.651996743563e+00 4.422390978496e+00 8.200000000000e+00
     vertex 7.819869248506e+00 5.457035733908e+00 8.200000000000e+00
   endloop
 endfacet
 facet normal 0.000000000000e+00 0.000000000000e+00 -1.000000000000e+00
   outer loop
     vertex 1.024672364598e+01 4.858869848130e+00 8.200000000000e+00
     vertex 7.819869248506e+00 5.457035733908e+00 8.200000000000e+00
     vertex 9.849742442809e+00 5.210564504966e+00 8.200000000000e+00
   endloop
 endfacet
 facet normal -1.000000000000e+00 0.000000000000e+00 0.000000000000e+00
   outer loop
     vertex -9.950000000000e+00 -6.050000000000e+00 8.250000000000e+00
     vertex -9.950000000000e+00 -5.350000000000e+00 7.600000000000e+00
     vertex -9.950000000000e+00 -6.050000000000e+00 7.600000000000e+00
   endloop
 endfacet
 facet normal -1.000000000000e+00 0.000000000000e+00 0.000000000000e+00
   outer loop
     vertex -9.950000000000e+00 -6.050000000000e+00 8.250000000000e+00
     vertex -9.950000000000e+00 -5.350000000000e+00 8.250000000000e+00
     vertex -9.950000000000e+00 -5.350000000000e+00 7.600000000000e+00
   endloop
 endfacet
 facet normal 1.000000000000e+00 0.000000000000e+00 0.000000000000e+00
   outer loop
     vertex -8.850000000000e+00 -6.050000000000e+00 8.250000000000e+00
     vertex -8.850000000000e+00 -6.050000000000e+00 7.600000000000e+00
     vertex -8.850000000000e+00 -5.350000000000e+00 7.600000000000e+00
   endloop
 endfacet
 facet normal 1.000000000000e+00 -0.000000000000e+00 0.000000000000e+00
   outer loop
     vertex -8.850000000000e+00 -6.050000000000e+00 8.250000000000e+00
     vertex -8.850000000000e+00 -5.350000000000e+00 7.600000000000e+00
     vertex -8.850000000000e+00 -5.350000000000e+00 8.250000000000e+00
   endloop
 endfacet
 facet normal 0.000000000000e+00 -1.000000000000e+00 -0.000000000000e+00
   outer loop
     vertex -8.850000000000e+00 -6.050000000000e+00 8.250000000000e+00
     vertex -9.950000000000e+00 -6.050000000000e+00 7.600000000000e+00
     vertex -8.850000000000e+00 -6.050000000000e+00 7.600000000000e+00
   endloop
 endfacet
 facet normal -0.000000000000e+00 -1.000000000000e+00 0.000000000000e+00
   outer loop
     vertex -8.850000000000e+00 -6.050000000000e+00 8.250000000000e+00
     vertex -9.950000000000e+00 -6.050000000000e+00 8.250000000000e+00
     vertex -9.950000000000e+00 -6.050000000000e+00 7.600000000000e+00
   endloop
 endfacet
 facet normal 0.000000000000e+00 1.000000000000e+00 0.000000000000e+00
   outer loop
     vertex -8.850000000000e+00 -5.350000000000e+00 8.250000000000e+00
     vertex -8.850000000000e+00 -5.350000000000e+00 7.600000000000e+00
     vertex -9.950000000000e+00 -5.350000000000e+00 7.600000000000e+00
   endloop
 endfacet
 facet normal 0.000000000000e+00 1.000000000000e+00 0.000000000000e+00
   outer loop
     vertex -8.850000000000e+00 -5.350000000000e+00 8.250000000000e+00
     vertex -9.950000000000e+00 -5.350000000000e+00 7.600000000000e+00
     vertex -9.950000000000e+00 -5.350000000000e+00 8.250000000000e+00
   endloop
 endfacet
 facet normal -0.000000000000e+00 0.000000000000e+00 -1.000000000000e+00
   outer loop
     vertex -8.850000000000e+00 -5.350000000000e+00 7.600000000000e+00
     vertex -9.950000000000e+00 -6.050000000000e+00 7.600000000000e+00
     vertex -9.950000000000e+00 -5.350000000000e+00 7.600000000000e+00
   endloop
 endfacet
 facet normal 0.000000000000e+00 -0.000000000000e+00 -1.000000000000e+00
   outer loop
     vertex -8.850000000000e+00 -5.350000000000e+00 7.600000000000e+00
     vertex -8.850000000000e+00 -6.050000000000e+00 7.600000000000e+00
     vertex -9.950000000000e+00 -6.050000000000e+00 7.600000000000e+00
   endloop
 endfacet
 facet normal 0.000000000000e+00 0.000000000000e+00 1.000000000000e+00
   outer loop
     vertex -8.850000000000e+00 -5.350000000000e+00 8.250000000000e+00
     vertex -9.950000000000e+00 -5.350000000000e+00 8.250000000000e+00
     vertex -9.950000000000e+00 -6.050000000000e+00 8.250000000000e+00
   endloop
 endfacet
 facet normal 0.000000000000e+00 0.000000000000e+00 1.000000000000e+00
   outer loop
     vertex -8.850000000000e+00 -5.350000000000e+00 8.250000000000e+00
     vertex -9.950000000000e+00 -6.050000000000e+00 8.250000000000e+00
     vertex -8.850000000000e+00 -6.050000000000e+00 8.250000000000e+00
   endloop
 endfacet
 facet normal -1.000000000000e+00 0.000000000000e+00 0.000000000000e+00
   outer loop
     vertex -8.550000000000e+00 3.450000000000e+00 8.250000000000e+00
     vertex -8.550000000000e+00 4.150000000000e+00 7.600000000000e+00
     vertex -8.550000000000e+00 3.450000000000e+00 7.600000000000e+00
   endloop
 endfacet
 facet normal -1.000000000000e+00 0.000000000000e+00 0.000000000000e+00
   outer loop
     vertex -8.550000000000e+00 3.450000000000e+00 8.250000000000e+00
     vertex -8.550000000000e+00 4.150000000000e+00 8.250000000000e+00
     vertex -8.550000000000e+00 4.150000000000e+00 7.600000000000e+00
   endloop
 endfacet
 facet normal 1.000000000000e+00 0.000000000000e+00 0.000000000000e+00
   outer loop
     vertex -7.450000000000e+00 3.450000000000e+00 8.250000000000e+00
     vertex -7.450000000000e+00 3.450000000000e+00 7.600000000000e+00
     vertex -7.450000000000e+00 4.150000000000e+00 7.600000000000e+00
   endloop
 endfacet
 facet normal 1.000000000000e+00 -0.000000000000e+00 0.000000000000e+00
   outer loop
     vertex -7.450000000000e+00 3.450000000000e+00 8.250000000000e+00
     vertex -7.450000000000e+00 4.150000000000e+00 7.600000000000e+00
     vertex -7.450000000000e+00 4.150000000000e+00 8.250000000000e+00
   endloop
 endfacet
 facet normal 0.000000000000e+00 -1.000000000000e+00 -0.000000000000e+00
   outer loop
     vertex -7.450000000000e+00 3.450000000000e+00 8.250000000000e+00
     vertex -8.550000000000e+00 3.450000000000e+00 7.600000000000e+00
     vertex -7.450000000000e+00 3.450000000000e+00 7.600000000000e+00
   endloop
 endfacet
 facet normal -0.000000000000e+00 -1.000000000000e+00 0.000000000000e+00
   outer loop
     vertex -7.450000000000e+00 3.450000000000e+00 8.250000000000e+00
     vertex -8.550000000000e+00 3.450000000000e+00 8.250000000000e+00
     vertex -8.550000000000e+00 3.450000000000e+00 7.600000000000e+00
   endloop
 endfacet
 facet normal 0.000000000000e+00 1.000000000000e+00 0.000000000000e+00
   outer loop
     vertex -7.450000000000e+00 4.150000000000e+00 8.250000000000e+00
     vertex -7.450000000000e+00 4.150000000000e+00 7.600000000000e+00
     vertex -8.550000000000e+00 4.150000000000e+00 7.600000000000e+00
   endloop
 endfacet
 facet normal 0.000000000000e+00 1.000000000000e+00 0.000000000000e+00
   outer loop
     vertex -7.450000000000e+00 4.150000000000e+00 8.250000000000e+00
     vertex -8.550000000000e+00 4.150000000000e+00 7.600000000000e+00
     vertex -8.550000000000e+00 4.150000000000e+00 8.250000000000e+00
   endloop
 endfacet
 facet normal -0.000000000000e+00 0.000000000000e+00 -1.000000000000e+00
   outer loop
     vertex -7.450000000000e+00 4.150000000000e+00 7.600000000000e+00
     vertex -8.550000000000e+00 3.450000000000e+00 7.600000000000e+00
     vertex -8.550000000000e+00 4.150000000000e+00 7.600000000000e+00
   endloop
 endfacet
 facet normal 0.000000000000e+00 -0.000000000000e+00 -1.000000000000e+00
   outer loop
     vertex -7.450000000000e+00 4.150000000000e+00 7.600000000000e+00
     vertex -7.450000000000e+00 3.450000000000e+00 7.600000000000e+00
     vertex -8.550000000000e+00 3.450000000000e+00 7.600000000000e+00
   endloop
 endfacet
 facet normal 0.000000000000e+00 0.000000000000e+00 1.000000000000e+00
   outer loop
     vertex -7.450000000000e+00 4.150000000000e+00 8.250000000000e+00
     vertex -8.550000000000e+00 4.150000000000e+00 8.250000000000e+00
     vertex -8.550000000000e+00 3.450000000000e+00 8.250000000000e+00
   endloop
 endfacet
 facet normal 0.000000000000e+00 0.000000000000e+00 1.000000000000e+00
   outer loop
     vertex -7.450000000000e+00 4.150000000000e+00 8.250000000000e+00
     vertex -8.550000000000e+00 3.450000000000e+00 8.250000000000e+00
     vertex -7.450000000000e+00 3.450000000000e+00 8.250000000000e+00
   endloop
 endfacet
 facet normal -1.000000000000e+00 0.000000000000e+00 0.000000000000e+00
   outer loop
     vertex -6.150000000000e+00 5.150000000000e+00 8.250000000000e+00
     vertex -6.150000000000e+00 5.850000000000e+00 7.600000000000e+00
     vertex -6.150000000000e+00 5.150000000000e+00 7.600000000000e+00
   endloop
 endfacet
 facet normal -1.000000000000e+00 0.000000000000e+00 0.000000000000e+00
   outer loop
     vertex -6.150000000000e+00 5.150000000000e+00 8.250000000000e+00
     vertex -6.150000000000e+00 5.850000000000e+00 8.250000000000e+00
     vertex -6.150000000000e+00 5.850000000000e+00 7.600000000000e+00
   endloop
 endfacet
 facet normal 1.000000000000e+00 0.000000000000e+00 0.000000000000e+00
   outer loop
     vertex -5.050000000000e+00 5.150000000000e+00 8.250000000000e+00
     vertex -5.050000000000e+00 5.150000000000e+00 7.600000000000e+00
     vertex -5.050000000000e+00 5.850000000000e+00 7.600000000000e+00
   endloop
 endfacet
 facet normal 1.000000000000e+00 -0.000000000000e+00 0.000000000000e+00
   outer loop
     vertex -5.050000000000e+00 5.150000000000e+00 8.250000000000e+00
     vertex -5.050000000000e+00 5.850000000000e+00 7.600000000000e+00
     vertex -5.050000000000e+00 5.850000000000e+00 8.250000000000e+00
   endloop
 endfacet
 facet normal 0.000000000000e+00 -1.000000000000e+00 -0.000000000000e+00
   outer loop
     vertex -5.050000000000e+00 5.150000000000e+00 8.250000000000e+00
     vertex -6.150000000000e+00 5.150000000000e+00 7.600000000000e+00
     vertex -5.050000000000e+00 5.150000000000e+00 7.600000000000e+00
   endloop
 endfacet
 facet normal -0.000000000000e+00 -1.000000000000e+00 0.000000000000e+00
   outer loop
     vertex -5.050000000000e+00 5.150000000000e+00 8.250000000000e+00
     vertex -6.150000000000e+00 5.150000000000e+00 8.250000000000e+00
     vertex -6.150000000000e+00 5.150000000000e+00 7.600000000000e+00
   endloop
 endfacet
 facet normal 0.000000000000e+00 1.000000000000e+00 0.000000000000e+00
   outer loop
     vertex -5.050000000000e+00 5.850000000000e+00 8.250000000000e+00
     vertex -5.050000000000e+00 5.850000000000e+00 7.600000000000e+00
     vertex -6.150000000000e+00 5.850000000000e+00 7.600000000000e+00
   endloop
 endfacet
 facet normal 0.000000000000e+00 1.000000000000e+00 0.000000000000e+00
   outer loop
     vertex -5.050000000000e+00 5.850000000000e+00 8.250000000000e+00
     vertex -6.150000000000e+00 5.850000000000e+00 7.600000000000e+00
     vertex -6.150000000000e+00 5.850000000000e+00 8.250000000000e+00
   endloop
 endfacet
 facet normal -0.000000000000e+00 0.000000000000e+00 -1.000000000000e+00
   outer loop
     vertex -5.050000000000e+00 5.850000000000e+00 7.600000000000e+00
     vertex -6.150000000000e+00 5.150000000000e+00 7.600000000000e+00
     vertex -6.150000000000e+00 5.850000000000e+00 7.600000000000e+00
   endloop
 endfacet
 facet normal 0.000000000000e+00 -0.000000000000e+00 -1.000000000000e+00
   outer loop
     vertex -5.050000000000e+00 5.850000000000e+00 7.600000000000e+00
     vertex -5.050000000000e+00 5.150000000000e+00 7.600000000000e+00
     vertex -6.150000000000e+00 5.150000000000e+00 7.600000000000e+00
   endloop
 endfacet
 facet normal 0.000000000000e+00 0.000000000000e+00 1.000000000000e+00
   outer loop
     vertex -5.050000000000e+00 5.850000000000e+00 8.250000000000e+00
     vertex -6.150000000000e+00 5.850000000000e+00 8.250000000000e+00
     vertex -6.150000000000e+00 5.150000000000e+00 8.250000000000e+00
   endloop
 endfacet
 facet normal 0.000000000000e+00 0.000000000000e+00 1.000000000000e+00
   outer loop
     vertex -5.050000000000e+00 5.850000000000e+00 8.250000000000e+00
     vertex -6.150000000000e+00 5.150000000000e+00 8.250000000000e+00
     vertex -5.050000000000e+00 5.150000000000e+00 8.250000000000e+00
   endloop
 endfacet
 facet normal -1.000000000000e+00 0.000000000000e+00 0.000000000000e+00
   outer loop
     vertex 2.050000000000e+00 -5.950000000000e+00 8.250000000000e+00
     vertex 2.050000000000e+00 -5.250000000000e+00 7.600000000000e+00
     vertex 2.050000000000e+00 -5.950000000000e+00 7.600000000000e+00
   endloop
 endfacet
 facet normal -1.000000000000e+00 0.000000000000e+00 0.000000000000e+00
   outer loop
     vertex 2.050000000000e+00 -5.950000000000e+00 8.250000000000e+00
     vertex 2.050000000000e+00 -5.250000000000e+00 8.250000000000e+00
     vertex 2.050000000000e+00 -5.250000000000e+00 7.600000000000e+00
   endloop
 endfacet
 facet normal 1.000000000000e+00 0.000000000000e+00 0.000000000000e+00
   outer loop
     vertex 3.150000000000e+00 -5.950000000000e+00 8.250000000000e+00
     vertex 3.150000000000e+00 -5.950000000000e+00 7.600000000000e+00
     vertex 3.150000000000e+00 -5.250000000000e+00 7.600000000000e+00
   endloop
 endfacet
 facet normal 1.000000000000e+00 -0.000000000000e+00 0.000000000000e+00
   outer loop
     vertex 3.150000000000e+00 -5.950000000000e+00 8.250000000000e+00
     vertex 3.150000000000e+00 -5.250000000000e+00 7.600000000000e+00
     vertex 3.150000000000e+00 -5.250000000000e+00 8.250000000000e+00
   endloop
 endfacet
 facet normal 0.000000000000e+00 -1.000000000000e+00 -0.000000000000e+00
   outer loop
     vertex 3.150000000000e+00 -5.950000000000e+00 8.250000000000e+00
     vertex 2.050000000000e+00 -5.950000000000e+00 7.600000000000e+00
     vertex 3.150000000000e+00 -5.950000000000e+00 7.600000000000e+00
   endloop
 endfacet
 facet normal -0.000000000000e+00 -1.000000000000e+00 0.000000000000e+00
   outer loop
     vertex 3.150000000000e+00 -5.950000000000e+00 8.250000000000e+00
     vertex 2.050000000000e+00 -5.950000000000e+00 8.250000000000e+00
     vertex 2.050000000000e+00 -5.950000000000e+00 7.600000000000e+00
   endloop
 endfacet
 facet normal 0.000000000000e+00 1.000000000000e+00 0.000000000000e+00
   outer loop
     vertex 3.150000000000e+00 -5.250000000000e+00 8.250000000000e+00
     vertex 3.150000000000e+00 -5.250000000000e+00 7.600000000000e+00
     vertex 2.050000000000e+00 -5.250000000000e+00 7.600000000000e+00
   endloop
 endfacet
 facet normal 0.000000000000e+00 1.000000000000e+00 0.000000000000e+00
   outer loop
     vertex 3.150000000000e+00 -5.250000000000e+00 8.250000000000e+00
     vertex 2.050000000000e+00 -5.250000000000e+00 7.600000000000e+00
     vertex 2.050000000000e+00 -5.250000000000e+00 8.250000000000e+00
   endloop
 endfacet
 facet normal -0.000000000000e+00 0.000000000000e+00 -1.000000000000e+00
   outer loop
     vertex 3.150000000000e+00 -5.250000000000e+00 7.600000000000e+00
     vertex 2.050000000000e+00 -5.950000000000e+00 7.600000000000e+00
     vertex 2.050000000000e+00 -5.250000000000e+00 7.600000000000e+00
   endloop
 endfacet
 facet normal 0.000000000000e+00 -0.000000000000e+00 -1.000000000000e+00
   outer loop
     vertex 3.150000000000e+00 -5.250000000000e+00 7.600000000000e+00
     vertex 3.150000000000e+00 -5.950000000000e+00 7.600000000000e+00
     vertex 2.050000000000e+00 -5.950000000000e+00 7.600000000000e+00
   endloop
 endfacet
 facet normal 0.000000000000e+00 0.000000000000e+00 1.000000000000e+00
   outer loop
     vertex 3.150000000000e+00 -5.250000000000e+00 8.250000000000e+00
     vertex 2.050000000000e+00 -5.250000000000e+00 8.250000000000e+00
     vertex 2.050000000000e+00 -5.950000000000e+00 8.250000000000e+00
   endloop
 endfacet
 facet normal 0.000000000000e+00 0.000000000000e+00 1.000000000000e+00
   outer loop
     vertex 3.150000000000e+00 -5.250000000000e+00 8.250000000000e+00
     vertex 2.050000000000e+00 -5.950000000000e+00 8.250000000000e+00
     vertex 3.150000000000e+00 -5.950000000000e+00 8.250000000000e+00
   endloop
 endfacet
 facet normal -1.000000000000e+00 0.000000000000e+00 0.000000000000e+00
   outer loop
     vertex 2.550000000000e+00 5.550000000000e+00 8.250000000000e+00
     vertex 2.550000000000e+00 6.250000000000e+00 7.600000000000e+00
     vertex 2.550000000000e+00 5.550000000000e+00 7.600000000000e+00
   endloop
 endfacet
 facet normal -1.000000000000e+00 0.000000000000e+00 0.000000000000e+00
   outer loop
     vertex 2.550000000000e+00 5.550000000000e+00 8.250000000000e+00
     vertex 2.550000000000e+00 6.250000000000e+00 8.250000000000e+00
     vertex 2.550000000000e+00 6.250000000000e+00 7.600000000000e+00
   endloop
 endfacet
 facet normal 1.000000000000e+00 0.000000000000e+00 0.000000000000e+00
   outer loop
     vertex 3.650000000000e+00 5.550000000000e+00 8.250000000000e+00
     vertex 3.650000000000e+00 5.550000000000e+00 7.600000000000e+00
     vertex 3.650000000000e+00 6.250000000000e+00 7.600000000000e+00
   endloop
 endfacet
 facet normal 1.000000000000e+00 -0.000000000000e+00 0.000000000000e+00
   outer loop
     vertex 3.650000000000e+00 5.550000000000e+00 8.250000000000e+00
     vertex 3.650000000000e+00 6.250000000000e+00 7.600000000000e+00
     vertex 3.650000000000e+00 6.250000000000e+00 8.250000000000e+00
   endloop
 endfacet
 facet normal 0.000000000000e+00 -1.000000000000e+00 -0.000000000000e+00
   outer loop
     vertex 3.650000000000e+00 5.550000000000e+00 8.250000000000e+00
     vertex 2.550000000000e+00 5.550000000000e+00 7.600000000000e+00
     vertex 3.650000000000e+00 5.550000000000e+00 7.600000000000e+00
   endloop
 endfacet
 facet normal -0.000000000000e+00 -1.000000000000e+00 0.000000000000e+00
   outer loop
     vertex 3.650000000000e+00 5.550000000000e+00 8.250000000000e+00
     vertex 2.550000000000e+00 5.550000000000e+00 8.250000000000e+00
     vertex 2.550000000000e+00 5.550000000000e+00 7.600000000000e+00
   endloop
 endfacet
 facet normal 0.000000000000e+00 1.000000000000e+00 0.000000000000e+00
   outer loop
     vertex 3.650000000000e+00 6.250000000000e+00 8.250000000000e+00
     vertex 3.650000000000e+00 6.250000000000e+00 7.600000000000e+00
     vertex 2.550000000000e+00 6.250000000000e+00 7.600000000000e+00
   endloop
 endfacet
 facet normal 0.000000000000e+00 1.000000000000e+00 0.000000000000e+00
   outer loop
     vertex 3.650000000000e+00 6.250000000000e+00 8.250000000000e+00
     vertex 2.550000000000e+00 6.250000000000e+00 7.600000000000e+00
     vertex 2.550000000000e+00 6.250000000000e+00 8.250000000000e+00
   endloop
 endfacet
 facet normal -0.000000000000e+00 0.000000000000e+00 -1.000000000000e+00
   outer loop
     vertex 3.650000000000e+00 6.250000000000e+00 7.600000000000e+00
     vertex 2.550000000000e+00 5.550000000000e+00 7.600000000000e+00
     vertex 2.550000000000e+00 6.250000000000e+00 7.600000000000e+00
   endloop
 endfacet
 facet normal 0.000000000000e+00 -0.000000000000e+00 -1.000000000000e+00
   outer loop
     vertex 3.650000000000e+00 6.250000000000e+00 7.600000000000e+00
     vertex 3.650000000000e+00 5.550000000000e+00 7.600000000000e+00
     vertex 2.550000000000e+00 5.550000000000e+00 7.600000000000e+00
   endloop
 endfacet
 facet normal 0.000000000000e+00 0.000000000000e+00 1.000000000000e+00
   outer loop
     vertex 3.650000000000e+00 6.250000000000e+00 8.250000000000e+00
     vertex 2.550000000000e+00 6.250000000000e+00 8.250000000000e+00
     vertex 2.550000000000e+00 5.550000000000e+00 8.250000000000e+00
   endloop
 endfacet
 facet normal 0.000000000000e+00 0.000000000000e+00 1.000000000000e+00
   outer loop
     vertex 3.650000000000e+00 6.250000000000e+00 8.250000000000e+00
     vertex 2.550000000000e+00 5.550000000000e+00 8.250000000000e+00
     vertex 3.650000000000e+00 5.550000000000e+00 8.250000000000e+00
   endloop
 endfacet
 facet normal -1.000000000000e+00 0.000000000000e+00 0.000000000000e+00
   outer loop
     vertex 1.125000000000e+01 -7.250000000000e+00 8.250000000000e+00
     vertex 1.125000000000e+01 -6.550000000000e+00 7.600000000000e+00
     vertex 1.125000000000e+01 -7.250000000000e+00 7.600000000000e+00
   endloop
 endfacet
 facet normal -1.000000000000e+00 0.000000000000e+00 0.000000000000e+00
   outer loop
     vertex 1.125000000000e+01 -7.250000000000e+00 8.250000000000e+00
     vertex 1.125000000000e+01 -6.550000000000e+00 8.250000000000e+00
     vertex 1.125000000000e+01 -6.550000000000e+00 7.600000000000e+00
   endloop
 endfacet
 facet normal 1.000000000000e+00 0.000000000000e+00 0.000000000000e+00
   outer loop
     vertex 1.235000000000e+01 -7.250000000000e+00 8.250000000000e+00
     vertex 1.235000000000e+01 -7.250000000000e+00 7.600000000000e+00
     vertex 1.235000000000e+01 -6.550000000000e+00 7.600000000000e+00
   endloop
 endfacet
 facet normal 1.000000000000e+00 -0.000000000000e+00 0.000000000000e+00
   outer loop
     vertex 1.235000000000e+01 -7.250000000000e+00 8.250000000000e+00
     vertex 1.235000000000e+01 -6.550000000000e+00 7.600000000000e+00
     vertex 1.235000000000e+01 -6.550000000000e+00 8.250000000000e+00
   endloop
 endfacet
 facet normal 0.000000000000e+00 -1.000000000000e+00 -0.000000000000e+00
   outer loop
     vertex 1.235000000000e+01 -7.250000000000e+00 8.250000000000e+00
     vertex 1.125000000000e+01 -7.250000000000e+00 7.600000000000e+00
     vertex 1.235000000000e+01 -7.250000000000e+00 7.600000000000e+00
   endloop
 endfacet
 facet normal -0.000000000000e+00 -1.000000000000e+00 0.000000000000e+00
   outer loop
     vertex 1.235000000000e+01 -7.250000000000e+00 8.250000000000e+00
     vertex 1.125000000000e+01 -7.250000000000e+00 8.250000000000e+00
     vertex 1.125000000000e+01 -7.250000000000e+00 7.600000000000e+00
   endloop
 endfacet
 facet normal 0.000000000000e+00 1.000000000000e+00 0.000000000000e+00
   outer loop
     vertex 1.235000000000e+01 -6.550000000000e+00 8.250000000000e+00
     vertex 1.235000000000e+01 -6.550000000000e+00 7.600000000000e+00
     vertex 1.125000000000e+01 -6.550000000000e+00 7.600000000000e+00
   endloop
 endfacet
 facet normal 0.000000000000e+00 1.000000000000e+00 0.000000000000e+00
   outer loop
     vertex 1.235000000000e+01 -6.550000000000e+00 8.250000000000e+00
     vertex 1.125000000000e+01 -6.550000000000e+00 7.600000000000e+00
     vertex 1.125000000000e+01 -6.550000000000e+00 8.250000000000e+00
   endloop
 endfacet
 facet normal -0.000000000000e+00 0.000000000000e+00 -1.000000000000e+00
   outer loop
     vertex 1.235000000000e+01 -6.550000000000e+00 7.600000000000e+00
     vertex 1.125000000000e+01 -7.250000000000e+00 7.600000000000e+00
     vertex 1.125000000000e+01 -6.550000000000e+00 7.600000000000e+00
   endloop
 endfacet
 facet normal 0.000000000000e+00 -0.000000000000e+00 -1.000000000000e+00
   outer loop
     vertex 1.235000000000e+01 -6.550000000000e+00 7.600000000000e+00
     vertex 1.235000000000e+01 -7.250000000000e+00 7.600000000000e+00
     vertex 1.125000000000e+01 -7.250000000000e+00 7.600000000000e+00
   endloop
 endfacet
 facet normal 0.000000000000e+00 0.000000000000e+00 1.000000000000e+00
   outer loop
     vertex 1.235000000000e+01 -6.550000000000e+00 8.250000000000e+00
     vertex 1.125000000000e+01 -6.550000000000e+00 8.250000000000e+00
     vertex 1.125000000000e+01 -7.250000000000e+00 8.250000000000e+00
   endloop
 endfacet
 facet normal 0.000000000000e+00 0.000000000000e+00 1.000000000000e+00
   outer loop
     vertex 1.235000000000e+01 -6.550000000000e+00 8.250000000000e+00
     vertex 1.125000000000e+01 -7.250000000000e+00 8.250000000000e+00
     vertex 1.235000000000e+01 -7.250000000000e+00 8.250000000000e+00
   endloop
 endfacet
 facet normal -1.000000000000e+00 0.000000000000e+00 0.000000000000e+00
   outer loop
     vertex 1.155000000000e+01 6.450000000000e+00 8.250000000000e+00
     vertex 1.155000000000e+01 7.150000000000e+00 7.600000000000e+00
     vertex 1.155000000000e+01 6.450000000000e+00 7.600000000000e+00
   endloop
 endfacet
 facet normal -1.000000000000e+00 0.000000000000e+00 0.000000000000e+00
   outer loop
     vertex 1.155000000000e+01 6.450000000000e+00 8.250000000000e+00
     vertex 1.155000000000e+01 7.150000000000e+00 8.250000000000e+00
     vertex 1.155000000000e+01 7.150000000000e+00 7.600000000000e+00
   endloop
 endfacet
 facet normal 1.000000000000e+00 0.000000000000e+00 0.000000000000e+00
   outer loop
     vertex 1.265000000000e+01 6.450000000000e+00 8.250000000000e+00
     vertex 1.265000000000e+01 6.450000000000e+00 7.600000000000e+00
     vertex 1.265000000000e+01 7.150000000000e+00 7.600000000000e+00
   endloop
 endfacet
 facet normal 1.000000000000e+00 -0.000000000000e+00 0.000000000000e+00
   outer loop
     vertex 1.265000000000e+01 6.450000000000e+00 8.250000000000e+00
     vertex 1.265000000000e+01 7.150000000000e+00 7.600000000000e+00
     vertex 1.265000000000e+01 7.150000000000e+00 8.250000000000e+00
   endloop
 endfacet
 facet normal 0.000000000000e+00 -1.000000000000e+00 -0.000000000000e+00
   outer loop
     vertex 1.265000000000e+01 6.450000000000e+00 8.250000000000e+00
     vertex 1.155000000000e+01 6.450000000000e+00 7.600000000000e+00
     vertex 1.265000000000e+01 6.450000000000e+00 7.600000000000e+00
   endloop
 endfacet
 facet normal -0.000000000000e+00 -1.000000000000e+00 0.000000000000e+00
   outer loop
     vertex 1.265000000000e+01 6.450000000000e+00 8.250000000000e+00
     vertex 1.155000000000e+01 6.450000000000e+00 8.250000000000e+00
     vertex 1.155000000000e+01 6.450000000000e+00 7.600000000000e+00
   endloop
 endfacet
 facet normal 0.000000000000e+00 1.000000000000e+00 0.000000000000e+00
   outer loop
     vertex 1.265000000000e+01 7.150000000000e+00 8.250000000000e+00
     vertex 1.265000000000e+01 7.150000000000e+00 7.600000000000e+00
     vertex 1.155000000000e+01 7.150000000000e+00 7.600000000000e+00
   endloop
 endfacet
 facet normal 0.000000000000e+00 1.000000000000e+00 0.000000000000e+00
   outer loop
     vertex 1.265000000000e+01 7.150000000000e+00 8.250000000000e+00
     vertex 1.155000000000e+01 7.150000000000e+00 7.600000000000e+00
     vertex 1.155000000000e+01 7.150000000000e+00 8.250000000000e+00
   endloop
 endfacet
 facet normal -0.000000000000e+00 0.000000000000e+00 -1.000000000000e+00
   outer loop
     vertex 1.265000000000e+01 7.150000000000e+00 7.600000000000e+00
     vertex 1.155000000000e+01 6.450000000000e+00 7.600000000000e+00
     vertex 1.155000000000e+01 7.150000000000e+00 7.600000000000e+00
   endloop
 endfacet
 facet normal 0.000000000000e+00 -0.000000000000e+00 -1.000000000000e+00
   outer loop
     vertex 1.265000000000e+01 7.150000000000e+00 7.600000000000e+00
     vertex 1.265000000000e+01 6.450000000000e+00 7.600000000000e+00
     vertex 1.155000000000e+01 6.450000000000e+00 7.600000000000e+00
   endloop
 endfacet
 facet normal 0.000000000000e+00 0.000000000000e+00 1.000000000000e+00
   outer loop
     vertex 1.265000000000e+01 7.150000000000e+00 8.250000000000e+00
     vertex 1.155000000000e+01 7.150000000000e+00 8.250000000000e+00
     vertex 1.155000000000e+01 6.450000000000e+00 8.250000000000e+00
   endloop
 endfacet
 facet normal 0.000000000000e+00 0.000000000000e+00 1.000000000000e+00
   outer loop
     vertex 1.265000000000e+01 7.150000000000e+00 8.250000000000e+00
     vertex 1.155000000000e+01 6.450000000000e+00 8.250000000000e+00
     vertex 1.265000000000e+01 6.450000000000e+00 8.250000000000e+00
   endloop
 endfacet
endsolid
